variable,frequency,timestep,zfp_level,zfp_size,zfp_ratio,all_zfp_levs
CLOUD,daily,0,100000,219526652.0,1.0,[100000.0]
FLNT,daily,0,14,2607662.0,3.3037675128141606,[14.0]
U,daily,0,14,58510879.0,4.909718686673635,[14.0]
CCN3,daily,0,22,174787669.0,1.5590727856208209,[22.0]
TMQ,daily,0,14,2881041.0,3.2690395589649714,[14.0]
CLOUD,daily,1,100000,219526652.0,1.0,[100000.0]
CLOUD,daily,2,100000,219526652.0,1.0,[100000.0]
TMQ,daily,1,14,2881041.0,3.2690395589649714,[14.0]
LHFLX,daily,0,12,2888908.0,3.619439940628085,[12.0]
FLNT,daily,1,14,2607662.0,3.3037675128141606,[14.0]
CLOUD,daily,3,100000,219526652.0,1.0,[100000.0]
TMQ,daily,2,14,2881041.0,3.2690395589649714,[14.0]
SHFLX,daily,0,14,3905705.0,2.7180265790683116,[14.0]
PRECL,daily,0,12,3316115.0,3.212311696066029,[12.0]
CLOUD,daily,4,100000,219526652.0,1.0,[100000.0]
QFLX,daily,0,12,2892402.0,3.6049501417852707,[12.0]
U,daily,1,16,82211546.0,3.494301834440627,[16.0]
LHFLX,daily,1,12,2888908.0,3.619439940628085,[12.0]
LHFLX,daily,2,12,2888908.0,3.619439940628085,[12.0]
SHFLX,daily,1,12,3075939.0,3.451242043486558,[12.0]
LHFLX,daily,3,12,2888908.0,3.619439940628085,[12.0]
QFLX,daily,1,12,2892402.0,3.6049501417852707,[12.0]
CCN3,daily,1,22,174787669.0,1.5590727856208209,[22.0]
TS,daily,0,18,3159450.0,2.4362610580955546,[18.0]
CCN3,daily,2,22,174787669.0,1.5590727856208209,[22.0]
FSNT,daily,0,14,3123179.0,2.843530261954246,[14.0]
LHFLX,daily,4,12,2888908.0,3.619439940628085,[12.0]
PRECC,daily,0,12,2637643.0,3.162337359528943,[12.0]
FLNT,daily,2,14,2607662.0,3.3037675128141606,[14.0]
TS,daily,1,18,3159450.0,2.4362610580955546,[18.0]
LHFLX,daily,5,12,2888908.0,3.619439940628085,[12.0]
FLNT,daily,3,14,2607662.0,3.3037675128141606,[14.0]
U,daily,2,16,82211546.0,3.494301834440627,[16.0]
TS,daily,2,18,3159450.0,2.4362610580955546,[18.0]
CCN3,daily,3,24,201323009.0,1.3535795006918458,[24.0]
SHFLX,daily,2,12,3075939.0,3.451242043486558,[12.0]
TMQ,daily,3,14,2881041.0,3.2690395589649714,[14.0]
PRECL,daily,1,12,3316115.0,3.212311696066029,[12.0]
TS,daily,3,18,3159450.0,2.4362610580955546,[18.0]
CLOUD,daily,5,100000,219526652.0,1.0,[100000.0]
QFLX,daily,2,12,2892402.0,3.6049501417852707,[12.0]
U,daily,3,16,82211546.0,3.494301834440627,[16.0]
CLOUD,daily,6,100000,219526652.0,1.0,[100000.0]
QFLX,daily,3,12,2892402.0,3.6049501417852707,[12.0]
SHFLX,daily,3,12,3075939.0,3.451242043486558,[12.0]
TMQ,daily,4,14,2881041.0,3.2690395589649714,[14.0]
TS,daily,4,18,3159450.0,2.4362610580955546,[18.0]
FSNT,daily,1,12,2347328.0,3.78338860184857,[12.0]
LHFLX,daily,6,12,2888908.0,3.619439940628085,[12.0]
QFLX,daily,4,12,2892402.0,3.6049501417852707,[12.0]
FLNT,daily,4,14,2607662.0,3.3037675128141606,[14.0]
FSNS,daily,0,12,2619130.0,3.5527896667977537,[12.0]
CLOUD,daily,7,100000,219526652.0,1.0,[100000.0]
FSNT,daily,2,14,3123179.0,2.843530261954246,[14.0]
PRECC,daily,1,12,2637643.0,3.162337359528943,[12.0]
CCN3,daily,4,22,174787669.0,1.5590727856208209,[22.0]
TS,daily,5,18,3159450.0,2.4362610580955546,[18.0]
CCN3,daily,5,22,174787669.0,1.5590727856208209,[22.0]
FSNS,daily,1,12,2619130.0,3.5527896667977537,[12.0]
SHFLX,daily,4,14,3905705.0,2.7180265790683116,[14.0]
PRECL,daily,2,12,3316115.0,3.212311696066029,[12.0]
CLOUD,daily,8,100000,219526652.0,1.0,[100000.0]
PRECC,daily,2,12,2637643.0,3.162337359528943,[12.0]
FSNS,daily,2,12,2619130.0,3.5527896667977537,[12.0]
TS,daily,6,18,3159450.0,2.4362610580955546,[18.0]
FSNS,daily,3,12,2619130.0,3.5527896667977537,[12.0]
PRECL,daily,3,12,3316115.0,3.212311696066029,[12.0]
U,daily,4,16,82211546.0,3.494301834440627,[16.0]
PRECC,daily,3,12,2637643.0,3.162337359528943,[12.0]
LHFLX,daily,7,12,2888908.0,3.619439940628085,[12.0]
QFLX,daily,5,12,2892402.0,3.6049501417852707,[12.0]
SHFLX,daily,5,14,3905705.0,2.7180265790683116,[14.0]
TMQ,daily,5,14,2881041.0,3.2690395589649714,[14.0]
CCN3,daily,6,24,201323009.0,1.3535795006918458,[24.0]
TS,daily,7,18,3159450.0,2.4362610580955546,[18.0]
FLNT,daily,5,14,2607662.0,3.3037675128141606,[14.0]
FSNT,daily,3,12,2347328.0,3.78338860184857,[12.0]
TMQ,daily,6,14,2881041.0,3.2690395589649714,[14.0]
CCN3,daily,7,24,201323009.0,1.3535795006918458,[24.0]
PRECC,daily,4,12,2637643.0,3.162337359528943,[12.0]
PRECL,daily,4,12,3316115.0,3.212311696066029,[12.0]
U,daily,5,16,82211546.0,3.494301834440627,[16.0]
PRECC,daily,5,12,2637643.0,3.162337359528943,[12.0]
QFLX,daily,6,12,2892402.0,3.6049501417852707,[12.0]
CLOUD,daily,9,100000,219526652.0,1.0,[100000.0]
PS,daily,0,20,3735557.0,2.02660567085444,[20.0]
FSNS,daily,4,12,2619130.0,3.5527896667977537,[12.0]
FLNT,daily,6,16,3435410.0,2.507738232117855,[16.0]
FSNT,daily,4,12,2347328.0,3.78338860184857,[12.0]
LHFLX,daily,8,12,2888908.0,3.619439940628085,[12.0]
U,daily,6,16,82211546.0,3.494301834440627,[16.0]
FLNS,daily,0,12,2781877.0,3.571517360400909,[12.0]
TS,daily,8,18,3159450.0,2.4362610580955546,[18.0]
TS,daily,9,18,3159450.0,2.4362610580955546,[18.0]
SHFLX,daily,6,12,3075939.0,3.451242043486558,[12.0]
CCN3,daily,8,22,174787669.0,1.5590727856208209,[22.0]
FSNT,daily,5,12,2347328.0,3.78338860184857,[12.0]
TMQ,daily,7,14,2881041.0,3.2690395589649714,[14.0]
PRECL,daily,5,12,3316115.0,3.212311696066029,[12.0]
PRECC,daily,6,12,2637643.0,3.162337359528943,[12.0]
QFLX,daily,7,12,2892402.0,3.6049501417852707,[12.0]
CLOUD,daily,10,100000,219526652.0,1.0,[100000.0]
FSNS,daily,5,12,2619130.0,3.5527896667977537,[12.0]
FLNT,daily,7,16,3435410.0,2.507738232117855,[16.0]
TS,daily,10,18,3159450.0,2.4362610580955546,[18.0]
U,daily,7,16,82211546.0,3.494301834440627,[16.0]
LHFLX,daily,9,12,2888908.0,3.619439940628085,[12.0]
TMQ,daily,8,12,2085061.0,4.51700789569226,[12.0]
FSNT,daily,6,12,2347328.0,3.78338860184857,[12.0]
CCN3,daily,9,22,174787669.0,1.5590727856208209,[22.0]
PS,daily,1,20,3735557.0,2.02660567085444,[20.0]
TS,daily,11,18,3159450.0,2.4362610580955546,[18.0]
U,daily,8,16,82211546.0,3.494301834440627,[16.0]
SHFLX,daily,7,12,3075939.0,3.451242043486558,[12.0]
QFLX,daily,8,12,2892402.0,3.6049501417852707,[12.0]
FSNS,daily,6,12,2619130.0,3.5527896667977537,[12.0]
PRECC,daily,7,12,2637643.0,3.162337359528943,[12.0]
FLNT,daily,8,16,3435410.0,2.507738232117855,[16.0]
FSNT,daily,7,14,3123179.0,2.843530261954246,[14.0]
FLNS,daily,1,12,2781877.0,3.571517360400909,[12.0]
TMQ,daily,9,14,2881041.0,3.2690395589649714,[14.0]
PS,daily,2,20,3735557.0,2.02660567085444,[20.0]
TS,daily,12,18,3159450.0,2.4362610580955546,[18.0]
CLOUD,daily,11,100000,219526652.0,1.0,[100000.0]
CCN3,daily,10,24,201323009.0,1.3535795006918458,[24.0]
PRECL,daily,6,12,3316115.0,3.212311696066029,[12.0]
FLNT,daily,9,16,3435410.0,2.507738232117855,[16.0]
PRECC,daily,8,12,2637643.0,3.162337359528943,[12.0]
U,daily,9,18,107430722.0,2.674020528317775,[18.0]
LHFLX,daily,10,12,2888908.0,3.619439940628085,[12.0]
TS,daily,13,18,3159450.0,2.4362610580955546,[18.0]
QFLX,daily,9,12,2892402.0,3.6049501417852707,[12.0]
FSNS,daily,7,12,2619130.0,3.5527896667977537,[12.0]
TMQ,daily,10,14,2881041.0,3.2690395589649714,[14.0]
PRECL,daily,7,12,3316115.0,3.212311696066029,[12.0]
SHFLX,daily,8,12,3075939.0,3.451242043486558,[12.0]
FLNT,daily,10,16,3435410.0,2.507738232117855,[16.0]
CLOUD,daily,12,100000,219526652.0,1.0,[100000.0]
CCN3,daily,11,24,201323009.0,1.3535795006918458,[24.0]
FLNS,daily,2,12,2781877.0,3.571517360400909,[12.0]
FSNT,daily,8,14,3123179.0,2.843530261954246,[14.0]
PRECC,daily,9,12,2637643.0,3.162337359528943,[12.0]
LHFLX,daily,11,12,2888908.0,3.619439940628085,[12.0]
FSNT,daily,9,12,2347328.0,3.78338860184857,[12.0]
PS,daily,3,20,3735557.0,2.02660567085444,[20.0]
U,daily,10,16,82211546.0,3.494301834440627,[16.0]
FSNS,daily,8,12,2619130.0,3.5527896667977537,[12.0]
TMQ,daily,11,14,2881041.0,3.2690395589649714,[14.0]
QFLX,daily,10,12,2892402.0,3.6049501417852707,[12.0]
TMQ,daily,12,14,2881041.0,3.2690395589649714,[14.0]
FLNT,daily,11,16,3435410.0,2.507738232117855,[16.0]
TMQ,daily,13,14,2881041.0,3.2690395589649714,[14.0]
FLNS,daily,3,12,2781877.0,3.571517360400909,[12.0]
PRECC,daily,10,12,2637643.0,3.162337359528943,[12.0]
LHFLX,daily,12,12,2888908.0,3.619439940628085,[12.0]
SHFLX,daily,9,12,3075939.0,3.451242043486558,[12.0]
TS,daily,14,18,3159450.0,2.4362610580955546,[18.0]
PRECL,daily,8,12,3316115.0,3.212311696066029,[12.0]
TMQ,daily,14,14,2881041.0,3.2690395589649714,[14.0]
U,daily,11,16,82211546.0,3.494301834440627,[16.0]
CLOUD,daily,13,100000,219526652.0,1.0,[100000.0]
CCN3,daily,12,24,201323009.0,1.3535795006918458,[24.0]
QFLX,daily,11,12,2892402.0,3.6049501417852707,[12.0]
FSNT,daily,10,12,2347328.0,3.78338860184857,[12.0]
FLNT,daily,12,16,3435410.0,2.507738232117855,[16.0]
PS,daily,4,20,3735557.0,2.02660567085444,[20.0]
LHFLX,daily,13,12,2888908.0,3.619439940628085,[12.0]
FSNS,daily,9,12,2619130.0,3.5527896667977537,[12.0]
PRECC,daily,11,12,2637643.0,3.162337359528943,[12.0]
SHFLX,daily,10,12,3075939.0,3.451242043486558,[12.0]
TS,daily,15,18,3159450.0,2.4362610580955546,[18.0]
FLNS,daily,4,12,2781877.0,3.571517360400909,[12.0]
TMQ,daily,15,14,2881041.0,3.2690395589649714,[14.0]
CCN3,daily,13,24,201323009.0,1.3535795006918458,[24.0]
QFLX,daily,12,12,2892402.0,3.6049501417852707,[12.0]
U,daily,12,14,58510879.0,4.909718686673635,[14.0]
TS,daily,16,18,3159450.0,2.4362610580955546,[18.0]
FSNT,daily,11,12,2347328.0,3.78338860184857,[12.0]
FLNT,daily,13,14,2607662.0,3.3037675128141606,[14.0]
PRECL,daily,9,14,4145483.0,2.569639050503886,[14.0]
LHFLX,daily,14,12,2888908.0,3.619439940628085,[12.0]
PRECC,daily,12,12,2637643.0,3.162337359528943,[12.0]
CLOUD,daily,14,100000,219526652.0,1.0,[100000.0]
PS,daily,5,20,3735557.0,2.02660567085444,[20.0]
FLNS,daily,5,12,2781877.0,3.571517360400909,[12.0]
SHFLX,daily,11,12,3075939.0,3.451242043486558,[12.0]
LHFLX,daily,15,12,2888908.0,3.619439940628085,[12.0]
TMQ,daily,16,14,2881041.0,3.2690395589649714,[14.0]
TS,daily,17,18,3159450.0,2.4362610580955546,[18.0]
CLOUD,daily,15,100000,219526652.0,1.0,[100000.0]
CCN3,daily,14,22,174787669.0,1.5590727856208209,[22.0]
U,daily,13,14,58510879.0,4.909718686673635,[14.0]
FLNT,daily,14,14,2607662.0,3.3037675128141606,[14.0]
FSNS,daily,10,12,2619130.0,3.5527896667977537,[12.0]
PRECC,daily,13,12,2637643.0,3.162337359528943,[12.0]
QFLX,daily,13,12,2892402.0,3.6049501417852707,[12.0]
FSNT,daily,12,12,2347328.0,3.78338860184857,[12.0]
TMQ,daily,17,14,2881041.0,3.2690395589649714,[14.0]
PRECL,daily,10,12,3316115.0,3.212311696066029,[12.0]
FLNT,daily,15,14,2607662.0,3.3037675128141606,[14.0]
LHFLX,daily,16,12,2888908.0,3.619439940628085,[12.0]
PS,daily,6,20,3735557.0,2.02660567085444,[20.0]
TS,daily,18,18,3159450.0,2.4362610580955546,[18.0]
CCN3,daily,15,22,174787669.0,1.5590727856208209,[22.0]
FLNS,daily,6,12,2781877.0,3.571517360400909,[12.0]
FLNT,daily,16,14,2607662.0,3.3037675128141606,[14.0]
PRECC,daily,14,12,2637643.0,3.162337359528943,[12.0]
QFLX,daily,14,12,2892402.0,3.6049501417852707,[12.0]
TMQ,daily,18,14,2881041.0,3.2690395589649714,[14.0]
U,daily,14,16,82211546.0,3.494301834440627,[16.0]
CLOUD,daily,16,100000,219526652.0,1.0,[100000.0]
SHFLX,daily,12,12,3075939.0,3.451242043486558,[12.0]
FSNT,daily,13,12,2347328.0,3.78338860184857,[12.0]
PRECC,daily,15,12,2637643.0,3.162337359528943,[12.0]
TS,daily,19,18,3159450.0,2.4362610580955546,[18.0]
CCN3,daily,16,22,174787669.0,1.5590727856208209,[22.0]
PRECL,daily,11,12,3316115.0,3.212311696066029,[12.0]
FSNS,daily,11,12,2619130.0,3.5527896667977537,[12.0]
LHFLX,daily,17,12,2888908.0,3.619439940628085,[12.0]
FLNT,daily,17,16,3435410.0,2.507738232117855,[16.0]
FLNS,daily,7,12,2781877.0,3.571517360400909,[12.0]
PS,daily,7,20,3735557.0,2.02660567085444,[20.0]
TMQ,daily,19,12,2085061.0,4.51700789569226,[12.0]
U,daily,15,16,82211546.0,3.494301834440627,[16.0]
TS,daily,20,18,3159450.0,2.4362610580955546,[18.0]
QFLX,daily,15,12,2892402.0,3.6049501417852707,[12.0]
PRECC,daily,16,12,2637643.0,3.162337359528943,[12.0]
CCN3,daily,17,22,174787669.0,1.5590727856208209,[22.0]
FSNS,daily,12,12,2619130.0,3.5527896667977537,[12.0]
SHFLX,daily,13,12,3075939.0,3.451242043486558,[12.0]
PRECL,daily,12,12,3316115.0,3.212311696066029,[12.0]
LHFLX,daily,18,12,2888908.0,3.619439940628085,[12.0]
FLNT,daily,18,16,3435410.0,2.507738232117855,[16.0]
FSNT,daily,14,14,3123179.0,2.843530261954246,[14.0]
FLNS,daily,8,12,2781877.0,3.571517360400909,[12.0]
PS,daily,8,20,3735557.0,2.02660567085444,[20.0]
TMQ,daily,20,14,2881041.0,3.2690395589649714,[14.0]
PRECC,daily,17,12,2637643.0,3.162337359528943,[12.0]
CLOUD,daily,17,100000,219526652.0,1.0,[100000.0]
TS,daily,21,18,3159450.0,2.4362610580955546,[18.0]
U,daily,16,16,82211546.0,3.494301834440627,[16.0]
PRECC,daily,18,12,2637643.0,3.162337359528943,[12.0]
FSNS,daily,13,12,2619130.0,3.5527896667977537,[12.0]
SHFLX,daily,14,12,3075939.0,3.451242043486558,[12.0]
FLNT,daily,19,14,2607662.0,3.3037675128141606,[14.0]
LHFLX,daily,19,12,2888908.0,3.619439940628085,[12.0]
PRECL,daily,13,12,3316115.0,3.212311696066029,[12.0]
FLNS,daily,9,12,2781877.0,3.571517360400909,[12.0]
CCN3,daily,18,24,201323009.0,1.3535795006918458,[24.0]
FSNT,daily,15,14,3123179.0,2.843530261954246,[14.0]
TS,daily,22,18,3159450.0,2.4362610580955546,[18.0]
QFLX,daily,16,12,2892402.0,3.6049501417852707,[12.0]
PRECC,daily,19,12,2637643.0,3.162337359528943,[12.0]
FSNS,daily,14,12,2619130.0,3.5527896667977537,[12.0]
FSNT,daily,16,14,3123179.0,2.843530261954246,[14.0]
PS,daily,9,20,3735557.0,2.02660567085444,[20.0]
CLOUD,daily,18,100000,219526652.0,1.0,[100000.0]
FLNT,daily,20,14,2607662.0,3.3037675128141606,[14.0]
PRECC,daily,20,12,2637643.0,3.162337359528943,[12.0]
TMQ,daily,21,14,2881041.0,3.2690395589649714,[14.0]
U,daily,17,16,82211546.0,3.494301834440627,[16.0]
CCN3,daily,19,24,201323009.0,1.3535795006918458,[24.0]
FLNS,daily,10,12,2781877.0,3.571517360400909,[12.0]
TS,daily,23,18,3159450.0,2.4362610580955546,[18.0]
PS,daily,10,20,3735557.0,2.02660567085444,[20.0]
QFLX,daily,17,12,2892402.0,3.6049501417852707,[12.0]
CLOUD,daily,19,100000,219526652.0,1.0,[100000.0]
PRECL,daily,14,12,3316115.0,3.212311696066029,[12.0]
FSNT,daily,17,12,2347328.0,3.78338860184857,[12.0]
SHFLX,daily,15,12,3075939.0,3.451242043486558,[12.0]
PRECC,daily,21,12,2637643.0,3.162337359528943,[12.0]
FLNT,daily,21,16,3435410.0,2.507738232117855,[16.0]
LHFLX,daily,20,12,2888908.0,3.619439940628085,[12.0]
TMQ,daily,22,14,2881041.0,3.2690395589649714,[14.0]
CCN3,daily,20,24,201323009.0,1.3535795006918458,[24.0]
TS,daily,24,20,3969868.0,1.9389171126092857,[20.0]
PS,daily,11,20,3735557.0,2.02660567085444,[20.0]
FSNS,daily,15,12,2619130.0,3.5527896667977537,[12.0]
QFLX,daily,18,12,2892402.0,3.6049501417852707,[12.0]
U,daily,18,16,82211546.0,3.494301834440627,[16.0]
FSNT,daily,18,12,2347328.0,3.78338860184857,[12.0]
FLNS,daily,11,12,2781877.0,3.571517360400909,[12.0]
CLOUD,daily,20,100000,219526652.0,1.0,[100000.0]
QFLX,daily,19,12,2892402.0,3.6049501417852707,[12.0]
PRECL,daily,15,12,3316115.0,3.212311696066029,[12.0]
QFLX,daily,20,12,2892402.0,3.6049501417852707,[12.0]
CCN3,daily,21,22,174787669.0,1.5590727856208209,[22.0]
FSNT,daily,19,12,2347328.0,3.78338860184857,[12.0]
TS,daily,25,20,3969868.0,1.9389171126092857,[20.0]
PRECC,daily,22,12,2637643.0,3.162337359528943,[12.0]
FLNT,daily,22,16,3435410.0,2.507738232117855,[16.0]
U,daily,19,16,82211546.0,3.494301834440627,[16.0]
LHFLX,daily,21,12,2888908.0,3.619439940628085,[12.0]
SHFLX,daily,16,12,3075939.0,3.451242043486558,[12.0]
FLNS,daily,12,12,2781877.0,3.571517360400909,[12.0]
TMQ,daily,23,14,2881041.0,3.2690395589649714,[14.0]
PS,daily,12,20,3735557.0,2.02660567085444,[20.0]
PRECC,daily,23,12,2637643.0,3.162337359528943,[12.0]
FSNS,daily,16,12,2619130.0,3.5527896667977537,[12.0]
CLOUD,daily,21,100000,219526652.0,1.0,[100000.0]
CCN3,daily,22,22,174787669.0,1.5590727856208209,[22.0]
LHFLX,daily,22,12,2888908.0,3.619439940628085,[12.0]
TS,daily,26,18,3159450.0,2.4362610580955546,[18.0]
FLNS,daily,13,12,2781877.0,3.571517360400909,[12.0]
FSNS,daily,17,12,2619130.0,3.5527896667977537,[12.0]
PRECL,daily,16,12,3316115.0,3.212311696066029,[12.0]
FSNS,daily,18,12,2619130.0,3.5527896667977537,[12.0]
TMQ,daily,24,14,2881041.0,3.2690395589649714,[14.0]
PRECC,daily,24,12,2637643.0,3.162337359528943,[12.0]
FLNT,daily,23,16,3435410.0,2.507738232117855,[16.0]
QFLX,daily,21,12,2892402.0,3.6049501417852707,[12.0]
CLOUD,daily,22,100000,219526652.0,1.0,[100000.0]
FSNT,daily,20,14,3123179.0,2.843530261954246,[14.0]
LHFLX,daily,23,12,2888908.0,3.619439940628085,[12.0]
PS,daily,13,20,3735557.0,2.02660567085444,[20.0]
CCN3,daily,23,22,174787669.0,1.5590727856208209,[22.0]
TS,daily,27,18,3159450.0,2.4362610580955546,[18.0]
FLNS,daily,14,12,2781877.0,3.571517360400909,[12.0]
TS,daily,28,18,3159450.0,2.4362610580955546,[18.0]
FLNT,daily,24,16,3435410.0,2.507738232117855,[16.0]
QFLX,daily,22,12,2892402.0,3.6049501417852707,[12.0]
U,daily,20,14,58510879.0,4.909718686673635,[14.0]
PRECC,daily,25,12,2637643.0,3.162337359528943,[12.0]
TS,daily,29,18,3159450.0,2.4362610580955546,[18.0]
FSNS,daily,19,12,2619130.0,3.5527896667977537,[12.0]
SHFLX,daily,17,12,3075939.0,3.451242043486558,[12.0]
CLOUD,daily,23,100000,219526652.0,1.0,[100000.0]
CCN3,daily,24,22,174787669.0,1.5590727856208209,[22.0]
FLNS,daily,15,12,2781877.0,3.571517360400909,[12.0]
QFLX,daily,23,12,2892402.0,3.6049501417852707,[12.0]
PRECC,daily,26,12,2637643.0,3.162337359528943,[12.0]
FLNT,daily,25,16,3435410.0,2.507738232117855,[16.0]
PRECL,daily,17,12,3316115.0,3.212311696066029,[12.0]
SHFLX,daily,18,12,3075939.0,3.451242043486558,[12.0]
TMQ,daily,25,14,2881041.0,3.2690395589649714,[14.0]
FSNT,daily,21,14,3123179.0,2.843530261954246,[14.0]
TS,daily,30,18,3159450.0,2.4362610580955546,[18.0]
FSNS,daily,20,12,2619130.0,3.5527896667977537,[12.0]
FLNT,daily,26,16,3435410.0,2.507738232117855,[16.0]
PS,daily,14,20,3735557.0,2.02660567085444,[20.0]
U,daily,21,16,82211546.0,3.494301834440627,[16.0]
LHFLX,daily,24,12,2888908.0,3.619439940628085,[12.0]
CCN3,daily,25,22,174787669.0,1.5590727856208209,[22.0]
QFLX,daily,24,12,2892402.0,3.6049501417852707,[12.0]
PRECC,daily,27,12,2637643.0,3.162337359528943,[12.0]
PRECL,daily,18,12,3316115.0,3.212311696066029,[12.0]
TMQ,daily,26,14,2881041.0,3.2690395589649714,[14.0]
FLNS,daily,16,12,2781877.0,3.571517360400909,[12.0]
LHFLX,daily,25,12,2888908.0,3.619439940628085,[12.0]
SHFLX,daily,19,14,3905705.0,2.7180265790683116,[14.0]
QFLX,daily,25,12,2892402.0,3.6049501417852707,[12.0]
FLNT,daily,27,14,2607662.0,3.3037675128141606,[14.0]
PRECC,daily,28,12,2637643.0,3.162337359528943,[12.0]
CLOUD,daily,24,24,181960442.0,1.206452620070026,[24.0]
FSNT,daily,22,12,2347328.0,3.78338860184857,[12.0]
PS,daily,15,20,3735557.0,2.02660567085444,[20.0]
TS,daily,31,18,3159450.0,2.4362610580955546,[18.0]
FSNS,daily,21,12,2619130.0,3.5527896667977537,[12.0]
CCN3,daily,26,24,201323009.0,1.3535795006918458,[24.0]
U,daily,22,16,82211546.0,3.494301834440627,[16.0]
PRECC,daily,29,12,2637643.0,3.162337359528943,[12.0]
TMQ,daily,27,14,2881041.0,3.2690395589649714,[14.0]
SHFLX,daily,20,12,3075939.0,3.451242043486558,[12.0]
QFLX,daily,26,12,2892402.0,3.6049501417852707,[12.0]
CCN3,daily,27,22,174787669.0,1.5590727856208209,[22.0]
PRECL,daily,19,12,3316115.0,3.212311696066029,[12.0]
CLOUD,daily,25,100000,219526652.0,1.0,[100000.0]
FLNT,daily,28,14,2607662.0,3.3037675128141606,[14.0]
FLNS,daily,17,12,2781877.0,3.571517360400909,[12.0]
PS,daily,16,20,3735557.0,2.02660567085444,[20.0]
U,daily,23,14,58510879.0,4.909718686673635,[14.0]
TMQ,daily,28,14,2881041.0,3.2690395589649714,[14.0]
FSNS,daily,22,12,2619130.0,3.5527896667977537,[12.0]
TS,daily,32,18,3159450.0,2.4362610580955546,[18.0]
PRECC,daily,30,12,2637643.0,3.162337359528943,[12.0]
PS,daily,17,20,3735557.0,2.02660567085444,[20.0]
SHFLX,daily,21,12,3075939.0,3.451242043486558,[12.0]
QFLX,daily,27,12,2892402.0,3.6049501417852707,[12.0]
LHFLX,daily,26,12,2888908.0,3.619439940628085,[12.0]
CLOUD,daily,26,100000,219526652.0,1.0,[100000.0]
CCN3,daily,28,22,174787669.0,1.5590727856208209,[22.0]
FLNT,daily,29,16,3435410.0,2.507738232117855,[16.0]
CCN3,daily,29,24,201323009.0,1.3535795006918458,[24.0]
FSNT,daily,23,14,3123179.0,2.843530261954246,[14.0]
TS,daily,33,18,3159450.0,2.4362610580955546,[18.0]
PRECL,daily,20,12,3316115.0,3.212311696066029,[12.0]
FLNS,daily,18,12,2781877.0,3.571517360400909,[12.0]
CCN3,daily,30,22,174787669.0,1.5590727856208209,[22.0]
FSNT,daily,24,12,2347328.0,3.78338860184857,[12.0]
QFLX,daily,28,12,2892402.0,3.6049501417852707,[12.0]
U,daily,24,16,82211546.0,3.494301834440627,[16.0]
PRECL,daily,21,12,3316115.0,3.212311696066029,[12.0]
FLNT,daily,30,16,3435410.0,2.507738232117855,[16.0]
PRECC,daily,31,12,2637643.0,3.162337359528943,[12.0]
CCN3,daily,31,22,174787669.0,1.5590727856208209,[22.0]
TS,daily,34,18,3159450.0,2.4362610580955546,[18.0]
PS,daily,18,20,3735557.0,2.02660567085444,[20.0]
SHFLX,daily,22,12,3075939.0,3.451242043486558,[12.0]
LHFLX,daily,27,12,2888908.0,3.619439940628085,[12.0]
CLOUD,daily,27,100000,219526652.0,1.0,[100000.0]
PRECL,daily,22,12,3316115.0,3.212311696066029,[12.0]
FSNS,daily,23,12,2619130.0,3.5527896667977537,[12.0]
QFLX,daily,29,12,2892402.0,3.6049501417852707,[12.0]
TMQ,daily,29,14,2881041.0,3.2690395589649714,[14.0]
U,daily,25,16,82211546.0,3.494301834440627,[16.0]
FLNT,daily,31,16,3435410.0,2.507738232117855,[16.0]
FSNT,daily,25,12,2347328.0,3.78338860184857,[12.0]
PRECC,daily,32,12,2637643.0,3.162337359528943,[12.0]
CCN3,daily,32,22,174787669.0,1.5590727856208209,[22.0]
TS,daily,35,18,3159450.0,2.4362610580955546,[18.0]
LHFLX,daily,28,12,2888908.0,3.619439940628085,[12.0]
FLNS,daily,19,12,2781877.0,3.571517360400909,[12.0]
SHFLX,daily,23,12,3075939.0,3.451242043486558,[12.0]
TS,daily,36,18,3159450.0,2.4362610580955546,[18.0]
PS,daily,19,20,3735557.0,2.02660567085444,[20.0]
QFLX,daily,30,12,2892402.0,3.6049501417852707,[12.0]
TMQ,daily,30,14,2881041.0,3.2690395589649714,[14.0]
U,daily,26,14,58510879.0,4.909718686673635,[14.0]
FLNT,daily,32,16,3435410.0,2.507738232117855,[16.0]
FSNS,daily,24,12,2619130.0,3.5527896667977537,[12.0]
FSNT,daily,26,12,2347328.0,3.78338860184857,[12.0]
PRECL,daily,23,12,3316115.0,3.212311696066029,[12.0]
CLOUD,daily,28,100000,219526652.0,1.0,[100000.0]
PRECC,daily,33,12,2637643.0,3.162337359528943,[12.0]
LHFLX,daily,29,12,2888908.0,3.619439940628085,[12.0]
CCN3,daily,33,22,174787669.0,1.5590727856208209,[22.0]
TS,daily,37,20,3969868.0,1.9389171126092857,[20.0]
QFLX,daily,31,12,2892402.0,3.6049501417852707,[12.0]
FLNS,daily,20,12,2781877.0,3.571517360400909,[12.0]
U,daily,27,14,58510879.0,4.909718686673635,[14.0]
LHFLX,daily,30,12,2888908.0,3.619439940628085,[12.0]
FSNT,daily,27,14,3123179.0,2.843530261954246,[14.0]
PS,daily,20,20,3735557.0,2.02660567085444,[20.0]
FSNS,daily,25,12,2619130.0,3.5527896667977537,[12.0]
FLNT,daily,33,16,3435410.0,2.507738232117855,[16.0]
PRECC,daily,34,12,2637643.0,3.162337359528943,[12.0]
CCN3,daily,34,22,174787669.0,1.5590727856208209,[22.0]
SHFLX,daily,24,12,3075939.0,3.451242043486558,[12.0]
FSNT,daily,28,14,3123179.0,2.843530261954246,[14.0]
CLOUD,daily,29,100000,219526652.0,1.0,[100000.0]
TMQ,daily,31,14,2881041.0,3.2690395589649714,[14.0]
TS,daily,38,18,3159450.0,2.4362610580955546,[18.0]
QFLX,daily,32,12,2892402.0,3.6049501417852707,[12.0]
LHFLX,daily,31,12,2888908.0,3.619439940628085,[12.0]
U,daily,28,16,82211546.0,3.494301834440627,[16.0]
PRECL,daily,24,12,3316115.0,3.212311696066029,[12.0]
FSNS,daily,26,12,2619130.0,3.5527896667977537,[12.0]
PRECC,daily,35,12,2637643.0,3.162337359528943,[12.0]
FLNT,daily,34,16,3435410.0,2.507738232117855,[16.0]
CCN3,daily,35,22,174787669.0,1.5590727856208209,[22.0]
FLNS,daily,21,12,2781877.0,3.571517360400909,[12.0]
PS,daily,21,20,3735557.0,2.02660567085444,[20.0]
FSNT,daily,29,12,2347328.0,3.78338860184857,[12.0]
TS,daily,39,18,3159450.0,2.4362610580955546,[18.0]
CCN3,daily,36,24,201323009.0,1.3535795006918458,[24.0]
SHFLX,daily,25,12,3075939.0,3.451242043486558,[12.0]
U,daily,29,14,58510879.0,4.909718686673635,[14.0]
CLOUD,daily,30,100000,219526652.0,1.0,[100000.0]
PRECL,daily,25,12,3316115.0,3.212311696066029,[12.0]
FSNS,daily,27,12,2619130.0,3.5527896667977537,[12.0]
PRECC,daily,36,10,1987227.0,4.1973649713897805,[10.0]
FLNT,daily,35,16,3435410.0,2.507738232117855,[16.0]
QFLX,daily,33,12,2892402.0,3.6049501417852707,[12.0]
TMQ,daily,32,14,2881041.0,3.2690395589649714,[14.0]
LHFLX,daily,32,12,2888908.0,3.619439940628085,[12.0]
CCN3,daily,37,24,201323009.0,1.3535795006918458,[24.0]
PS,daily,22,20,3735557.0,2.02660567085444,[20.0]
FSNT,daily,30,12,2347328.0,3.78338860184857,[12.0]
FLNS,daily,22,12,2781877.0,3.571517360400909,[12.0]
U,daily,30,16,82211546.0,3.494301834440627,[16.0]
CLOUD,daily,31,100000,219526652.0,1.0,[100000.0]
PRECL,daily,26,12,3316115.0,3.212311696066029,[12.0]
FSNS,daily,28,12,2619130.0,3.5527896667977537,[12.0]
TS,daily,40,18,3159450.0,2.4362610580955546,[18.0]
LHFLX,daily,33,12,2888908.0,3.619439940628085,[12.0]
FLNT,daily,36,16,3435410.0,2.507738232117855,[16.0]
CCN3,daily,38,24,201323009.0,1.3535795006918458,[24.0]
QFLX,daily,34,12,2892402.0,3.6049501417852707,[12.0]
SHFLX,daily,26,12,3075939.0,3.451242043486558,[12.0]
PRECC,daily,37,12,2637643.0,3.162337359528943,[12.0]
PS,daily,23,20,3735557.0,2.02660567085444,[20.0]
TMQ,daily,33,14,2881041.0,3.2690395589649714,[14.0]
FSNT,daily,31,12,2347328.0,3.78338860184857,[12.0]
U,daily,31,16,82211546.0,3.494301834440627,[16.0]
PS,daily,24,20,3735557.0,2.02660567085444,[20.0]
TS,daily,41,18,3159450.0,2.4362610580955546,[18.0]
FSNS,daily,29,12,2619130.0,3.5527896667977537,[12.0]
SHFLX,daily,27,12,3075939.0,3.451242043486558,[12.0]
LHFLX,daily,34,12,2888908.0,3.619439940628085,[12.0]
FLNT,daily,37,16,3435410.0,2.507738232117855,[16.0]
CCN3,daily,39,24,201323009.0,1.3535795006918458,[24.0]
FLNS,daily,23,12,2781877.0,3.571517360400909,[12.0]
PRECC,daily,38,12,2637643.0,3.162337359528943,[12.0]
QFLX,daily,35,12,2892402.0,3.6049501417852707,[12.0]
CLOUD,daily,32,100000,219526652.0,1.0,[100000.0]
PRECL,daily,27,12,3316115.0,3.212311696066029,[12.0]
U,daily,32,16,82211546.0,3.494301834440627,[16.0]
CCN3,daily,40,24,201323009.0,1.3535795006918458,[24.0]
TS,daily,42,18,3159450.0,2.4362610580955546,[18.0]
FSNS,daily,30,12,2619130.0,3.5527896667977537,[12.0]
LHFLX,daily,35,12,2888908.0,3.619439940628085,[12.0]
FLNT,daily,38,16,3435410.0,2.507738232117855,[16.0]
FSNT,daily,32,12,2347328.0,3.78338860184857,[12.0]
FLNS,daily,24,12,2781877.0,3.571517360400909,[12.0]
TMQ,daily,34,14,2881041.0,3.2690395589649714,[14.0]
PRECC,daily,39,12,2637643.0,3.162337359528943,[12.0]
TMQ,daily,35,14,2881041.0,3.2690395589649714,[14.0]
PS,daily,25,20,3735557.0,2.02660567085444,[20.0]
SHFLX,daily,28,12,3075939.0,3.451242043486558,[12.0]
QFLX,daily,36,12,2892402.0,3.6049501417852707,[12.0]
CCN3,daily,41,24,201323009.0,1.3535795006918458,[24.0]
U,daily,33,16,82211546.0,3.494301834440627,[16.0]
TS,daily,43,18,3159450.0,2.4362610580955546,[18.0]
CLOUD,daily,33,100000,219526652.0,1.0,[100000.0]
FLNT,daily,39,14,2607662.0,3.3037675128141606,[14.0]
LHFLX,daily,36,12,2888908.0,3.619439940628085,[12.0]
FSNT,daily,33,14,3123179.0,2.843530261954246,[14.0]
PRECC,daily,40,12,2637643.0,3.162337359528943,[12.0]
PRECL,daily,28,12,3316115.0,3.212311696066029,[12.0]
FSNS,daily,31,12,2619130.0,3.5527896667977537,[12.0]
FLNS,daily,25,12,2781877.0,3.571517360400909,[12.0]
CCN3,daily,42,24,201323009.0,1.3535795006918458,[24.0]
U,daily,34,16,82211546.0,3.494301834440627,[16.0]
TMQ,daily,36,14,2881041.0,3.2690395589649714,[14.0]
TS,daily,44,18,3159450.0,2.4362610580955546,[18.0]
QFLX,daily,37,12,2892402.0,3.6049501417852707,[12.0]
SHFLX,daily,29,12,3075939.0,3.451242043486558,[12.0]
FSNS,daily,32,12,2619130.0,3.5527896667977537,[12.0]
FLNT,daily,40,14,2607662.0,3.3037675128141606,[14.0]
PRECC,daily,41,12,2637643.0,3.162337359528943,[12.0]
PS,daily,26,20,3735557.0,2.02660567085444,[20.0]
PRECL,daily,29,12,3316115.0,3.212311696066029,[12.0]
TMQ,daily,37,14,2881041.0,3.2690395589649714,[14.0]
CLOUD,daily,34,100000,219526652.0,1.0,[100000.0]
FSNT,daily,34,14,3123179.0,2.843530261954246,[14.0]
TS,daily,45,18,3159450.0,2.4362610580955546,[18.0]
QFLX,daily,38,12,2892402.0,3.6049501417852707,[12.0]
SHFLX,daily,30,14,3905705.0,2.7180265790683116,[14.0]
CCN3,daily,43,22,174787669.0,1.5590727856208209,[22.0]
FLNS,daily,26,12,2781877.0,3.571517360400909,[12.0]
LHFLX,daily,37,12,2888908.0,3.619439940628085,[12.0]
U,daily,35,16,82211546.0,3.494301834440627,[16.0]
SHFLX,daily,31,14,3905705.0,2.7180265790683116,[14.0]
FLNT,daily,41,16,3435410.0,2.507738232117855,[16.0]
PRECC,daily,42,12,2637643.0,3.162337359528943,[12.0]
CCN3,daily,44,22,174787669.0,1.5590727856208209,[22.0]
FSNS,daily,33,12,2619130.0,3.5527896667977537,[12.0]
TS,daily,46,18,3159450.0,2.4362610580955546,[18.0]
FSNT,daily,35,14,3123179.0,2.843530261954246,[14.0]
QFLX,daily,39,12,2892402.0,3.6049501417852707,[12.0]
FSNT,daily,36,12,2347328.0,3.78338860184857,[12.0]
PS,daily,27,20,3735557.0,2.02660567085444,[20.0]
FLNS,daily,27,12,2781877.0,3.571517360400909,[12.0]
PRECC,daily,43,12,2637643.0,3.162337359528943,[12.0]
CCN3,daily,45,22,174787669.0,1.5590727856208209,[22.0]
LHFLX,daily,38,12,2888908.0,3.619439940628085,[12.0]
TS,daily,47,18,3159450.0,2.4362610580955546,[18.0]
FLNT,daily,42,14,2607662.0,3.3037675128141606,[14.0]
PRECL,daily,30,12,3316115.0,3.212311696066029,[12.0]
PS,daily,28,20,3735557.0,2.02660567085444,[20.0]
FLNS,daily,28,12,2781877.0,3.571517360400909,[12.0]
FLNT,daily,43,14,2607662.0,3.3037675128141606,[14.0]
SHFLX,daily,32,12,3075939.0,3.451242043486558,[12.0]
TMQ,daily,38,14,2881041.0,3.2690395589649714,[14.0]
CLOUD,daily,35,100000,219526652.0,1.0,[100000.0]
PRECC,daily,44,12,2637643.0,3.162337359528943,[12.0]
U,daily,36,16,82211546.0,3.494301834440627,[16.0]
CCN3,daily,46,24,201323009.0,1.3535795006918458,[24.0]
FSNT,daily,37,12,2347328.0,3.78338860184857,[12.0]
QFLX,daily,40,12,2892402.0,3.6049501417852707,[12.0]
FSNS,daily,34,12,2619130.0,3.5527896667977537,[12.0]
LHFLX,daily,39,12,2888908.0,3.619439940628085,[12.0]
FLNT,daily,44,14,2607662.0,3.3037675128141606,[14.0]
TS,daily,48,18,3159450.0,2.4362610580955546,[18.0]
PS,daily,29,20,3735557.0,2.02660567085444,[20.0]
FSNS,daily,35,12,2619130.0,3.5527896667977537,[12.0]
PRECC,daily,45,12,2637643.0,3.162337359528943,[12.0]
TMQ,daily,39,14,2881041.0,3.2690395589649714,[14.0]
SHFLX,daily,33,12,3075939.0,3.451242043486558,[12.0]
CLOUD,daily,36,100000,219526652.0,1.0,[100000.0]
U,daily,37,16,82211546.0,3.494301834440627,[16.0]
CLOUD,daily,37,24,181960442.0,1.206452620070026,[24.0]
PS,daily,30,20,3735557.0,2.02660567085444,[20.0]
CCN3,daily,47,22,174787669.0,1.5590727856208209,[22.0]
QFLX,daily,41,12,2892402.0,3.6049501417852707,[12.0]
TS,daily,49,20,3969868.0,1.9389171126092857,[20.0]
FLNS,daily,29,12,2781877.0,3.571517360400909,[12.0]
TMQ,daily,40,14,2881041.0,3.2690395589649714,[14.0]
FSNT,daily,38,12,2347328.0,3.78338860184857,[12.0]
FLNT,daily,45,16,3435410.0,2.507738232117855,[16.0]
CCN3,daily,48,22,174787669.0,1.5590727856208209,[22.0]
FSNS,daily,36,12,2619130.0,3.5527896667977537,[12.0]
PRECC,daily,46,12,2637643.0,3.162337359528943,[12.0]
LHFLX,daily,40,12,2888908.0,3.619439940628085,[12.0]
PRECC,daily,47,12,2637643.0,3.162337359528943,[12.0]
PS,daily,31,20,3735557.0,2.02660567085444,[20.0]
PRECL,daily,31,12,3316115.0,3.212311696066029,[12.0]
QFLX,daily,42,12,2892402.0,3.6049501417852707,[12.0]
SHFLX,daily,34,12,3075939.0,3.451242043486558,[12.0]
FLNS,daily,30,12,2781877.0,3.571517360400909,[12.0]
TMQ,daily,41,14,2881041.0,3.2690395589649714,[14.0]
U,daily,38,16,82211546.0,3.494301834440627,[16.0]
CLOUD,daily,38,100000,219526652.0,1.0,[100000.0]
FLNT,daily,46,14,2607662.0,3.3037675128141606,[14.0]
FSNS,daily,37,12,2619130.0,3.5527896667977537,[12.0]
TS,daily,50,18,3159450.0,2.4362610580955546,[18.0]
CCN3,daily,49,22,174787669.0,1.5590727856208209,[22.0]
LHFLX,daily,41,12,2888908.0,3.619439940628085,[12.0]
CLOUD,daily,39,100000,219526652.0,1.0,[100000.0]
PRECC,daily,48,12,2637643.0,3.162337359528943,[12.0]
QFLX,daily,43,12,2892402.0,3.6049501417852707,[12.0]
FSNT,daily,39,12,2347328.0,3.78338860184857,[12.0]
U,daily,39,16,82211546.0,3.494301834440627,[16.0]
TMQ,daily,42,14,2881041.0,3.2690395589649714,[14.0]
PS,daily,32,20,3735557.0,2.02660567085444,[20.0]
PRECL,daily,32,12,3316115.0,3.212311696066029,[12.0]
FLNS,daily,31,12,2781877.0,3.571517360400909,[12.0]
TS,daily,51,18,3159450.0,2.4362610580955546,[18.0]
SHFLX,daily,35,12,3075939.0,3.451242043486558,[12.0]
U,daily,40,14,58510879.0,4.909718686673635,[14.0]
PRECC,daily,49,12,2637643.0,3.162337359528943,[12.0]
CLOUD,daily,40,100000,219526652.0,1.0,[100000.0]
QFLX,daily,44,12,2892402.0,3.6049501417852707,[12.0]
PRECL,daily,33,12,3316115.0,3.212311696066029,[12.0]
FLNS,daily,32,12,2781877.0,3.571517360400909,[12.0]
FSNT,daily,40,14,3123179.0,2.843530261954246,[14.0]
CCN3,daily,50,22,174787669.0,1.5590727856208209,[22.0]
LHFLX,daily,42,12,2888908.0,3.619439940628085,[12.0]
FLNT,daily,47,14,2607662.0,3.3037675128141606,[14.0]
PS,daily,33,20,3735557.0,2.02660567085444,[20.0]
TMQ,daily,43,14,2881041.0,3.2690395589649714,[14.0]
U,daily,41,16,82211546.0,3.494301834440627,[16.0]
TMQ,daily,44,14,2881041.0,3.2690395589649714,[14.0]
QFLX,daily,45,12,2892402.0,3.6049501417852707,[12.0]
FSNS,daily,38,12,2619130.0,3.5527896667977537,[12.0]
TS,daily,52,18,3159450.0,2.4362610580955546,[18.0]
FSNT,daily,41,14,3123179.0,2.843530261954246,[14.0]
CLOUD,daily,41,100000,219526652.0,1.0,[100000.0]
PRECL,daily,34,12,3316115.0,3.212311696066029,[12.0]
LHFLX,daily,43,12,2888908.0,3.619439940628085,[12.0]
CCN3,daily,51,22,174787669.0,1.5590727856208209,[22.0]
FLNS,daily,33,12,2781877.0,3.571517360400909,[12.0]
PRECC,daily,50,12,2637643.0,3.162337359528943,[12.0]
SHFLX,daily,36,12,3075939.0,3.451242043486558,[12.0]
PS,daily,34,20,3735557.0,2.02660567085444,[20.0]
PRECL,daily,35,12,3316115.0,3.212311696066029,[12.0]
FLNT,daily,48,14,2607662.0,3.3037675128141606,[14.0]
U,daily,42,16,82211546.0,3.494301834440627,[16.0]
QFLX,daily,46,12,2892402.0,3.6049501417852707,[12.0]
FSNT,daily,42,12,2347328.0,3.78338860184857,[12.0]
LHFLX,daily,44,12,2888908.0,3.619439940628085,[12.0]
CCN3,daily,52,24,201323009.0,1.3535795006918458,[24.0]
FSNS,daily,39,12,2619130.0,3.5527896667977537,[12.0]
PRECC,daily,51,12,2637643.0,3.162337359528943,[12.0]
U,daily,43,16,82211546.0,3.494301834440627,[16.0]
TMQ,daily,45,14,2881041.0,3.2690395589649714,[14.0]
SHFLX,daily,37,12,3075939.0,3.451242043486558,[12.0]
QFLX,daily,47,12,2892402.0,3.6049501417852707,[12.0]
TS,daily,53,18,3159450.0,2.4362610580955546,[18.0]
CLOUD,daily,42,100000,219526652.0,1.0,[100000.0]
FSNT,daily,43,12,2347328.0,3.78338860184857,[12.0]
FLNS,daily,34,12,2781877.0,3.571517360400909,[12.0]
FLNT,daily,49,16,3435410.0,2.507738232117855,[16.0]
PRECC,daily,52,12,2637643.0,3.162337359528943,[12.0]
LHFLX,daily,45,12,2888908.0,3.619439940628085,[12.0]
PS,daily,35,20,3735557.0,2.02660567085444,[20.0]
CCN3,daily,53,22,174787669.0,1.5590727856208209,[22.0]
FSNS,daily,40,12,2619130.0,3.5527896667977537,[12.0]
SHFLX,daily,38,12,3075939.0,3.451242043486558,[12.0]
PRECL,daily,36,12,3316115.0,3.212311696066029,[12.0]
FLNT,daily,50,16,3435410.0,2.507738232117855,[16.0]
TMQ,daily,46,14,2881041.0,3.2690395589649714,[14.0]
U,daily,44,16,82211546.0,3.494301834440627,[16.0]
CLOUD,daily,43,100000,219526652.0,1.0,[100000.0]
QFLX,daily,48,12,2892402.0,3.6049501417852707,[12.0]
PRECC,daily,53,12,2637643.0,3.162337359528943,[12.0]
LHFLX,daily,46,12,2888908.0,3.619439940628085,[12.0]
FLNS,daily,35,12,2781877.0,3.571517360400909,[12.0]
FSNS,daily,41,12,2619130.0,3.5527896667977537,[12.0]
FLNT,daily,51,16,3435410.0,2.507738232117855,[16.0]
CCN3,daily,54,22,174787669.0,1.5590727856208209,[22.0]
TS,daily,54,18,3159450.0,2.4362610580955546,[18.0]
QFLX,daily,49,12,2892402.0,3.6049501417852707,[12.0]
TMQ,daily,47,14,2881041.0,3.2690395589649714,[14.0]
FSNT,daily,44,12,2347328.0,3.78338860184857,[12.0]
U,daily,45,16,82211546.0,3.494301834440627,[16.0]
PS,daily,36,20,3735557.0,2.02660567085444,[20.0]
PRECL,daily,37,12,3316115.0,3.212311696066029,[12.0]
SHFLX,daily,39,12,3075939.0,3.451242043486558,[12.0]
FLNS,daily,36,12,2781877.0,3.571517360400909,[12.0]
LHFLX,daily,47,12,2888908.0,3.619439940628085,[12.0]
U,daily,46,16,82211546.0,3.494301834440627,[16.0]
CLOUD,daily,44,100000,219526652.0,1.0,[100000.0]
FLNT,daily,52,16,3435410.0,2.507738232117855,[16.0]
CCN3,daily,55,24,201323009.0,1.3535795006918458,[24.0]
TMQ,daily,48,12,2085061.0,4.51700789569226,[12.0]
PRECC,daily,54,12,2637643.0,3.162337359528943,[12.0]
FSNS,daily,42,12,2619130.0,3.5527896667977537,[12.0]
PRECL,daily,38,12,3316115.0,3.212311696066029,[12.0]
TS,daily,55,18,3159450.0,2.4362610580955546,[18.0]
FSNT,daily,45,12,2347328.0,3.78338860184857,[12.0]
LHFLX,daily,48,12,2888908.0,3.619439940628085,[12.0]
U,daily,47,16,82211546.0,3.494301834440627,[16.0]
PS,daily,37,20,3735557.0,2.02660567085444,[20.0]
QFLX,daily,50,12,2892402.0,3.6049501417852707,[12.0]
CCN3,daily,56,24,201323009.0,1.3535795006918458,[24.0]
TMQ,daily,49,14,2881041.0,3.2690395589649714,[14.0]
SHFLX,daily,40,12,3075939.0,3.451242043486558,[12.0]
PRECC,daily,55,12,2637643.0,3.162337359528943,[12.0]
CLOUD,daily,45,24,181960442.0,1.206452620070026,[24.0]
FLNT,daily,53,14,2607662.0,3.3037675128141606,[14.0]
FSNS,daily,43,12,2619130.0,3.5527896667977537,[12.0]
PRECL,daily,39,12,3316115.0,3.212311696066029,[12.0]
CCN3,daily,57,24,201323009.0,1.3535795006918458,[24.0]
TS,daily,56,18,3159450.0,2.4362610580955546,[18.0]
LHFLX,daily,49,12,2888908.0,3.619439940628085,[12.0]
U,daily,48,16,82211546.0,3.494301834440627,[16.0]
FLNS,daily,37,12,2781877.0,3.571517360400909,[12.0]
PS,daily,38,20,3735557.0,2.02660567085444,[20.0]
QFLX,daily,51,12,2892402.0,3.6049501417852707,[12.0]
PRECC,daily,56,12,2637643.0,3.162337359528943,[12.0]
FSNT,daily,46,12,2347328.0,3.78338860184857,[12.0]
FLNT,daily,54,14,2607662.0,3.3037675128141606,[14.0]
PS,daily,39,20,3735557.0,2.02660567085444,[20.0]
PRECL,daily,40,12,3316115.0,3.212311696066029,[12.0]
SHFLX,daily,41,12,3075939.0,3.451242043486558,[12.0]
U,daily,49,18,107430722.0,2.674020528317775,[18.0]
FSNS,daily,44,12,2619130.0,3.5527896667977537,[12.0]
LHFLX,daily,50,12,2888908.0,3.619439940628085,[12.0]
CLOUD,daily,46,100000,219526652.0,1.0,[100000.0]
FLNS,daily,38,12,2781877.0,3.571517360400909,[12.0]
PRECC,daily,57,12,2637643.0,3.162337359528943,[12.0]
TS,daily,57,18,3159450.0,2.4362610580955546,[18.0]
CCN3,daily,58,24,201323009.0,1.3535795006918458,[24.0]
FLNT,daily,55,16,3435410.0,2.507738232117855,[16.0]
QFLX,daily,52,12,2892402.0,3.6049501417852707,[12.0]
PS,daily,40,20,3735557.0,2.02660567085444,[20.0]
TMQ,daily,50,14,2881041.0,3.2690395589649714,[14.0]
LHFLX,daily,51,12,2888908.0,3.619439940628085,[12.0]
FSNT,daily,47,14,3123179.0,2.843530261954246,[14.0]
CLOUD,daily,47,100000,219526652.0,1.0,[100000.0]
FSNS,daily,45,12,2619130.0,3.5527896667977537,[12.0]
U,daily,50,16,82211546.0,3.494301834440627,[16.0]
FLNS,daily,39,12,2781877.0,3.571517360400909,[12.0]
PRECL,daily,41,12,3316115.0,3.212311696066029,[12.0]
PRECC,daily,58,12,2637643.0,3.162337359528943,[12.0]
SHFLX,daily,42,12,3075939.0,3.451242043486558,[12.0]
QFLX,daily,53,12,2892402.0,3.6049501417852707,[12.0]
PS,daily,41,20,3735557.0,2.02660567085444,[20.0]
FLNT,daily,56,16,3435410.0,2.507738232117855,[16.0]
CCN3,daily,59,24,201323009.0,1.3535795006918458,[24.0]
LHFLX,daily,52,12,2888908.0,3.619439940628085,[12.0]
CLOUD,daily,48,100000,219526652.0,1.0,[100000.0]
TS,daily,58,18,3159450.0,2.4362610580955546,[18.0]
U,daily,51,16,82211546.0,3.494301834440627,[16.0]
FLNS,daily,40,12,2781877.0,3.571517360400909,[12.0]
FLNT,daily,57,16,3435410.0,2.507738232117855,[16.0]
LHFLX,daily,53,12,2888908.0,3.619439940628085,[12.0]
FSNT,daily,48,14,3123179.0,2.843530261954246,[14.0]
U,daily,52,14,58510879.0,4.909718686673635,[14.0]
PRECC,daily,59,12,2637643.0,3.162337359528943,[12.0]
SHFLX,daily,43,14,3905705.0,2.7180265790683116,[14.0]
PS,daily,42,20,3735557.0,2.02660567085444,[20.0]
FSNS,daily,46,12,2619130.0,3.5527896667977537,[12.0]
FLNT,daily,58,14,2607662.0,3.3037675128141606,[14.0]
PRECL,daily,42,12,3316115.0,3.212311696066029,[12.0]
TMQ,daily,51,14,2881041.0,3.2690395589649714,[14.0]
QFLX,daily,54,12,2892402.0,3.6049501417852707,[12.0]
FSNT,daily,49,12,2347328.0,3.78338860184857,[12.0]
FLNT,daily,59,14,2607662.0,3.3037675128141606,[14.0]
CLOUD,daily,49,100000,219526652.0,1.0,[100000.0]
LHFLX,daily,54,12,2888908.0,3.619439940628085,[12.0]
FLNS,daily,41,12,2781877.0,3.571517360400909,[12.0]
SHFLX,daily,44,14,3905705.0,2.7180265790683116,[14.0]
U,daily,53,14,58510879.0,4.909718686673635,[14.0]
PS,daily,43,20,3735557.0,2.02660567085444,[20.0]
FSNS,daily,47,12,2619130.0,3.5527896667977537,[12.0]
QFLX,daily,55,12,2892402.0,3.6049501417852707,[12.0]
PRECL,daily,43,12,3316115.0,3.212311696066029,[12.0]
CLOUD,daily,50,100000,219526652.0,1.0,[100000.0]
FLNS,daily,42,12,2781877.0,3.571517360400909,[12.0]
LHFLX,daily,55,12,2888908.0,3.619439940628085,[12.0]
FSNT,daily,50,12,2347328.0,3.78338860184857,[12.0]
TMQ,daily,52,14,2881041.0,3.2690395589649714,[14.0]
SHFLX,daily,45,12,3075939.0,3.451242043486558,[12.0]
QFLX,daily,56,12,2892402.0,3.6049501417852707,[12.0]
TS,daily,59,18,3159450.0,2.4362610580955546,[18.0]
FSNS,daily,48,12,2619130.0,3.5527896667977537,[12.0]
TMQ,daily,53,14,2881041.0,3.2690395589649714,[14.0]
U,daily,54,16,82211546.0,3.494301834440627,[16.0]
PS,daily,44,20,3735557.0,2.02660567085444,[20.0]
PRECL,daily,44,12,3316115.0,3.212311696066029,[12.0]
SHFLX,daily,46,14,3905705.0,2.7180265790683116,[14.0]
FSNT,daily,51,12,2347328.0,3.78338860184857,[12.0]
FLNS,daily,43,12,2781877.0,3.571517360400909,[12.0]
CLOUD,daily,51,100000,219526652.0,1.0,[100000.0]
FSNS,daily,49,12,2619130.0,3.5527896667977537,[12.0]
PS,daily,45,20,3735557.0,2.02660567085444,[20.0]
U,daily,55,16,82211546.0,3.494301834440627,[16.0]
TMQ,daily,54,14,2881041.0,3.2690395589649714,[14.0]
QFLX,daily,57,12,2892402.0,3.6049501417852707,[12.0]
LHFLX,daily,56,12,2888908.0,3.619439940628085,[12.0]
FSNT,daily,52,12,2347328.0,3.78338860184857,[12.0]
FLNS,daily,44,12,2781877.0,3.571517360400909,[12.0]
CLOUD,daily,52,100000,219526652.0,1.0,[100000.0]
SHFLX,daily,47,12,3075939.0,3.451242043486558,[12.0]
U,daily,56,16,82211546.0,3.494301834440627,[16.0]
PRECL,daily,45,12,3316115.0,3.212311696066029,[12.0]
FSNT,daily,53,14,3123179.0,2.843530261954246,[14.0]
PS,daily,46,20,3735557.0,2.02660567085444,[20.0]
FSNS,daily,50,12,2619130.0,3.5527896667977537,[12.0]
QFLX,daily,58,12,2892402.0,3.6049501417852707,[12.0]
FLNS,daily,45,12,2781877.0,3.571517360400909,[12.0]
PRECL,daily,46,12,3316115.0,3.212311696066029,[12.0]
TMQ,daily,55,14,2881041.0,3.2690395589649714,[14.0]
LHFLX,daily,57,12,2888908.0,3.619439940628085,[12.0]
U,daily,57,16,82211546.0,3.494301834440627,[16.0]
SHFLX,daily,48,12,3075939.0,3.451242043486558,[12.0]
FSNT,daily,54,14,3123179.0,2.843530261954246,[14.0]
CLOUD,daily,53,100000,219526652.0,1.0,[100000.0]
LHFLX,daily,58,12,2888908.0,3.619439940628085,[12.0]
PRECL,daily,47,12,3316115.0,3.212311696066029,[12.0]
TMQ,daily,56,14,2881041.0,3.2690395589649714,[14.0]
FSNS,daily,51,12,2619130.0,3.5527896667977537,[12.0]
PS,daily,47,20,3735557.0,2.02660567085444,[20.0]
QFLX,daily,59,12,2892402.0,3.6049501417852707,[12.0]
U,daily,58,14,58510879.0,4.909718686673635,[14.0]
FLNS,daily,46,12,2781877.0,3.571517360400909,[12.0]
PS,daily,48,20,3735557.0,2.02660567085444,[20.0]
SHFLX,daily,49,12,3075939.0,3.451242043486558,[12.0]
LHFLX,daily,59,12,2888908.0,3.619439940628085,[12.0]
U,daily,59,14,58510879.0,4.909718686673635,[14.0]
FSNT,daily,55,12,2347328.0,3.78338860184857,[12.0]
TMQ,daily,57,14,2881041.0,3.2690395589649714,[14.0]
FSNS,daily,52,12,2619130.0,3.5527896667977537,[12.0]
CLOUD,daily,54,100000,219526652.0,1.0,[100000.0]
PRECL,daily,48,12,3316115.0,3.212311696066029,[12.0]
FLNS,daily,47,12,2781877.0,3.571517360400909,[12.0]
SHFLX,daily,50,12,3075939.0,3.451242043486558,[12.0]
CLOUD,daily,55,100000,219526652.0,1.0,[100000.0]
PS,daily,49,20,3735557.0,2.02660567085444,[20.0]
FSNT,daily,56,12,2347328.0,3.78338860184857,[12.0]
FLNS,daily,48,12,2781877.0,3.571517360400909,[12.0]
PRECL,daily,49,12,3316115.0,3.212311696066029,[12.0]
FSNS,daily,53,12,2619130.0,3.5527896667977537,[12.0]
SHFLX,daily,51,12,3075939.0,3.451242043486558,[12.0]
TMQ,daily,58,12,2085061.0,4.51700789569226,[12.0]
PRECL,daily,50,12,3316115.0,3.212311696066029,[12.0]
CLOUD,daily,56,26,202816818.0,1.0823887987435046,[26.0]
SHFLX,daily,52,12,3075939.0,3.451242043486558,[12.0]
FSNS,daily,54,12,2619130.0,3.5527896667977537,[12.0]
FSNT,daily,57,12,2347328.0,3.78338860184857,[12.0]
PS,daily,50,20,3735557.0,2.02660567085444,[20.0]
PRECL,daily,51,12,3316115.0,3.212311696066029,[12.0]
PS,daily,51,20,3735557.0,2.02660567085444,[20.0]
PRECL,daily,52,12,3316115.0,3.212311696066029,[12.0]
TMQ,daily,59,14,2881041.0,3.2690395589649714,[14.0]
FSNS,daily,55,12,2619130.0,3.5527896667977537,[12.0]
SHFLX,daily,53,12,3075939.0,3.451242043486558,[12.0]
FSNT,daily,58,12,2347328.0,3.78338860184857,[12.0]
FLNS,daily,49,12,2781877.0,3.571517360400909,[12.0]
CLOUD,daily,57,100000,219526652.0,1.0,[100000.0]
PS,daily,52,20,3735557.0,2.02660567085444,[20.0]
FSNT,daily,59,14,3123179.0,2.843530261954246,[14.0]
PRECL,daily,53,12,3316115.0,3.212311696066029,[12.0]
FLNS,daily,50,12,2781877.0,3.571517360400909,[12.0]
FSNS,daily,56,12,2619130.0,3.5527896667977537,[12.0]
SHFLX,daily,54,12,3075939.0,3.451242043486558,[12.0]
CLOUD,daily,58,100000,219526652.0,1.0,[100000.0]
PS,daily,53,20,3735557.0,2.02660567085444,[20.0]
PRECL,daily,54,12,3316115.0,3.212311696066029,[12.0]
FSNS,daily,57,12,2619130.0,3.5527896667977537,[12.0]
PS,daily,54,20,3735557.0,2.02660567085444,[20.0]
SHFLX,daily,55,12,3075939.0,3.451242043486558,[12.0]
CLOUD,daily,59,100000,219526652.0,1.0,[100000.0]
FLNS,daily,51,12,2781877.0,3.571517360400909,[12.0]
PRECL,daily,55,12,3316115.0,3.212311696066029,[12.0]
PS,daily,55,20,3735557.0,2.02660567085444,[20.0]
SHFLX,daily,56,12,3075939.0,3.451242043486558,[12.0]
FSNS,daily,58,12,2619130.0,3.5527896667977537,[12.0]
FLNS,daily,52,12,2781877.0,3.571517360400909,[12.0]
PRECL,daily,56,12,3316115.0,3.212311696066029,[12.0]
PS,daily,56,20,3735557.0,2.02660567085444,[20.0]
FSNS,daily,59,12,2619130.0,3.5527896667977537,[12.0]
SHFLX,daily,57,12,3075939.0,3.451242043486558,[12.0]
PRECL,daily,57,12,3316115.0,3.212311696066029,[12.0]
PS,daily,57,20,3735557.0,2.02660567085444,[20.0]
SHFLX,daily,58,12,3075939.0,3.451242043486558,[12.0]
FLNS,daily,53,12,2781877.0,3.571517360400909,[12.0]
PS,daily,58,20,3735557.0,2.02660567085444,[20.0]
PRECL,daily,58,12,3316115.0,3.212311696066029,[12.0]
PS,daily,59,20,3735557.0,2.02660567085444,[20.0]
SHFLX,daily,59,12,3075939.0,3.451242043486558,[12.0]
FLNS,daily,54,12,2781877.0,3.571517360400909,[12.0]
PRECL,daily,59,12,3316115.0,3.212311696066029,[12.0]
FLNS,daily,55,12,2781877.0,3.571517360400909,[12.0]
FLNS,daily,56,12,2781877.0,3.571517360400909,[12.0]
FLNS,daily,57,12,2781877.0,3.571517360400909,[12.0]
FLNS,daily,58,12,2781877.0,3.571517360400909,[12.0]
FLNS,daily,59,12,2781877.0,3.571517360400909,[12.0]
