variable,level,size
bc_a1_SRF,orig,130195620
bc_a1_SRF,br_1,22855398
bc_a1_SRF,br_2,27525576
bc_a1_SRF,br_3,32522089
bc_a1_SRF,br_4,37595313
bc_a1_SRF,br_5,41784113
bc_a1_SRF,br_6,45392080
bc_a1_SRF,br_7,51131718
bc_a1_SRF,br_8,60336817
bc_a1_SRF,br_9,65746514
bc_a1_SRF,br_10,68899191
bc_a1_SRF,br_11,73870758
bc_a1_SRF,br_12,78491286
bc_a1_SRF,br_13,81906566
bc_a1_SRF,br_14,86939577
bc_a1_SRF,br_15,91319040
bc_a1_SRF,br_16,100954946
bc_a1_SRF,br_17,104999126
bc_a1_SRF,br_18,109596549
bc_a1_SRF,br_19,114408135
bc_a1_SRF,br_20,118548757
bc_a1_SRF,br_21,122247966
bc_a1_SRF,br_22,126126315
bc_a1_SRF,orig,130195620
bc_a1_SRF,br_1,22855398
bc_a1_SRF,br_2,27525576
bc_a1_SRF,br_3,32522089
bc_a1_SRF,br_4,37595313
bc_a1_SRF,br_5 ,41784113
bc_a1_SRF,br_6,45392080
bc_a1_SRF,br_7,51131718
bc_a1_SRF,br_8,60336817
bc_a1_SRF,br_9,65746514
bc_a1_SRF,br_10,68899191
bc_a1_SRF,br_11,73870758
bc_a1_SRF,br_12,78491286
bc_a1_SRF,br_13,81906566
bc_a1_SRF,br_14,86939577
bc_a1_SRF,br_15,91319040
bc_a1_SRF,br_16,100954946
bc_a1_SRF,br_17,104999126
bc_a1_SRF,br_18,109596549
bc_a1_SRF,br_19,114408135
bc_a1_SRF,br_20,118548757
bc_a1_SRF,br_21,122247966
bc_a1_SRF,br_22,126126315
dst_a1_SRF,orig,130490360
dst_a1_SRF,br_1,23131228
dst_a1_SRF,br_2,27830812
dst_a1_SRF,br_3,32782224
dst_a1_SRF,br_4,37825541
dst_a1_SRF,br_5,42030396
dst_a1_SRF,br_6,45659570
dst_a1_SRF,br_7,51406799
dst_a1_SRF,br_8,60609356
dst_a1_SRF,br_9,66023010
dst_a1_SRF,br_10,69172822
dst_a1_SRF,br_11,74144567
dst_a1_SRF,br_12,78777603
dst_a1_SRF,br_13,82184535
dst_a1_SRF,br_14,87216266
dst_a1_SRF,br_15,91584396
dst_a1_SRF,br_16,101242801
dst_a1_SRF,br_17,105275566
dst_a1_SRF,br_18,109887994
dst_a1_SRF,br_19,114700772
dst_a1_SRF,br_20,118828062
dst_a1_SRF,br_21,122536552
dst_a1_SRF,br_22,126413871
dst_a3_SRF,orig,130585375
dst_a3_SRF,br_1,23236118
dst_a3_SRF,br_2,27943978
dst_a3_SRF,br_3,32873886
dst_a3_SRF,br_4,37921023
dst_a3_SRF,br_5,42142112
dst_a3_SRF,br_6,45784520
dst_a3_SRF,br_7,51513664
dst_a3_SRF,br_8,60707629
dst_a3_SRF,br_9,66128002
dst_a3_SRF,br_10,69267672
dst_a3_SRF,br_11,74236705
dst_a3_SRF,br_12,78878857
dst_a3_SRF,br_13,82282871
dst_a3_SRF,br_14,87313598
dst_a3_SRF,br_15,91676928
dst_a3_SRF,br_16,101341133
dst_a3_SRF,br_17,105368550
dst_a3_SRF,br_18,109982378
dst_a3_SRF,br_19,114795674
dst_a3_SRF,br_20,118913570
dst_a3_SRF,br_21,122629360
dst_a3_SRF,br_22,126503775
FLNS,orig,126786118
FLNS,br_1,17063129
FLNS,br_2,20822215
FLNS,br_3,25463545
FLNS,br_4,30732221
FLNS,br_5,35143640
FLNS,br_6,41207416
FLNS,br_7,46142592
FLNS,br_8,56240411
FLNS,br_9,60791929
FLNS,br_10,64718164
FLNS,br_11,69207380
FLNS,br_12,73744584
FLNS,br_13,77022664
FLNS,br_14,82230574
FLNS,br_15,86740034
FLNS,br_16,96336972
FLNS,br_17,101212460
FLNS,br_18,105035696
FLNS,br_19,109881291
FLNS,br_20,114262349
FLNS,br_21,117724422
FLNS,br_22,122579642
FLNSC,orig,115992914
FLNSC,br_1,8512186
FLNSC,br_2,11163030
FLNSC,br_3,14360766
FLNSC,br_4,18301033
FLNSC,br_5,23125094
FLNSC,br_6,28991171
FLNSC,br_7,35624657
FLNSC,br_8,45476949
FLNSC,br_9,49822289
FLNSC,br_10,54011738
FLNSC,br_11,58645244
FLNSC,br_12,63055394
FLNSC,br_13,66522438
FLNSC,br_14,71418668
FLNSC,br_15,75952480
FLNSC,br_16,85678124
FLNSC,br_17,90277042
FLNSC,br_18,94362756
FLNSC,br_19,99163177
FLNSC,br_20,103463441
FLNSC,br_21,106953077
FLNSC,br_22,111664269
FLUT,orig,110063996
FLUT,br_1,5241025
FLUT,br_2,7996450
FLUT,br_3,10692029
FLUT,br_4,14262735
FLUT,br_5,18553183
FLUT,br_6,23553135
FLUT,br_7,29820069
FLUT,br_8,39157842
FLUT,br_9,43764764
FLUT,br_10,47765595
FLUT,br_11,52525419
FLUT,br_12,57181034
FLUT,br_13,60768869
FLUT,br_14,65546584
FLUT,br_15,70077646
FLUT,br_16,79999740
FLUT,br_17,84373273
FLUT,br_18,88693910
FLUT,br_19,93526498
FLUT,br_20,97577691
FLUT,br_21,101135257
FLUT,br_22,105752957
FSNS,orig,115138403
FSNS,br_1,14353922
FSNS,br_2,17958292
FSNS,br_3,21994456
FSNS,br_4,26944988
FSNS,br_5,31969317
FSNS,br_6,36581090
FSNS,br_7,41554635
FSNS,br_8,51065491
FSNS,br_9,54460120
FSNS,br_10,58945533
FSNS,br_11,63322299
FSNS,br_12,67148588
FSNS,br_13,70538503
FSNS,br_14,74137015
FSNS,br_15,78352197
FSNS,br_16,87667586
FSNS,br_17,91279563
FSNS,br_18,95655222
FSNS,br_19,100040872
FSNS,br_20,103934575
FSNS,br_21,107233590
FSNS,br_22,110962844
FSNSC,orig,101551560
FSNSC,br_1,5802132
FSNSC,br_2,7845472
FSNSC,br_3,10422361
FSNSC,br_4,13739032
FSNSC,br_5,17748014
FSNSC,br_6,22529489
FSNSC,br_7,28127629
FSNSC,br_8,37138825
FSNSC,br_9,40742877
FSNSC,br_10,45015932
FSNSC,br_11,49419773
FSNSC,br_12,53528803
FSNSC,br_13,56870960
FSNSC,br_14,60654831
FSNSC,br_15,64895740
FSNSC,br_16,74186965
FSNSC,br_17,77760183
FSNSC,br_18,82275925
FSNSC,br_19,86632822
FSNSC,br_20,90439506
FSNSC,br_21,93836912
FSNSC,br_22,97395949
FSNTOA,orig,109931242
FSNTOA,br_1,9252415
FSNTOA,br_2,12350083
FSNTOA,br_3,15904526
FSNTOA,br_4,20254208
FSNTOA,br_5,25423351
FSNTOA,br_6,30915629
FSNTOA,br_7,36506925
FSNTOA,br_8,45535775
FSNTOA,br_9,49355240
FSNTOA,br_10,53544298
FSNTOA,br_11,57821986
FSNTOA,br_12,61829841
FSNTOA,br_13,65194038
FSNTOA,br_14,68915694
FSNTOA,br_15,73170142
FSNTOA,br_16,82413062
FSNTOA,br_17,86166432
FSNTOA,br_18,90593953
FSNTOA,br_19,94857830
FSNTOA,br_20,98601037
FSNTOA,br_21,102049831
FSNTOA,br_22,105709177
ICEFRAC,orig,24115425
ICEFRAC,br_1,5085773
ICEFRAC,br_2,5590694
ICEFRAC,br_3,6115527
ICEFRAC,br_4,6695131
ICEFRAC,br_5,7383452
ICEFRAC,br_6,8138312
ICEFRAC,br_7,8959673
ICEFRAC,br_8,11328751
ICEFRAC,br_9,12287287
ICEFRAC,br_10,13118803
ICEFRAC,br_11,13978617
ICEFRAC,br_12,14702169
ICEFRAC,br_13,15301485
ICEFRAC,br_14,15886258
ICEFRAC,br_15,16348038
ICEFRAC,br_16,19160220
ICEFRAC,br_17,20256138
ICEFRAC,br_18,21144772
ICEFRAC,br_19,22014365
ICEFRAC,br_20,22596452
ICEFRAC,br_21,23190636
ICEFRAC,br_22,23740908
LHFLX,orig,130490587
LHFLX,br_1,21965234
LHFLX,br_2,26166738
LHFLX,br_3,30722033
LHFLX,br_4,35822086
LHFLX,br_5,39840645
LHFLX,br_6,45384095
LHFLX,br_7,50557515
LHFLX,br_8,60059138
LHFLX,br_9,65336654
LHFLX,br_10,68553234
LHFLX,br_11,73365980
LHFLX,br_12,78203028
LHFLX,br_13,81452702
LHFLX,br_14,86727109
LHFLX,br_15,91189079
LHFLX,br_16,100783757
LHFLX,br_17,105168850
LHFLX,br_18,109484773
LHFLX,br_19,114333949
LHFLX,br_20,118694357
LHFLX,br_21,122187281
LHFLX,br_22,126422881
pom_a1_SRF,orig,130248448
pom_a1_SRF,br_1,22920663
pom_a1_SRF,br_2,27594980
pom_a1_SRF,br_3,32585879
pom_a1_SRF,br_4,37647719
pom_a1_SRF,br_5,41845649
pom_a1_SRF,br_6,45457596
pom_a1_SRF,br_7,51185280
pom_a1_SRF,br_8,60389122
pom_a1_SRF,br_9,65802314
pom_a1_SRF,br_10,68952309
pom_a1_SRF,br_11,73924516
pom_a1_SRF,br_12,78546131
pom_a1_SRF,br_13,81959755
pom_a1_SRF,br_14,86992003
pom_a1_SRF,br_15,91372027
pom_a1_SRF,br_16,101010597
pom_a1_SRF,br_17,105052673
pom_a1_SRF,br_18,109653334
pom_a1_SRF,br_19,114467498
pom_a1_SRF,br_20,118608471
pom_a1_SRF,br_21,122302761
pom_a1_SRF,br_22,126180330
PRECL,orig,135276455
PRECL,br_1,29249350
PRECL,br_2,33831691
PRECL,br_3,38706813
PRECL,br_4,43228795
PRECL,br_5,47273002
PRECL,br_6,51709038
PRECL,br_7,56693242
PRECL,br_8,65872092
PRECL,br_9,71008475
PRECL,br_10,74358486
PRECL,br_11,79331155
PRECL,br_12,83836918
PRECL,br_13,87355128
PRECL,br_14,91951579
PRECL,br_15,96358355
PRECL,br_16,106194795
PRECL,br_17,110037138
PRECL,br_18,114796849
PRECL,br_19,119527399
PRECL,br_20,123400346
PRECL,br_21,127254321
PRECL,br_22,131080058
PRECSC,orig,8239280
PRECSC,br_1,3703812
PRECSC,br_2,3902281
PRECSC,br_3,4065482
PRECSC,br_4,4213092
PRECSC,br_5,4386844
PRECSC,br_6,4534510
PRECSC,br_7,4660835
PRECSC,br_8,5391896
PRECSC,br_9,5737229
PRECSC,br_10,5957714
PRECSC,br_11,6107768
PRECSC,br_12,6237279
PRECSC,br_13,6343553
PRECSC,br_14,6424308
PRECSC,br_15,6469758
PRECSC,br_16,7211067
PRECSC,br_17,7558843
PRECSC,br_18,7770899
PRECSC,br_19,7936925
PRECSC,br_20,8055128
PRECSC,br_21,8148724
PRECSC,br_22,8207790
PRECSL,orig,102234476
PRECSL,br_1,26891891
PRECSL,br_2,30099900
PRECSL,br_3,33608327
PRECSL,br_4,36958261
PRECSL,br_5,38817708
PRECSL,br_6,42177609
PRECSL,br_7,45333620
PRECSL,br_8,53997205
PRECSL,br_9,56631067
PRECSL,br_10,60486253
PRECSL,br_11,64007593
PRECSL,br_12,66751527
PRECSL,br_13,68314197
PRECSL,br_14,71146029
PRECSL,br_15,73937083
PRECSL,br_16,82419692
PRECSL,br_17,85385169
PRECSL,br_18,88725599
PRECSL,br_19,92200486
PRECSL,br_20,95213941
PRECSL,br_21,96826526
PRECSL,br_22,99490283
PRECT,orig,133454667
PRECT,br_1,27162774
PRECT,br_2,31818596
PRECT,br_3,36764782
PRECT,br_4,41474227
PRECT,br_5,45626722
PRECT,br_6,49610679
PRECT,br_7,54724511
PRECT,br_8,63958767
PRECT,br_9,69111347
PRECT,br_10,72447994
PRECT,br_11,77402103
PRECT,br_12,81864507
PRECT,br_13,85364166
PRECT,br_14,90050832
PRECT,br_15,94450751
PRECT,br_16,104241940
PRECT,br_17,108207780
PRECT,br_18,112844426
PRECT,br_19,117605634
PRECT,br_20,121494960
PRECT,br_21,125354355
PRECT,br_22,129250298
PRECTMX,orig,133454667
PRECTMX,br_1,27162774
PRECTMX,br_2,31818596
PRECTMX,br_3,36764782
PRECTMX,br_4,41474227
PRECTMX,br_5,45626722
PRECTMX,br_6,49610679
PRECTMX,br_7,54724511
PRECTMX,br_8,63958767
PRECTMX,br_9,69111347
PRECTMX,br_10,72447994
PRECTMX,br_11,77402103
PRECTMX,br_12,81864507
PRECTMX,br_13,85364166
PRECTMX,br_14,90050832
PRECTMX,br_15,94450751
PRECTMX,br_16,104241940
PRECTMX,br_17,108207780
PRECTMX,br_18,112844426
PRECTMX,br_19,117605634
PRECTMX,br_20,121494960
PRECTMX,br_21,125354355
PRECTMX,br_22,129250298
PSL,orig,87659258
PSL,br_1,1464394
PSL,br_2,1464595
PSL,br_3,2350572
PSL,br_4,2401899
PSL,br_5,4067859
PSL,br_6,5571301
PSL,br_7,7873785
PSL,br_8,15085853
PSL,br_9,18482769
PSL,br_10,21614795
PSL,br_11,25260799
PSL,br_12,30352107
PSL,br_13,36416524
PSL,br_14,42109264
PSL,br_15,47275810
PSL,br_16,57840362
PSL,br_17,61950142
PSL,br_18,66447038
PSL,br_19,70909239
PSL,br_20,74389750
PSL,br_21,77996210
PSL,br_22,83195059
Q200,orig,119652802
Q200,br_1,12296436
Q200,br_2,15518162
Q200,br_3,18814300
Q200,br_4,22774490
Q200,br_5,27602025
Q200,br_6,34036494
Q200,br_7,40728173
Q200,br_8,50087343
Q200,br_9,54946727
Q200,br_10,58610382
Q200,br_11,63336087
Q200,br_12,67780356
Q200,br_13,71464207
Q200,br_14,76218747
Q200,br_15,80663149
Q200,br_16,90316786
Q200,br_17,94148371
Q200,br_18,98928459
Q200,br_19,103688730
Q200,br_20,107802525
Q200,br_21,111484708
Q200,br_22,115282615
Q500,orig,124718467
Q500,br_1,15931437
Q500,br_2,19204116
Q500,br_3,22760422
Q500,br_4,27186121
Q500,br_5,33142120
Q500,br_6,38458128
Q500,br_7,44944147
Q500,br_8,55201364
Q500,br_9,58810873
Q500,br_10,63736731
Q500,br_11,68470978
Q500,br_12,72106049
Q500,br_13,76145254
Q500,br_14,80043653
Q500,br_15,84566201
Q500,br_16,94147784
Q500,br_17,99088257
Q500,br_18,102696165
Q500,br_19,107251097
Q500,br_20,111721047
Q500,br_21,115243626
Q500,br_22,120291941
Q850,orig,121493883
Q850,br_1,12364173
Q850,br_2,15992632
Q850,br_3,19597952
Q850,br_4,23454373
Q850,br_5,29214188
Q850,br_6,35275724
Q850,br_7,42348885
Q850,br_8,52053581
Q850,br_9,56522740
Q850,br_10,60572956
Q850,br_11,65328975
Q850,br_12,69517917
Q850,br_13,73143499
Q850,br_14,77575096
Q850,br_15,81656953
Q850,br_16,91942286
Q850,br_17,95794250
Q850,br_18,100556622
Q850,br_19,105306034
Q850,br_20,108774826
Q850,br_21,112933947
Q850,br_22,117033085
QBOT,orig,119481295
QBOT,br_1,10780339
QBOT,br_2,14391005
QBOT,br_3,17842471
QBOT,br_4,22099268
QBOT,br_5,27342573
QBOT,br_6,33677455
QBOT,br_7,40446229
QBOT,br_8,50111045
QBOT,br_9,54711918
QBOT,br_10,58627131
QBOT,br_11,63429730
QBOT,br_12,67621961
QBOT,br_13,71256170
QBOT,br_14,75883448
QBOT,br_15,80318287
QBOT,br_16,90046323
QBOT,br_17,93759095
QBOT,br_18,98665998
QBOT,br_19,103411316
QBOT,br_20,107512264
QBOT,br_21,111175695
QBOT,br_22,114974548
SHFLX,orig,131373812
SHFLX,br_1,23019081
SHFLX,br_2,27530346
SHFLX,br_3,32283696
SHFLX,br_4,37405752
SHFLX,br_5,41644212
SHFLX,br_6,46259771
SHFLX,br_7,51862395
SHFLX,br_8,61087435
SHFLX,br_9,66622769
SHFLX,br_10,69722451
SHFLX,br_11,74743446
SHFLX,br_12,79509430
SHFLX,br_13,82770965
SHFLX,br_14,87988127
SHFLX,br_15,92365755
SHFLX,br_16,102080900
SHFLX,br_17,106144651
SHFLX,br_18,110783463
SHFLX,br_19,115635478
SHFLX,br_20,119835300
SHFLX,br_21,123450319
SHFLX,br_22,127363121
so4_a1_SRF,orig,128623449
so4_a1_SRF,br_1,20535522
so4_a1_SRF,br_2,25072665
so4_a1_SRF,br_3,29955766
so4_a1_SRF,br_4,35300582
so4_a1_SRF,br_5,39217069
so4_a1_SRF,br_6,43789133
so4_a1_SRF,br_7,49215005
so4_a1_SRF,br_8,58424490
so4_a1_SRF,br_9,63806300
so4_a1_SRF,br_10,66974641
so4_a1_SRF,br_11,71948807
so4_a1_SRF,br_12,76573678
so4_a1_SRF,br_13,79993549
so4_a1_SRF,br_14,85024428
so4_a1_SRF,br_15,89494191
so4_a1_SRF,br_16,99045511
so4_a1_SRF,br_17,103368469
so4_a1_SRF,br_18,107691823
so4_a1_SRF,br_19,112501918
so4_a1_SRF,br_20,116767682
so4_a1_SRF,br_21,120347813
so4_a1_SRF,br_22,124523210
so4_a2_SRF,orig,128943112
so4_a2_SRF,br_1,20998903
so4_a2_SRF,br_2,25646964
so4_a2_SRF,br_3,30623978
so4_a2_SRF,br_4,35931473
so4_a2_SRF,br_5,39938508
so4_a2_SRF,br_6,44004344
so4_a2_SRF,br_7,49675188
so4_a2_SRF,br_8,58919132
so4_a2_SRF,br_9,64290854
so4_a2_SRF,br_10,67486486
so4_a2_SRF,br_11,72468211
so4_a2_SRF,br_12,77048453
so4_a2_SRF,br_13,80471528
so4_a2_SRF,br_14,85505090
so4_a2_SRF,br_15,89961160
so4_a2_SRF,br_16,99525801
so4_a2_SRF,br_17,103707061
so4_a2_SRF,br_18,108177211
so4_a2_SRF,br_19,112993861
so4_a2_SRF,br_20,117245419
so4_a2_SRF,br_21,120846041
so4_a2_SRF,br_22,124865904
so4_a3_SRF,orig,128935287
so4_a3_SRF,br_1,20891729
so4_a3_SRF,br_2,25425568
so4_a3_SRF,br_3,30310833
so4_a3_SRF,br_4,35632701
so4_a3_SRF,br_5,39585118
so4_a3_SRF,br_6,44081449
so4_a3_SRF,br_7,49532745
so4_a3_SRF,br_8,58732646
so4_a3_SRF,br_9,64130205
so4_a3_SRF,br_10,67275993
so4_a3_SRF,br_11,72240621
so4_a3_SRF,br_12,76887426
so4_a3_SRF,br_13,80299950
so4_a3_SRF,br_14,85345924
so4_a3_SRF,br_15,89813360
so4_a3_SRF,br_16,99354903
so4_a3_SRF,br_17,103671237
so4_a3_SRF,br_18,107996928
so4_a3_SRF,br_19,112807276
so4_a3_SRF,br_20,117074343
so4_a3_SRF,br_21,120654796
so4_a3_SRF,br_22,124821147
soa_a1_SRF,orig,131418187
soa_a1_SRF,br_1,24546030
soa_a1_SRF,br_2,29307167
soa_a1_SRF,br_3,34169891
soa_a1_SRF,br_4,38999813
soa_a1_SRF,br_5,43327783
soa_a1_SRF,br_6,47141667
soa_a1_SRF,br_7,52557146
soa_a1_SRF,br_8,61762024
soa_a1_SRF,br_9,67105295
soa_a1_SRF,br_10,70322724
soa_a1_SRF,br_11,75284396
soa_a1_SRF,br_12,79931622
soa_a1_SRF,br_13,83326059
soa_a1_SRF,br_14,88267796
soa_a1_SRF,br_15,92604578
soa_a1_SRF,br_16,102399957
soa_a1_SRF,br_17,106240526
soa_a1_SRF,br_18,111046628
soa_a1_SRF,br_19,115862236
soa_a1_SRF,br_20,119846875
soa_a1_SRF,br_21,123609047
soa_a1_SRF,br_22,127370437
soa_a2_SRF,orig,134162158
soa_a2_SRF,br_1,27651148
soa_a2_SRF,br_2,32361817
soa_a2_SRF,br_3,37085085
soa_a2_SRF,br_4,41811458
soa_a2_SRF,br_5,45979366
soa_a2_SRF,br_6,50353027
soa_a2_SRF,br_7,55536133
soa_a2_SRF,br_8,64750528
soa_a2_SRF,br_9,69836183
soa_a2_SRF,br_10,73313122
soa_a2_SRF,br_11,78291534
soa_a2_SRF,br_12,82926874
soa_a2_SRF,br_13,86317846
soa_a2_SRF,br_14,91009171
soa_a2_SRF,br_15,95358012
soa_a2_SRF,br_16,105319200
soa_a2_SRF,br_17,108943282
soa_a2_SRF,br_18,113945251
soa_a2_SRF,br_19,118656025
soa_a2_SRF,br_20,122622641
soa_a2_SRF,br_21,126362934
soa_a2_SRF,br_22,130087148
T010,orig,83226833
T010,br_1,1874206
T010,br_2,1692482
T010,br_3,2022034
T010,br_4,2667768
T010,br_5,3513000
T010,br_6,4847558
T010,br_7,6738426
T010,br_8,12608872
T010,br_9,15511272
T010,br_10,18351545
T010,br_11,20875328
T010,br_12,24646297
T010,br_13,29695157
T010,br_14,36249320
T010,br_15,43894440
T010,br_16,53452938
T010,br_17,57738599
T010,br_18,62082653
T010,br_19,66779796
T010,br_20,70875233
T010,br_21,74684154
T010,br_22,78951155
T200,orig,91621173
T200,br_1,1705628
T200,br_2,2115506
T200,br_3,3209314
T200,br_4,3885044
T200,br_5,5947555
T200,br_6,8084329
T200,br_7,10938069
T200,br_8,19785117
T200,br_9,22987684
T200,br_10,26959809
T200,br_11,31239379
T200,br_12,36979272
T200,br_13,41384330
T200,br_14,45786785
T200,br_15,51604661
T200,br_16,60635431
T200,br_17,66078412
T200,br_18,69262673
T200,br_19,74207233
T200,br_20,78725589
T200,br_21,82279780
T200,br_22,87278964
T500,orig,90493836
T500,br_1,1477428
T500,br_2,2039082
T500,br_3,2419000
T500,br_4,3644313
T500,br_5,5327582
T500,br_6,7109600
T500,br_7,9890084
T500,br_8,18288788
T500,br_9,21659506
T500,br_10,25189140
T500,br_11,29400354
T500,br_12,35049288
T500,br_13,39263257
T500,br_14,45112778
T500,br_15,50331986
T500,br_16,59455198
T500,br_17,64817451
T500,br_18,68048527
T500,br_19,72938692
T500,br_20,77456510
T500,br_21,81004071
T500,br_22,86048140
T850,orig,92431646
T850,br_1,1581385
T850,br_2,2796740
T850,br_3,2770445
T850,br_4,3963785
T850,br_5,5951353
T850,br_6,8788107
T850,br_7,11865169
T850,br_8,20758765
T850,br_9,24116552
T850,br_10,28722196
T850,br_11,33408818
T850,br_12,38732630
T850,br_13,43068683
T850,br_14,46873722
T850,br_15,52544060
T850,br_16,61704224
T850,br_17,66890334
T850,br_18,70335892
T850,br_19,75230718
T850,br_20,79681295
T850,br_21,83220378
T850,br_22,88084007
TAUX,orig,131772766
TAUX,br_1,23598211
TAUX,br_2,28023602
TAUX,br_3,32534180
TAUX,br_4,37578611
TAUX,br_5,41695077
TAUX,br_6,46674487
TAUX,br_7,52160984
TAUX,br_8,61421811
TAUX,br_9,66959917
TAUX,br_10,70028869
TAUX,br_11,75045735
TAUX,br_12,79756158
TAUX,br_13,83075203
TAUX,br_14,88279060
TAUX,br_15,92663145
TAUX,br_16,102344626
TAUX,br_17,106484852
TAUX,br_18,111048072
TAUX,br_19,115906442
TAUX,br_20,120139145
TAUX,br_21,123735664
TAUX,br_22,127723014
TAUY,orig,132594558
TAUY,br_1,25061715
TAUY,br_2,29532764
TAUY,br_3,34173897
TAUY,br_4,39227492
TAUY,br_5,43561896
TAUY,br_6,47424895
TAUY,br_7,53386181
TAUY,br_8,62754703
TAUY,br_9,68072566
TAUY,br_10,71350316
TAUY,br_11,76314984
TAUY,br_12,80998993
TAUY,br_13,84319646
TAUY,br_14,89339645
TAUY,br_15,93684278
TAUY,br_16,103570530
TAUY,br_17,107354466
TAUY,br_18,112271250
TAUY,br_19,117112081
TAUY,br_20,121146330
TAUY,br_21,124790454
TAUY,br_22,128543214
TMQ,orig,119905278
TMQ,br_1,11536485
TMQ,br_2,14912916
TMQ,br_3,18174365
TMQ,br_4,22356381
TMQ,br_5,27317455
TMQ,br_6,33868631
TMQ,br_7,40927296
TMQ,br_8,50482786
TMQ,br_9,55188688
TMQ,br_10,59004179
TMQ,br_11,63779637
TMQ,br_12,68052083
TMQ,br_13,71702222
TMQ,br_14,76384395
TMQ,br_15,80835178
TMQ,br_16,90513022
TMQ,br_17,94214826
TMQ,br_18,99128744
TMQ,br_19,103882504
TMQ,br_20,108007997
TMQ,br_21,111670313
TMQ,br_22,115411588
TREFHT,orig,93970697
TREFHT,br_1,1595824
TREFHT,br_2,2696416
TREFHT,br_3,2953590
TREFHT,br_4,4830551
TREFHT,br_5,6799816
TREFHT,br_6,9277460
TREFHT,br_7,12923320
TREFHT,br_8,21577546
TREFHT,br_9,25118543
TREFHT,br_10,29797721
TREFHT,br_11,34360229
TREFHT,br_12,39367910
TREFHT,br_13,43858874
TREFHT,br_14,47985650
TREFHT,br_15,53817146
TREFHT,br_16,63062064
TREFHT,br_17,68263713
TREFHT,br_18,71785742
TREFHT,br_19,76724071
TREFHT,br_20,81314174
TREFHT,br_21,84708744
TREFHT,br_22,89645762
TREFHTMN,orig,95047407
TREFHTMN,br_1,1626949
TREFHTMN,br_2,3062612
TREFHTMN,br_3,3127188
TREFHTMN,br_4,5366754
TREFHTMN,br_5,7382821
TREFHTMN,br_6,10158179
TREFHTMN,br_7,14000294
TREFHTMN,br_8,22852665
TREFHTMN,br_9,26566454
TREFHTMN,br_10,31241659
TREFHTMN,br_11,36053604
TREFHTMN,br_12,41036862
TREFHTMN,br_13,45508601
TREFHTMN,br_14,49463269
TREFHTMN,br_15,55053903
TREFHTMN,br_16,64336719
TREFHTMN,br_17,69346669
TREFHTMN,br_18,73059219
TREFHTMN,br_19,77988384
TREFHTMN,br_20,82506269
TREFHTMN,br_21,85950870
TREFHTMN,br_22,90731352
TREFHTMX,orig,94325174
TREFHTMX,br_1,1594044
TREFHTMX,br_2,2593451
TREFHTMX,br_3,3330930
TREFHTMX,br_4,4715165
TREFHTMX,br_5,7024663
TREFHTMX,br_6,9518307
TREFHTMX,br_7,13302106
TREFHTMX,br_8,22029816
TREFHTMX,br_9,25643038
TREFHTMX,br_10,30349908
TREFHTMX,br_11,35073773
TREFHTMX,br_12,40091737
TREFHTMX,br_13,44583090
TREFHTMX,br_14,48431879
TREFHTMX,br_15,54238062
TREFHTMX,br_16,63524797
TREFHTMX,br_17,68622879
TREFHTMX,br_18,72248429
TREFHTMX,br_19,77169121
TREFHTMX,br_20,81742454
TREFHTMX,br_21,85133003
TREFHTMX,br_22,90001633
TS,orig,94048695
TS,br_1,1607166
TS,br_2,2741640
TS,br_3,3174004
TS,br_4,4983985
TS,br_5,7017989
TS,br_6,9603737
TS,br_7,13139497
TS,br_8,21632840
TS,br_9,25135772
TS,br_10,29745149
TS,br_11,34187201
TS,br_12,39013599
TS,br_13,43437293
TS,br_14,48318542
TS,br_15,53804108
TS,br_16,63060319
TS,br_17,68302394
TS,br_18,71744107
TS,br_19,76689406
TS,br_20,81288765
TS,br_21,84708699
TS,br_22,89705487
U010,orig,110309249
U010,br_1,8161507
U010,br_2,10245413
U010,br_3,12585998
U010,br_4,15747863
U010,br_5,19605123
U010,br_6,24229137
U010,br_7,30488433
U010,br_8,40214466
U010,br_9,44114636
U010,br_10,48532503
U010,br_11,53028335
U010,br_12,57807069
U010,br_13,61670199
U010,br_14,65890901
U010,br_15,70378032
U010,br_16,80358832
U010,br_17,84696136
U010,br_18,88969231
U010,br_19,93715409
U010,br_20,97680684
U010,br_21,101396470
U010,br_22,105955952
U200,orig,124102859
U200,br_1,16559341
U200,br_2,19755673
U200,br_3,23018484
U200,br_4,26470110
U200,br_5,31754541
U200,br_6,37292042
U200,br_7,44685254
U200,br_8,54355463
U200,br_9,58839588
U200,br_10,62874701
U200,br_11,67674199
U200,br_12,71986031
U200,br_13,75549667
U200,br_14,79954220
U200,br_15,84115248
U200,br_16,94558498
U200,br_17,98358872
U200,br_18,103171686
U200,br_19,107904186
U200,br_20,111359554
U200,br_21,115364251
U200,br_22,119647457
U500,orig,126577820
U500,br_1,18350811
U500,br_2,21413060
U500,br_3,24832498
U500,br_4,28979150
U500,br_5,34427322
U500,br_6,39642940
U500,br_7,46708241
U500,br_8,56825945
U500,br_9,60359620
U500,br_10,65347436
U500,br_11,70130883
U500,br_12,73993514
U500,br_13,77825553
U500,br_14,81698235
U500,br_15,86245988
U500,br_16,96197639
U500,br_17,100868486
U500,br_18,104750573
U500,br_19,109210530
U500,br_20,113600139
U500,br_21,117038442
U500,br_22,122143844
U850,orig,129197645
U850,br_1,20578756
U850,br_2,23968281
U850,br_3,27954557
U850,br_4,32610787
U850,br_5,37492946
U850,br_6,43170425
U850,br_7,48358225
U850,br_8,59227136
U850,br_9,63225866
U850,br_10,67749384
U850,br_11,72306866
U850,br_12,75752563
U850,br_13,79504389
U850,br_14,84522247
U850,br_15,89028972
U850,br_16,98401502
U850,br_17,103598060
U850,br_18,107038489
U850,br_19,111921477
U850,br_20,116378496
U850,br_21,119863430
U850,br_22,124855779
VBOT,orig,131352247
VBOT,br_1,23311879
VBOT,br_2,27442747
VBOT,br_3,31715399
VBOT,br_4,36770037
VBOT,br_5,40813406
VBOT,br_6,46349917
VBOT,br_7,51642998
VBOT,br_8,61049373
VBOT,br_9,66391470
VBOT,br_10,69579915
VBOT,br_11,74339429
VBOT,br_12,79100817
VBOT,br_13,82467309
VBOT,br_14,87664638
VBOT,br_15,92114230
VBOT,br_16,101672091
VBOT,br_17,106044483
VBOT,br_18,110300795
VBOT,br_19,115139213
VBOT,br_20,119435554
VBOT,br_21,123013348
VBOT,br_22,127203139
WSPDSRFAV,orig,124017002
WSPDSRFAV,br_1,15410535
WSPDSRFAV,br_2,18866795
WSPDSRFAV,br_3,22449895
WSPDSRFAV,br_4,27163254
WSPDSRFAV,br_5,32789377
WSPDSRFAV,br_6,37957616
WSPDSRFAV,br_7,44616085
WSPDSRFAV,br_8,54506744
WSPDSRFAV,br_9,58022777
WSPDSRFAV,br_10,63026459
WSPDSRFAV,br_11,67769183
WSPDSRFAV,br_12,71773756
WSPDSRFAV,br_13,75636993
WSPDSRFAV,br_14,79302742
WSPDSRFAV,br_15,83868673
WSPDSRFAV,br_16,93929307
WSPDSRFAV,br_17,98399426
WSPDSRFAV,br_18,102481247
WSPDSRFAV,br_19,106806711
WSPDSRFAV,br_20,111029129
WSPDSRFAV,br_21,114505192
WSPDSRFAV,br_22,119599710
Z050,orig,74037416
Z050,br_1,1799903
Z050,br_2,1499178
Z050,br_3,1589749
Z050,br_4,1784209
Z050,br_5,2097187
Z050,br_6,2814356
Z050,br_7,3801383
Z050,br_8,6935792
Z050,br_9,8943694
Z050,br_10,11260637
Z050,br_11,13527308
Z050,br_12,16900904
Z050,br_13,21483559
Z050,br_14,27200778
Z050,br_15,34654900
Z050,br_16,44525143
Z050,br_17,48205304
Z050,br_18,53129020
Z050,br_19,57752319
Z050,br_20,61698969
Z050,br_21,65693062
Z050,br_22,69603244
Z500,orig,89080506
Z500,br_1,1844655
Z500,br_2,2040267
Z500,br_3,2416996
Z500,br_4,3196441
Z500,br_5,4540761
Z500,br_6,6750702
Z500,br_7,8902879
Z500,br_8,16731248
Z500,br_9,20009549
Z500,br_10,23034809
Z500,br_11,26754931
Z500,br_12,32199212
Z500,br_13,37645124
Z500,br_14,43791384
Z500,br_15,48785921
Z500,br_16,58868920
Z500,br_17,63354707
Z500,br_18,67494888
Z500,br_19,71872247
Z500,br_20,75896737
Z500,br_21,79380362
Z500,br_22,84615563
bc_a1_SRF,orig,130195620
bc_a1_SRF,bg_2,44595195
bc_a1_SRF,bg_3,66399885
bc_a1_SRF,bg_4,81088919
bc_a1_SRF,bg_5,99220273
bc_a1_SRF,bg_6,115333661
bc_a1_SRF,bg_7,130195721
dst_a1_SRF,orig,130490360
dst_a1_SRF,bg_2,44794566
dst_a1_SRF,bg_3,66225203
dst_a1_SRF,bg_4,81249040
dst_a1_SRF,bg_5,99527130
dst_a1_SRF,bg_6,115372003
dst_a1_SRF,bg_7,130490461
dst_a3_SRF,orig,130585375
dst_a3_SRF,bg_2,44954335
dst_a3_SRF,bg_3,66387242
dst_a3_SRF,bg_4,81371179
dst_a3_SRF,bg_5,99693692
dst_a3_SRF,bg_6,115461446
dst_a3_SRF,bg_7,130585476
FLNS,orig,126786118
FLNS,bg_2,35891488
FLNS,bg_3,63067209
FLNS,bg_4,76603430
FLNS,bg_5,93196234
FLNS,bg_6,111806150
FLNS,bg_7,126786219
FLNSC,orig,115992914
FLNSC,bg_2,24750202
FLNSC,bg_3,51668210
FLNSC,bg_4,66413688
FLNSC,bg_5,83751721
FLNSC,bg_6,102108330
FLNSC,bg_7,115993015
FLUT,orig,110063996
FLUT,bg_2,15126231
FLUT,bg_3,34241606
FLUT,bg_4,54846290
FLUT,bg_5,68037708
FLUT,bg_6,86884640
FLUT,bg_7,110064097
FSNS,orig,115138403
FSNS,bg_2,30484341
FSNS,bg_3,51915828
FSNS,bg_4,66921349
FSNS,bg_5,81604383
FSNS,bg_6,98531080
FSNS,bg_7,115138504
FSNSC,orig,101551560
FSNSC,bg_2,16799271
FSNSC,bg_3,36411277
FSNSC,bg_4,53376906
FSNSC,bg_5,66575952
FSNSC,bg_6,83893634
FSNSC,bg_7,101551661
FSNTOA,orig,109931242
FSNTOA,bg_2,23837566
FSNTOA,bg_3,45250352
FSNTOA,bg_4,61749352
FSNTOA,bg_5,74629850
FSNTOA,bg_6,91960801
FSNTOA,bg_7,109931342
ICEFRAC,orig,24115425
ICEFRAC,bg_2,8022248
ICEFRAC,bg_3,12219536
ICEFRAC,bg_4,15232439
ICEFRAC,bg_5,18874109
ICEFRAC,bg_6,21990411
ICEFRAC,bg_7,24115526
LHFLX,orig,130490587
LHFLX,bg_2,40760318
LHFLX,bg_3,63270682
LHFLX,bg_4,80101457
LHFLX,bg_5,97111925
LHFLX,bg_6,114551600
LHFLX,bg_7,130490688
pom_a1_SRF,orig,130248448
pom_a1_SRF,bg_2,44726498
pom_a1_SRF,bg_3,65773114
pom_a1_SRF,bg_4,81153959
pom_a1_SRF,bg_5,99349811
pom_a1_SRF,bg_6,114964390
pom_a1_SRF,bg_7,130248549
PRECL,orig,135276455
PRECL,bg_2,49655010
PRECL,bg_3,71804757
PRECL,bg_4,85999169
PRECL,bg_5,105196931
PRECL,bg_6,120208420
PRECL,bg_7,135276556
PRECSC,orig,8239280
PRECSC,bg_2,4490961
PRECSC,bg_3,5643986
PRECSC,bg_4,6256300
PRECSC,bg_5,6988290
PRECSC,bg_6,7884155
PRECSC,bg_7,8239381
PRECSL,orig,102234476
PRECSL,bg_2,40795507
PRECSL,bg_3,56722981
PRECSL,bg_4,67056441
PRECSL,bg_5,80601679
PRECSL,bg_6,92219368
PRECSL,bg_7,102234577
PRECT,orig,133454667
PRECT,bg_2,48099134
PRECT,bg_3,70162921
PRECT,bg_4,83925749
PRECT,bg_5,102941182
PRECT,bg_6,118543825
PRECT,bg_7,133454768
PRECTMX,orig,133454667
PRECTMX,bg_2,48099134
PRECTMX,bg_3,70162921
PRECTMX,bg_4,83925749
PRECTMX,bg_5,102941182
PRECTMX,bg_6,118543825
PRECTMX,bg_7,133454768
PSL,orig,87659258
PSL,bg_2,4325140
PSL,bg_3,11710979
PSL,bg_4,26362522
PSL,bg_5,42613413
PSL,bg_6,62735402
PSL,bg_7,87659359
Q200,orig,119652802
Q200,bg_2,29794602
Q200,bg_3,54833040
Q200,bg_4,68991068
Q200,bg_5,87432524
Q200,bg_6,104546542
Q200,bg_7,119652903
Q500,orig,124718467
Q500,bg_2,34984799
Q500,bg_3,57003843
Q500,bg_4,74043451
Q500,bg_5,91783084
Q500,bg_6,106638443
Q500,bg_7,124718568
Q850,orig,121493883
Q850,bg_2,32082527
Q850,bg_3,54441045
Q850,bg_4,70138833
Q850,bg_5,89567713
Q850,bg_6,105151368
Q850,bg_7,121493984
QBOT,orig,119481295
QBOT,bg_2,28912208
QBOT,bg_3,52364976
QBOT,bg_4,67881664
QBOT,bg_5,85907498
QBOT,bg_6,102816148
QBOT,bg_7,119481396
SHFLX,orig,131373812
SHFLX,bg_2,43048831
SHFLX,bg_3,66881062
SHFLX,bg_4,80774037
SHFLX,bg_5,99622379
SHFLX,bg_6,116279545
SHFLX,bg_7,131373913
so4_a1_SRF,orig,128623449
so4_a1_SRF,bg_2,42137402
so4_a1_SRF,bg_3,63195616
so4_a1_SRF,bg_4,79478078
so4_a1_SRF,bg_5,96751677
so4_a1_SRF,bg_6,112849000
so4_a1_SRF,bg_7,128623550
so4_a2_SRF,orig,128943112
so4_a2_SRF,bg_2,42494567
so4_a2_SRF,bg_3,64877718
so4_a2_SRF,bg_4,78985702
so4_a2_SRF,bg_5,97777293
so4_a2_SRF,bg_6,113780644
so4_a2_SRF,bg_7,128943213
so4_a3_SRF,orig,128935287
so4_a3_SRF,bg_2,42196581
so4_a3_SRF,bg_3,64341808
so4_a3_SRF,bg_4,79111042
so4_a3_SRF,bg_5,97019262
so4_a3_SRF,bg_6,113515948
so4_a3_SRF,bg_7,128935388
soa_a1_SRF,orig,131418187
soa_a1_SRF,bg_2,46055944
soa_a1_SRF,bg_3,67437738
soa_a1_SRF,bg_4,82258598
soa_a1_SRF,bg_5,101194318
soa_a1_SRF,bg_6,116415302
soa_a1_SRF,bg_7,131418288
soa_a2_SRF,orig,134162158
soa_a2_SRF,bg_2,48561049
soa_a2_SRF,bg_3,71051546
soa_a2_SRF,bg_4,85075673
soa_a2_SRF,bg_5,104453383
soa_a2_SRF,bg_6,119643647
soa_a2_SRF,bg_7,134162259
T010,orig,83226833
T010,bg_2,2671361
T010,bg_3,6761455
T010,bg_4,20905432
T010,bg_5,36319856
T010,bg_6,57784745
T010,bg_7,83226934
T200,orig,91621173
T200,bg_2,3885054
T200,bg_3,10938079
T200,bg_4,31239389
T200,bg_5,45786795
T200,bg_6,66078422
T200,bg_7,91621274
T500,orig,90493836
T500,bg_2,4257059
T500,bg_3,13716439
T500,bg_4,32345826
T500,bg_5,48037604
T500,bg_6,67819094
T500,bg_7,90493937
T850,orig,92431646
T850,bg_2,5520653
T850,bg_3,19697102
T850,bg_4,38271883
T850,bg_5,52353483
T850,bg_6,70234124
T850,bg_7,92431747
TAUX,orig,131772766
TAUX,bg_2,43095302
TAUX,bg_3,67420587
TAUX,bg_4,81805017
TAUX,bg_5,99080604
TAUX,bg_6,116954568
TAUX,bg_7,131772867
TAUY,orig,132594558
TAUY,bg_2,44943420
TAUY,bg_3,69087929
TAUY,bg_4,82721882
TAUY,bg_5,100679250
TAUY,bg_6,118113594
TAUY,bg_7,132594659
TMQ,orig,119905278
TMQ,bg_2,27725810
TMQ,bg_3,53099447
TMQ,bg_4,68195072
TMQ,bg_5,84426006
TMQ,bg_6,103565257
TMQ,bg_7,119905379
TREFHT,orig,93970697
TREFHT,bg_2,6216917
TREFHT,bg_3,20199001
TREFHT,bg_4,38687748
TREFHT,bg_5,53514134
TREFHT,bg_6,71625105
TREFHT,bg_7,93970798
TREFHTMN,orig,95047407
TREFHTMN,bg_2,6706641
TREFHTMN,bg_3,21329546
TREFHTMN,bg_4,40383155
TREFHTMN,bg_5,54705363
TREFHTMN,bg_6,72632792
TREFHTMN,bg_7,95047508
TREFHTMX,orig,94325174
TREFHTMX,bg_2,6489104
TREFHTMX,bg_3,20797937
TREFHTMX,bg_4,39562508
TREFHTMX,bg_5,53989011
TREFHTMX,bg_6,71921459
TREFHTMX,bg_7,94325275
TS,orig,94048695
TS,bg_2,6409578
TS,bg_3,20183565
TS,bg_4,38314801
TS,bg_5,53517915
TS,bg_6,71894147
TS,bg_7,94048796
U010,orig,110309249
U010,bg_2,19902687
U010,bg_3,42589282
U010,bg_4,57160011
U010,bg_5,74526772
U010,bg_6,93542873
U010,bg_7,110309350
U200,orig,124102859
U200,bg_2,32571655
U200,bg_3,57936442
U200,bg_4,72230675
U200,bg_5,90151390
U200,bg_6,107881465
U200,bg_7,124102960
U500,orig,126577820
U500,bg_2,36102515
U500,bg_3,59818049
U500,bg_4,73746968
U500,bg_5,94686735
U500,bg_6,109220195
U500,bg_7,126577921
U850,orig,129197645
U850,bg_2,40435090
U850,bg_3,62595031
U850,bg_4,77365599
U850,bg_5,97969637
U850,bg_6,112377301
U850,bg_7,129197746
VBOT,orig,131352247
VBOT,bg_2,44857819
VBOT,bg_3,66002581
VBOT,bg_4,80629417
VBOT,bg_5,101086459
VBOT,bg_6,115260585
VBOT,bg_7,131352348
WSPDSRFAV,orig,124017002
WSPDSRFAV,bg_2,34766564
WSPDSRFAV,bg_3,58164035
WSPDSRFAV,bg_4,71929618
WSPDSRFAV,bg_5,94086492
WSPDSRFAV,bg_6,107498432
WSPDSRFAV,bg_7,124017103
Z050,orig,74037416
Z050,bg_2,2097197
Z050,bg_3,6935802
Z050,bg_4,13527318
Z050,bg_5,27200788
Z050,bg_6,53129030
Z050,bg_7,74037517
Z500,orig,89080506
Z500,bg_2,6750712
Z500,bg_3,20009559
Z500,bg_4,32199222
Z500,bg_5,58868930
Z500,bg_6,71872257
Z500,bg_7,89080607
bc_a1_SRF,orig,130195620
bc_a1_SRF,zfp_p_6,11811123
bc_a1_SRF,zfp_p_8,21238803
bc_a1_SRF,zfp_p_10,31232218
bc_a1_SRF,zfp_p_12,41293028
bc_a1_SRF,zfp_p_14,51376574
bc_a1_SRF,zfp_p_16,61466583
bc_a1_SRF,zfp_p_18,71558110
bc_a1_SRF,zfp_p_20,81649649
bc_a1_SRF,zfp_p_22,91741140
bc_a1_SRF,zfp_p_24,101832665
bc_a1_SRF,zfp_p_26,111924191
dst_a1_SRF,orig,130490360
dst_a1_SRF,zfp_p_6,11936458
dst_a1_SRF,zfp_p_8,21398927
dst_a1_SRF,zfp_p_10,31397061
dst_a1_SRF,zfp_p_12,41459412
dst_a1_SRF,zfp_p_14,51543136
dst_a1_SRF,zfp_p_16,61633580
dst_a1_SRF,zfp_p_18,71725035
dst_a1_SRF,zfp_p_20,81816552
dst_a1_SRF,zfp_p_22,91908073
dst_a1_SRF,zfp_p_24,101999584
dst_a1_SRF,zfp_p_26,112091104
dst_a3_SRF,orig,130585375
dst_a3_SRF,zfp_p_6,11915088
dst_a3_SRF,zfp_p_8,21324379
dst_a3_SRF,zfp_p_10,31315090
dst_a3_SRF,zfp_p_12,41376844
dst_a3_SRF,zfp_p_14,51461219
dst_a3_SRF,zfp_p_16,61551767
dst_a3_SRF,zfp_p_18,71643287
dst_a3_SRF,zfp_p_20,81734827
dst_a3_SRF,zfp_p_22,91826367
dst_a3_SRF,zfp_p_24,101917867
dst_a3_SRF,zfp_p_26,112009386
FLNS,orig,126786118
FLNS,zfp_p_6,10097182
FLNS,zfp_p_8,18701759
FLNS,zfp_p_10,28593813
FLNS,zfp_p_12,38657595
FLNS,zfp_p_14,48748067
FLNS,zfp_p_16,58839673
FLNS,zfp_p_18,68931294
FLNS,zfp_p_20,79022814
FLNS,zfp_p_22,89114305
FLNS,zfp_p_24,99205805
FLNS,zfp_p_26,109297332
FLNSC,orig,115992914
FLNSC,zfp_p_6,7956720
FLNSC,zfp_p_8,12530048
FLNSC,zfp_p_10,19985204
FLNSC,zfp_p_12,29361976
FLNSC,zfp_p_14,39436025
FLNSC,zfp_p_16,49526890
FLNSC,zfp_p_18,59618671
FLNSC,zfp_p_20,69710356
FLNSC,zfp_p_22,79801991
FLNSC,zfp_p_24,89893496
FLNSC,zfp_p_26,99985007
FLUT,orig,110063996
FLUT,zfp_p_6,7617691
FLUT,zfp_p_8,10668771
FLUT,zfp_p_10,17217050
FLUT,zfp_p_12,26650565
FLUT,zfp_p_14,36661637
FLUT,zfp_p_16,46744830
FLUT,zfp_p_18,56836181
FLUT,zfp_p_20,66927847
FLUT,zfp_p_22,77019442
FLUT,zfp_p_24,87110941
FLUT,zfp_p_26,97202456
FSNS,orig,115138403
FSNS,zfp_p_6,9201875
FSNS,zfp_p_8,17001578
FSNS,zfp_p_10,26197486
FSNS,zfp_p_12,35480208
FSNS,zfp_p_14,44787174
FSNS,zfp_p_16,54096375
FSNS,zfp_p_18,63405554
FSNS,zfp_p_20,72714731
FSNS,zfp_p_22,82023944
FSNS,zfp_p_24,91333160
FSNS,zfp_p_26,100642369
FSNSC,orig,101551560
FSNSC,zfp_p_6,7686055
FSNSC,zfp_p_8,11133259
FSNSC,zfp_p_10,16635883
FSNSC,zfp_p_12,23792111
FSNSC,zfp_p_14,32632837
FSNSC,zfp_p_16,41946195
FSNSC,zfp_p_18,51255591
FSNSC,zfp_p_20,60564966
FSNSC,zfp_p_22,69874296
FSNSC,zfp_p_24,79183493
FSNSC,zfp_p_26,88492710
FSNTOA,orig,109931242
FSNTOA,zfp_p_6,7975181
FSNTOA,zfp_p_8,14371572
FSNTOA,zfp_p_10,23313661
FSNTOA,zfp_p_12,32543720
FSNTOA,zfp_p_14,41841519
FSNTOA,zfp_p_16,51149850
FSNTOA,zfp_p_18,60458824
FSNTOA,zfp_p_20,69768060
FSNTOA,zfp_p_22,79077327
FSNTOA,zfp_p_24,88386570
FSNTOA,zfp_p_26,97695825
ICEFRAC,orig,24115425
ICEFRAC,zfp_p_6,3403786
ICEFRAC,zfp_p_8,4817420
ICEFRAC,zfp_p_10,6455964
ICEFRAC,zfp_p_12,8316295
ICEFRAC,zfp_p_14,10328195
ICEFRAC,zfp_p_16,12424977
ICEFRAC,zfp_p_18,14564350
ICEFRAC,zfp_p_20,16723669
ICEFRAC,zfp_p_22,18892042
ICEFRAC,zfp_p_24,21064984
ICEFRAC,zfp_p_26,23239628
LHFLX,orig,130490587
LHFLX,zfp_p_6,11393577
LHFLX,zfp_p_8,18970847
LHFLX,zfp_p_10,28156855
LHFLX,zfp_p_12,38149405
LHFLX,zfp_p_14,48247624
LHFLX,zfp_p_16,58339786
LHFLX,zfp_p_18,68431343
LHFLX,zfp_p_20,78522886
LHFLX,zfp_p_22,88614403
LHFLX,zfp_p_24,98705892
LHFLX,zfp_p_26,108797410
pom_a1_SRF,orig,130248448
pom_a1_SRF,zfp_p_6,11820990
pom_a1_SRF,zfp_p_8,21247728
pom_a1_SRF,zfp_p_10,31243352
pom_a1_SRF,zfp_p_12,41305116
pom_a1_SRF,zfp_p_14,51388982
pom_a1_SRF,zfp_p_16,61479403
pom_a1_SRF,zfp_p_18,71570924
pom_a1_SRF,zfp_p_20,81662441
pom_a1_SRF,zfp_p_22,91753992
pom_a1_SRF,zfp_p_24,101845506
pom_a1_SRF,zfp_p_26,111937027
PRECL,orig,135276455
PRECL,zfp_p_6,14171200
PRECL,zfp_p_8,23786220
PRECL,zfp_p_10,33792556
PRECL,zfp_p_12,43846596
PRECL,zfp_p_14,53906152
PRECL,zfp_p_16,63966482
PRECL,zfp_p_18,74027022
PRECL,zfp_p_20,84087663
PRECL,zfp_p_22,94148362
PRECL,zfp_p_24,104209098
PRECL,zfp_p_26,114269843
PRECSC,orig,8239280
PRECSC,zfp_p_6,2028421
PRECSC,zfp_p_8,2729847
PRECSC,zfp_p_10,3426785
PRECSC,zfp_p_12,4124030
PRECSC,zfp_p_14,4819359
PRECSC,zfp_p_16,5514679
PRECSC,zfp_p_18,6209967
PRECSC,zfp_p_20,6905257
PRECSC,zfp_p_22,7600528
PRECSC,zfp_p_24,8295824
PRECSC,zfp_p_26,8991102
PRECSL,orig,102234476
PRECSL,zfp_p_6,12731851
PRECSL,zfp_p_8,21099245
PRECSL,zfp_p_10,29677040
PRECSL,zfp_p_12,38287829
PRECSL,zfp_p_14,46900810
PRECSL,zfp_p_16,55513464
PRECSL,zfp_p_18,64126015
PRECSL,zfp_p_20,72738672
PRECSL,zfp_p_22,81351410
PRECSL,zfp_p_24,89964160
PRECSL,zfp_p_26,98576944
PRECT,orig,133454667
PRECT,zfp_p_6,12773936
PRECT,zfp_p_8,22207054
PRECT,zfp_p_10,32215727
PRECT,zfp_p_12,42268249
PRECT,zfp_p_14,52327837
PRECT,zfp_p_16,62388300
PRECT,zfp_p_18,72448911
PRECT,zfp_p_20,82509730
PRECT,zfp_p_22,92570592
PRECT,zfp_p_24,102631490
PRECT,zfp_p_26,112692412
PRECTMX,orig,133454667
PRECTMX,zfp_p_6,12773936
PRECTMX,zfp_p_8,22207054
PRECTMX,zfp_p_10,32215727
PRECTMX,zfp_p_12,42268249
PRECTMX,zfp_p_14,52327837
PRECTMX,zfp_p_16,62388300
PRECTMX,zfp_p_18,72448911
PRECTMX,zfp_p_20,82509730
PRECTMX,zfp_p_22,92570592
PRECTMX,zfp_p_24,102631490
PRECTMX,zfp_p_26,112692412
PSL,orig,87659258
PSL,zfp_p_6,7362025
PSL,zfp_p_8,8623469
PSL,zfp_p_10,9975801
PSL,zfp_p_12,12126067
PSL,zfp_p_14,15804346
PSL,zfp_p_16,22051172
PSL,zfp_p_18,30620226
PSL,zfp_p_20,40512080
PSL,zfp_p_22,50562166
PSL,zfp_p_24,60640788
PSL,zfp_p_26,70730620
Q200,orig,119652802
Q200,zfp_p_6,8477690
Q200,zfp_p_8,13163635
Q200,zfp_p_10,20496920
Q200,zfp_p_12,29571481
Q200,zfp_p_14,39380656
Q200,zfp_p_16,49391013
Q200,zfp_p_18,59457925
Q200,zfp_p_20,69545487
Q200,zfp_p_22,79636997
Q200,zfp_p_24,89728597
Q200,zfp_p_26,99820134
Q500,orig,124718467
Q500,zfp_p_6,9234624
Q500,zfp_p_8,15087756
Q500,zfp_p_10,23683417
Q500,zfp_p_12,33425446
Q500,zfp_p_14,43432964
Q500,zfp_p_16,53500964
Q500,zfp_p_18,63588258
Q500,zfp_p_20,73679597
Q500,zfp_p_22,83771179
Q500,zfp_p_24,93862689
Q500,zfp_p_26,103954212
Q850,orig,121493883
Q850,zfp_p_6,8654915
Q850,zfp_p_8,13878305
Q850,zfp_p_10,22310178
Q850,zfp_p_12,32136413
Q850,zfp_p_14,42158449
Q850,zfp_p_16,52229029
Q850,zfp_p_18,62316568
Q850,zfp_p_20,72407759
Q850,zfp_p_22,82499311
Q850,zfp_p_24,92590918
Q850,zfp_p_26,102682443
QBOT,orig,119481295
QBOT,zfp_p_6,8475639
QBOT,zfp_p_8,13245670
QBOT,zfp_p_10,21272749
QBOT,zfp_p_12,31141230
QBOT,zfp_p_14,41192729
QBOT,zfp_p_16,51276251
QBOT,zfp_p_18,61366638
QBOT,zfp_p_20,71458057
QBOT,zfp_p_22,81549549
QBOT,zfp_p_24,91641055
QBOT,zfp_p_26,101732577
SHFLX,orig,131373812
SHFLX,zfp_p_6,11885526
SHFLX,zfp_p_8,20031474
SHFLX,zfp_p_10,29713671
SHFLX,zfp_p_12,39788668
SHFLX,zfp_p_14,49880815
SHFLX,zfp_p_16,59972076
SHFLX,zfp_p_18,70063481
SHFLX,zfp_p_20,80154991
SHFLX,zfp_p_22,90246482
SHFLX,zfp_p_24,100338010
SHFLX,zfp_p_26,110429536
so4_a1_SRF,orig,128623449
so4_a1_SRF,zfp_p_6,11305926
so4_a1_SRF,zfp_p_8,20750740
so4_a1_SRF,zfp_p_10,30746356
so4_a1_SRF,zfp_p_12,40809260
so4_a1_SRF,zfp_p_14,50893383
so4_a1_SRF,zfp_p_16,60983624
so4_a1_SRF,zfp_p_18,71075106
so4_a1_SRF,zfp_p_20,81166640
so4_a1_SRF,zfp_p_22,91258153
so4_a1_SRF,zfp_p_24,101349682
so4_a1_SRF,zfp_p_26,111441192
so4_a2_SRF,orig,128943112
so4_a2_SRF,zfp_p_6,11530958
so4_a2_SRF,zfp_p_8,20959754
so4_a2_SRF,zfp_p_10,30984168
so4_a2_SRF,zfp_p_12,41056730
so4_a2_SRF,zfp_p_14,51143776
so4_a2_SRF,zfp_p_16,61234751
so4_a2_SRF,zfp_p_18,71326362
so4_a2_SRF,zfp_p_20,81417861
so4_a2_SRF,zfp_p_22,91509387
so4_a2_SRF,zfp_p_24,101600890
so4_a2_SRF,zfp_p_26,111692403
so4_a3_SRF,orig,128935287
so4_a3_SRF,zfp_p_6,11244852
so4_a3_SRF,zfp_p_8,20580776
so4_a3_SRF,zfp_p_10,30568075
so4_a3_SRF,zfp_p_12,40627781
so4_a3_SRF,zfp_p_14,50711624
so4_a3_SRF,zfp_p_16,60802160
so4_a3_SRF,zfp_p_18,70893789
so4_a3_SRF,zfp_p_20,80985355
so4_a3_SRF,zfp_p_22,91076867
so4_a3_SRF,zfp_p_24,101168396
so4_a3_SRF,zfp_p_26,111259913
soa_a1_SRF,orig,131418187
soa_a1_SRF,zfp_p_6,12363892
soa_a1_SRF,zfp_p_8,21932880
soa_a1_SRF,zfp_p_10,31928355
soa_a1_SRF,zfp_p_12,41989660
soa_a1_SRF,zfp_p_14,52073359
soa_a1_SRF,zfp_p_16,62163745
soa_a1_SRF,zfp_p_18,72255227
soa_a1_SRF,zfp_p_20,82346833
soa_a1_SRF,zfp_p_22,92438391
soa_a1_SRF,zfp_p_24,102529904
soa_a1_SRF,zfp_p_26,112621428
soa_a2_SRF,orig,134162158
soa_a2_SRF,zfp_p_6,13457933
soa_a2_SRF,zfp_p_8,23259317
soa_a2_SRF,zfp_p_10,33285172
soa_a2_SRF,zfp_p_12,43358255
soa_a2_SRF,zfp_p_14,53445589
soa_a2_SRF,zfp_p_16,63536733
soa_a2_SRF,zfp_p_18,73628271
soa_a2_SRF,zfp_p_20,83719778
soa_a2_SRF,zfp_p_22,93811281
soa_a2_SRF,zfp_p_24,103902816
soa_a2_SRF,zfp_p_26,113994332
T010,orig,83226833
T010,zfp_p_6,7362045
T010,zfp_p_8,8642357
T010,zfp_p_10,10216048
T010,zfp_p_12,12414172
T010,zfp_p_14,15215470
T010,zfp_p_16,19050292
T010,zfp_p_18,24285977
T010,zfp_p_20,31628985
T010,zfp_p_22,40978144
T010,zfp_p_24,50969051
T010,zfp_p_26,61043010
T200,orig,91621173
T200,zfp_p_6,7362046
T200,zfp_p_8,8630610
T200,zfp_p_10,10322812
T200,zfp_p_12,13076858
T200,zfp_p_14,18340926
T200,zfp_p_16,26431834
T200,zfp_p_18,36020344
T200,zfp_p_20,45995444
T200,zfp_p_22,56048977
T200,zfp_p_24,66132800
T200,zfp_p_26,76223950
T500,orig,90493836
T500,zfp_p_6,7362046
T500,zfp_p_8,8630850
T500,zfp_p_10,10260125
T500,zfp_p_12,12779125
T500,zfp_p_14,17561578
T500,zfp_p_16,25559755
T500,zfp_p_18,35217852
T500,zfp_p_20,45217353
T500,zfp_p_22,55280202
T500,zfp_p_24,65366232
T500,zfp_p_26,75457485
T850,orig,92431646
T850,zfp_p_6,7364611
T850,zfp_p_8,8707443
T850,zfp_p_10,10546164
T850,zfp_p_12,13927968
T850,zfp_p_14,20180393
T850,zfp_p_16,29296327
T850,zfp_p_18,39241127
T850,zfp_p_20,49281938
T850,zfp_p_22,59356707
T850,zfp_p_24,69445229
T850,zfp_p_26,79536428
TAUX,orig,131772766
TAUX,zfp_p_6,11142974
TAUX,zfp_p_8,18436531
TAUX,zfp_p_10,27320036
TAUX,zfp_p_12,37112951
TAUX,zfp_p_14,47187862
TAUX,zfp_p_16,57282112
TAUX,zfp_p_18,67373875
TAUX,zfp_p_20,77465415
TAUX,zfp_p_22,87556948
TAUX,zfp_p_24,97648502
TAUX,zfp_p_26,107740020
TAUY,orig,132594558
TAUY,zfp_p_6,11293688
TAUY,zfp_p_8,18811246
TAUY,zfp_p_10,27879641
TAUY,zfp_p_12,37765945
TAUY,zfp_p_14,47854464
TAUY,zfp_p_16,57948139
TAUY,zfp_p_18,68039892
TAUY,zfp_p_20,78131387
TAUY,zfp_p_22,88222918
TAUY,zfp_p_24,98314422
TAUY,zfp_p_26,108405939
TMQ,orig,119905278
TMQ,zfp_p_6,8362105
TMQ,zfp_p_8,12720492
TMQ,zfp_p_10,20059227
TMQ,zfp_p_12,29412905
TMQ,zfp_p_14,39352913
TMQ,zfp_p_16,49403321
TMQ,zfp_p_18,59487956
TMQ,zfp_p_20,69579258
TMQ,zfp_p_22,79670857
TMQ,zfp_p_24,89762390
TMQ,zfp_p_26,99853899
TREFHT,orig,93970697
TREFHT,zfp_p_6,7363029
TREFHT,zfp_p_8,8743685
TREFHT,zfp_p_10,10828958
TREFHT,zfp_p_12,15142404
TREFHT,zfp_p_14,21605659
TREFHT,zfp_p_16,29852528
TREFHT,zfp_p_18,39557055
TREFHT,zfp_p_20,49645306
TREFHT,zfp_p_22,59738934
TREFHT,zfp_p_24,69830517
TREFHT,zfp_p_26,79922006
TREFHTMN,orig,95047407
TREFHTMN,zfp_p_6,7363397
TREFHTMN,zfp_p_8,8766224
TREFHTMN,zfp_p_10,11067563
TREFHTMN,zfp_p_12,16049311
TREFHTMN,zfp_p_14,23117838
TREFHTMN,zfp_p_16,32342277
TREFHTMN,zfp_p_18,42393829
TREFHTMN,zfp_p_20,52484516
TREFHTMN,zfp_p_22,62575654
TREFHTMN,zfp_p_24,72666956
TREFHTMN,zfp_p_26,82758465
TREFHTMX,orig,94325174
TREFHTMX,zfp_p_6,7362946
TREFHTMX,zfp_p_8,8741315
TREFHTMX,zfp_p_10,10904133
TREFHTMX,zfp_p_12,15506594
TREFHTMX,zfp_p_14,22312220
TREFHTMX,zfp_p_16,31271946
TREFHTMX,zfp_p_18,41315398
TREFHTMX,zfp_p_20,51407123
TREFHTMX,zfp_p_22,61498085
TREFHTMX,zfp_p_24,71589478
TREFHTMX,zfp_p_26,81680972
TS,orig,94048695
TS,zfp_p_6,7363362
TS,zfp_p_8,8769597
TS,zfp_p_10,11038594
TS,zfp_p_12,15843845
TS,zfp_p_14,22318594
TS,zfp_p_16,30077590
TS,zfp_p_18,39252278
TS,zfp_p_20,49251157
TS,zfp_p_22,59348970
TS,zfp_p_24,69440753
TS,zfp_p_26,79532254
U010,orig,110309249
U010,zfp_p_6,8306986
U010,zfp_p_8,11055786
U010,zfp_p_10,14763324
U010,zfp_p_12,19831719
U010,zfp_p_14,26378385
U010,zfp_p_16,34518157
U010,zfp_p_18,43790991
U010,zfp_p_20,53674761
U010,zfp_p_22,63745550
U010,zfp_p_24,73837263
U010,zfp_p_26,83929182
U200,orig,124102859
U200,zfp_p_6,9019214
U200,zfp_p_8,13118928
U200,zfp_p_10,19101113
U200,zfp_p_12,26928127
U200,zfp_p_14,36084286
U200,zfp_p_16,45907624
U200,zfp_p_18,55951784
U200,zfp_p_20,66037956
U200,zfp_p_22,76129117
U200,zfp_p_24,86220710
U200,zfp_p_26,96312193
U500,orig,126577820
U500,zfp_p_6,9383197
U500,zfp_p_8,14235706
U500,zfp_p_10,21333300
U500,zfp_p_12,30178565
U500,zfp_p_14,39892357
U500,zfp_p_16,49890771
U500,zfp_p_18,59961548
U500,zfp_p_20,70049750
U500,zfp_p_22,80141021
U500,zfp_p_24,90232556
U500,zfp_p_26,100324068
U850,orig,129197645
U850,zfp_p_6,10137238
U850,zfp_p_8,16168047
U850,zfp_p_10,24296821
U850,zfp_p_12,33703782
U850,zfp_p_14,43637479
U850,zfp_p_16,53689620
U850,zfp_p_18,63769280
U850,zfp_p_20,73858534
U850,zfp_p_22,83949956
U850,zfp_p_24,94041522
U850,zfp_p_26,104133047
VBOT,orig,131352247
VBOT,zfp_p_6,10595077
VBOT,zfp_p_8,17385743
VBOT,zfp_p_10,26163848
VBOT,zfp_p_12,35930296
VBOT,zfp_p_14,45956720
VBOT,zfp_p_16,56026109
VBOT,zfp_p_18,66112348
VBOT,zfp_p_20,76203131
VBOT,zfp_p_22,86294664
VBOT,zfp_p_24,96386181
VBOT,zfp_p_26,106477713
WSPDSRFAV,orig,124017002
WSPDSRFAV,zfp_p_6,9365797
WSPDSRFAV,zfp_p_8,15429728
WSPDSRFAV,zfp_p_10,23694964
WSPDSRFAV,zfp_p_12,33198726
WSPDSRFAV,zfp_p_14,43183724
WSPDSRFAV,zfp_p_16,53247467
WSPDSRFAV,zfp_p_18,63331218
WSPDSRFAV,zfp_p_20,73421576
WSPDSRFAV,zfp_p_22,83513141
WSPDSRFAV,zfp_p_24,93604694
WSPDSRFAV,zfp_p_26,103696210
Z050,orig,74037416
Z050,zfp_p_6,7362048
Z050,zfp_p_8,8623488
Z050,zfp_p_10,9958522
Z050,zfp_p_12,11615299
Z050,zfp_p_14,13709212
Z050,zfp_p_16,16544294
Z050,zfp_p_18,20657039
Z050,zfp_p_20,26954659
Z050,zfp_p_22,35568417
Z050,zfp_p_24,45439292
Z050,zfp_p_26,55492585
Z500,orig,89080506
Z500,zfp_p_6,7362049
Z500,zfp_p_8,8623750
Z500,zfp_p_10,10238913
Z500,zfp_p_12,12442121
Z500,zfp_p_14,16278072
Z500,zfp_p_16,22468438
Z500,zfp_p_18,30917473
Z500,zfp_p_20,40685357
Z500,zfp_p_22,50710794
Z500,zfp_p_24,60787747
Z500,zfp_p_26,70878461
bc_a1_SRF,orig,130195620
bc_a1_SRF,sz3_ROn0.1,1175043
bc_a1_SRF,sz3_ROn0.05,1457426
bc_a1_SRF,sz3_ROn0.01,2852193
bc_a1_SRF,sz3_ROn0.005,3886820
bc_a1_SRF,sz3_ROn0.001,8053975
bc_a1_SRF,sz3_ROn0.0005,10685488
bc_a1_SRF,sz3_ROn0.0001,19561253
bc_a1_SRF,sz3_ROn5e-05,24903054
bc_a1_SRF,sz3_ROn1e-05,42017415
bc_a1_SRF,sz3_ROn5e-06,51840409
bc_a1_SRF,sz3_ROn1e-06,79752129
dst_a1_SRF,orig,130490360
dst_a1_SRF,sz3_ROn0.1,1012818
dst_a1_SRF,sz3_ROn0.05,1132063
dst_a1_SRF,sz3_ROn0.01,1608319
dst_a1_SRF,sz3_ROn0.005,1947183
dst_a1_SRF,sz3_ROn0.001,3380011
dst_a1_SRF,sz3_ROn0.0005,4375980
dst_a1_SRF,sz3_ROn0.0001,7792053
dst_a1_SRF,sz3_ROn5e-05,9915531
dst_a1_SRF,sz3_ROn1e-05,17086443
dst_a1_SRF,sz3_ROn5e-06,21318055
dst_a1_SRF,sz3_ROn1e-06,34225516
dst_a3_SRF,orig,130585375
dst_a3_SRF,sz3_ROn0.1,1006807
dst_a3_SRF,sz3_ROn0.05,1117005
dst_a3_SRF,sz3_ROn0.01,1544263
dst_a3_SRF,sz3_ROn0.005,1831026
dst_a3_SRF,sz3_ROn0.001,3020751
dst_a3_SRF,sz3_ROn0.0005,3840861
dst_a3_SRF,sz3_ROn0.0001,6639416
dst_a3_SRF,sz3_ROn5e-05,8364382
dst_a3_SRF,sz3_ROn1e-05,13948097
dst_a3_SRF,sz3_ROn5e-06,17217660
dst_a3_SRF,sz3_ROn1e-06,26840229
FLNS,orig,126786118
FLNS,sz3_ROn0.1,3148150
FLNS,sz3_ROn0.05,5586934
FLNS,sz3_ROn0.01,15217311
FLNS,sz3_ROn0.005,20524011
FLNS,sz3_ROn0.001,34418143
FLNS,sz3_ROn0.0005,41643372
FLNS,sz3_ROn0.0001,63208294
FLNS,sz3_ROn5e-05,76413192
FLNS,sz3_ROn1e-05,124020286
FLNS,sz3_ROn5e-06,152793453
FLNS,sz3_ROn1e-06,239912187
FLNSC,orig,115992914
FLNSC,sz3_ROn0.1,2138202
FLNSC,sz3_ROn0.05,3546546
FLNSC,sz3_ROn0.01,9931413
FLNSC,sz3_ROn0.005,14310547
FLNSC,sz3_ROn0.001,27080303
FLNSC,sz3_ROn0.0005,33635263
FLNSC,sz3_ROn0.0001,52743939
FLNSC,sz3_ROn5e-05,64073227
FLNSC,sz3_ROn1e-05,100540985
FLNSC,sz3_ROn5e-06,123764645
FLNSC,sz3_ROn1e-06,186983011
FLUT,orig,110063996
FLUT,sz3_ROn0.1,2425034
FLUT,sz3_ROn0.05,4016390
FLUT,sz3_ROn0.01,11677478
FLUT,sz3_ROn0.005,16252705
FLUT,sz3_ROn0.001,28958981
FLUT,sz3_ROn0.0005,35356232
FLUT,sz3_ROn0.0001,55887284
FLUT,sz3_ROn5e-05,68190674
FLUT,sz3_ROn1e-05,105092792
FLUT,sz3_ROn5e-06,129295112
FLUT,sz3_ROn1e-06,200667858
FSNS,orig,115138403
FSNS,sz3_ROn0.1,4181144
FSNS,sz3_ROn0.05,6869409
FSNS,sz3_ROn0.01,16261695
FSNS,sz3_ROn0.005,21313140
FSNS,sz3_ROn0.001,35247816
FSNS,sz3_ROn0.0005,42545747
FSNS,sz3_ROn0.0001,65555010
FSNS,sz3_ROn5e-05,80362286
FSNS,sz3_ROn1e-05,134403787
FSNS,sz3_ROn5e-06,166739098
FSNS,sz3_ROn1e-06,227856971
FSNSC,orig,101551560
FSNSC,sz3_ROn0.1,1845474
FSNSC,sz3_ROn0.05,2736839
FSNSC,sz3_ROn0.01,6989168
FSNSC,sz3_ROn0.005,10112088
FSNSC,sz3_ROn0.001,20798838
FSNSC,sz3_ROn0.0005,26503371
FSNSC,sz3_ROn0.0001,43563284
FSNSC,sz3_ROn5e-05,53364043
FSNSC,sz3_ROn1e-05,84354660
FSNSC,sz3_ROn5e-06,101525122
FSNSC,sz3_ROn1e-06,148593675
FSNTOA,orig,109931242
FSNTOA,sz3_ROn0.1,3212908
FSNTOA,sz3_ROn0.05,5485819
FSNTOA,sz3_ROn0.01,14136082
FSNTOA,sz3_ROn0.005,18898274
FSNTOA,sz3_ROn0.001,32302393
FSNTOA,sz3_ROn0.0005,39005512
FSNTOA,sz3_ROn0.0001,59855979
FSNTOA,sz3_ROn5e-05,73055979
FSNTOA,sz3_ROn1e-05,121156353
FSNTOA,sz3_ROn5e-06,149588409
FSNTOA,sz3_ROn1e-06,222402277
ICEFRAC,orig,24115425
ICEFRAC,sz3_ROn0.1,2055269
ICEFRAC,sz3_ROn0.05,2499924
ICEFRAC,sz3_ROn0.01,4267694
ICEFRAC,sz3_ROn0.005,5416203
ICEFRAC,sz3_ROn0.001,9729135
ICEFRAC,sz3_ROn0.0005,12647917
ICEFRAC,sz3_ROn0.0001,21574154
ICEFRAC,sz3_ROn5e-05,26097362
ICEFRAC,sz3_ROn1e-05,35715926
ICEFRAC,sz3_ROn5e-06,38442113
ICEFRAC,sz3_ROn1e-06,43813494
LHFLX,orig,130490587
LHFLX,sz3_ROn0.1,1986868
LHFLX,sz3_ROn0.05,3237043
LHFLX,sz3_ROn0.01,8852453
LHFLX,sz3_ROn0.005,12678058
LHFLX,sz3_ROn0.001,24110921
LHFLX,sz3_ROn0.0005,30350888
LHFLX,sz3_ROn0.0001,48144749
LHFLX,sz3_ROn5e-05,58788711
LHFLX,sz3_ROn1e-05,93878209
LHFLX,sz3_ROn5e-06,114584705
LHFLX,sz3_ROn1e-06,170523803
pom_a1_SRF,orig,130248448
pom_a1_SRF,sz3_ROn0.1,1078584
pom_a1_SRF,sz3_ROn0.05,1284095
pom_a1_SRF,sz3_ROn0.01,2344911
pom_a1_SRF,sz3_ROn0.005,3198164
pom_a1_SRF,sz3_ROn0.001,6657269
pom_a1_SRF,sz3_ROn0.0005,8931879
pom_a1_SRF,sz3_ROn0.0001,16610098
pom_a1_SRF,sz3_ROn5e-05,21264263
pom_a1_SRF,sz3_ROn1e-05,36273334
pom_a1_SRF,sz3_ROn5e-06,44999131
pom_a1_SRF,sz3_ROn1e-06,70664785
PRECL,orig,135276455
PRECL,sz3_ROn0.1,1394267
PRECL,sz3_ROn0.05,1864320
PRECL,sz3_ROn0.01,4248982
PRECL,sz3_ROn0.005,6088580
PRECL,sz3_ROn0.001,13703234
PRECL,sz3_ROn0.0005,18552485
PRECL,sz3_ROn0.0001,32704249
PRECL,sz3_ROn5e-05,40488111
PRECL,sz3_ROn1e-05,63999332
PRECL,sz3_ROn5e-06,76855993
PRECL,sz3_ROn1e-06,114865587
PRECSC,orig,8239280
PRECSC,sz3_ROn0.1,1114042
PRECSC,sz3_ROn0.05,1269035
PRECSC,sz3_ROn0.01,1759507
PRECSC,sz3_ROn0.005,2070228
PRECSC,sz3_ROn0.001,3259799
PRECSC,sz3_ROn0.0005,3964785
PRECSC,sz3_ROn0.0001,6115773
PRECSC,sz3_ROn5e-05,7265219
PRECSC,sz3_ROn1e-05,10004852
PRECSC,sz3_ROn5e-06,10955111
PRECSC,sz3_ROn1e-06,12054617
PRECSL,orig,102234476
PRECSL,sz3_ROn0.1,1361751
PRECSL,sz3_ROn0.05,1742785
PRECSL,sz3_ROn0.01,3456317
PRECSL,sz3_ROn0.005,4651659
PRECSL,sz3_ROn0.001,9005773
PRECSL,sz3_ROn0.0005,11576716
PRECSL,sz3_ROn0.0001,19976546
PRECSL,sz3_ROn5e-05,24822888
PRECSL,sz3_ROn1e-05,39731202
PRECSL,sz3_ROn5e-06,48253865
PRECSL,sz3_ROn1e-06,71938964
PRECT,orig,133454667
PRECT,sz3_ROn0.1,1504040
PRECT,sz3_ROn0.05,2155752
PRECT,sz3_ROn0.01,5535560
PRECT,sz3_ROn0.005,7995657
PRECT,sz3_ROn0.001,17257029
PRECT,sz3_ROn0.0005,22457357
PRECT,sz3_ROn0.0001,37731891
PRECT,sz3_ROn5e-05,46381324
PRECT,sz3_ROn1e-05,73907931
PRECT,sz3_ROn5e-06,89176779
PRECT,sz3_ROn1e-06,135198576
PRECTMX,orig,133454667
PRECTMX,sz3_ROn0.1,1504040
PRECTMX,sz3_ROn0.05,2155752
PRECTMX,sz3_ROn0.01,5535560
PRECTMX,sz3_ROn0.005,7995657
PRECTMX,sz3_ROn0.001,17257029
PRECTMX,sz3_ROn0.0005,22457357
PRECTMX,sz3_ROn0.0001,37731891
PRECTMX,sz3_ROn5e-05,46381324
PRECTMX,sz3_ROn1e-05,73907931
PRECTMX,sz3_ROn5e-06,89176779
PRECTMX,sz3_ROn1e-06,135198576
PSL,orig,87659258
PSL,sz3_ROn0.1,1231755
PSL,sz3_ROn0.05,1603181
PSL,sz3_ROn0.01,4145772
PSL,sz3_ROn0.005,6272382
PSL,sz3_ROn0.001,14499246
PSL,sz3_ROn0.0005,19142198
PSL,sz3_ROn0.0001,32457177
PSL,sz3_ROn5e-05,39718116
PSL,sz3_ROn1e-05,66518732
PSL,sz3_ROn5e-06,81012833
PSL,sz3_ROn1e-06,120066023
Q200,orig,119652802
Q200,sz3_ROn0.1,1765309
Q200,sz3_ROn0.05,2596738
Q200,sz3_ROn0.01,6451877
Q200,sz3_ROn0.005,9303029
Q200,sz3_ROn0.001,18848007
Q200,sz3_ROn0.0005,24211186
Q200,sz3_ROn0.0001,39977483
Q200,sz3_ROn5e-05,49090203
Q200,sz3_ROn1e-05,79484772
Q200,sz3_ROn5e-06,95919768
Q200,sz3_ROn1e-06,139711634
Q500,orig,124718467
Q500,sz3_ROn0.1,2123637
Q500,sz3_ROn0.05,3281671
Q500,sz3_ROn0.01,8407121
Q500,sz3_ROn0.005,11996941
Q500,sz3_ROn0.001,22934213
Q500,sz3_ROn0.0005,28737019
Q500,sz3_ROn0.0001,45773337
Q500,sz3_ROn5e-05,56175967
Q500,sz3_ROn1e-05,90771956
Q500,sz3_ROn5e-06,109469639
Q500,sz3_ROn1e-06,159031314
Q850,orig,121493883
Q850,sz3_ROn0.1,2015481
Q850,sz3_ROn0.05,3208885
Q850,sz3_ROn0.01,8983769
Q850,sz3_ROn0.005,13001763
Q850,sz3_ROn0.001,24601271
Q850,sz3_ROn0.0005,30580226
Q850,sz3_ROn0.0001,47915716
Q850,sz3_ROn5e-05,58108168
Q850,sz3_ROn1e-05,94017422
Q850,sz3_ROn5e-06,114383975
Q850,sz3_ROn1e-06,173501092
QBOT,orig,119481295
QBOT,sz3_ROn0.1,1775410
QBOT,sz3_ROn0.05,2751798
QBOT,sz3_ROn0.01,7953615
QBOT,sz3_ROn0.005,11648479
QBOT,sz3_ROn0.001,22777439
QBOT,sz3_ROn0.0005,28692802
QBOT,sz3_ROn0.0001,45596102
QBOT,sz3_ROn5e-05,55428012
QBOT,sz3_ROn1e-05,88868642
QBOT,sz3_ROn5e-06,106918000
QBOT,sz3_ROn1e-06,164003855
SHFLX,orig,131373812
SHFLX,sz3_ROn0.1,1924239
SHFLX,sz3_ROn0.05,2994731
SHFLX,sz3_ROn0.01,7931477
SHFLX,sz3_ROn0.005,11474244
SHFLX,sz3_ROn0.001,23224817
SHFLX,sz3_ROn0.0005,29604016
SHFLX,sz3_ROn0.0001,47700691
SHFLX,sz3_ROn5e-05,58077252
SHFLX,sz3_ROn1e-05,91689609
SHFLX,sz3_ROn5e-06,111905189
SHFLX,sz3_ROn1e-06,167012336
so4_a1_SRF,orig,128623449
so4_a1_SRF,sz3_ROn0.1,1353183
so4_a1_SRF,sz3_ROn0.05,1842602
so4_a1_SRF,sz3_ROn0.01,4508342
so4_a1_SRF,sz3_ROn0.005,6704335
so4_a1_SRF,sz3_ROn0.001,15275762
so4_a1_SRF,sz3_ROn0.0005,20293850
so4_a1_SRF,sz3_ROn0.0001,35207007
so4_a1_SRF,sz3_ROn5e-05,43474038
so4_a1_SRF,sz3_ROn1e-05,69188383
so4_a1_SRF,sz3_ROn5e-06,83666896
so4_a1_SRF,sz3_ROn1e-06,127846432
so4_a2_SRF,orig,128943112
so4_a2_SRF,sz3_ROn0.1,1256682
so4_a2_SRF,sz3_ROn0.05,1644112
so4_a2_SRF,sz3_ROn0.01,4018299
so4_a2_SRF,sz3_ROn0.005,6174929
so4_a2_SRF,sz3_ROn0.001,14763110
so4_a2_SRF,sz3_ROn0.0005,19838450
so4_a2_SRF,sz3_ROn0.0001,34490075
so4_a2_SRF,sz3_ROn5e-05,42215643
so4_a2_SRF,sz3_ROn1e-05,65806429
so4_a2_SRF,sz3_ROn5e-06,79366880
so4_a2_SRF,sz3_ROn1e-06,122616623
so4_a3_SRF,orig,128935287
so4_a3_SRF,sz3_ROn0.1,1091691
so4_a3_SRF,sz3_ROn0.05,1300245
so4_a3_SRF,sz3_ROn0.01,2463062
so4_a3_SRF,sz3_ROn0.005,3543370
so4_a3_SRF,sz3_ROn0.001,8351234
so4_a3_SRF,sz3_ROn0.0005,11666339
so4_a3_SRF,sz3_ROn0.0001,22469831
so4_a3_SRF,sz3_ROn5e-05,28386465
so4_a3_SRF,sz3_ROn1e-05,46371307
so4_a3_SRF,sz3_ROn5e-06,56594339
so4_a3_SRF,sz3_ROn1e-06,87086910
soa_a1_SRF,orig,131418187
soa_a1_SRF,sz3_ROn0.1,1501246
soa_a1_SRF,sz3_ROn0.05,2070938
soa_a1_SRF,sz3_ROn0.01,4475535
soa_a1_SRF,sz3_ROn0.005,6125507
soa_a1_SRF,sz3_ROn0.001,11826786
soa_a1_SRF,sz3_ROn0.0005,15228674
soa_a1_SRF,sz3_ROn0.0001,26645141
soa_a1_SRF,sz3_ROn5e-05,33637964
soa_a1_SRF,sz3_ROn1e-05,56460375
soa_a1_SRF,sz3_ROn5e-06,69201632
soa_a1_SRF,sz3_ROn1e-06,99910525
soa_a2_SRF,orig,134162158
soa_a2_SRF,sz3_ROn0.1,1526901
soa_a2_SRF,sz3_ROn0.05,2102113
soa_a2_SRF,sz3_ROn0.01,4662924
soa_a2_SRF,sz3_ROn0.005,6397304
soa_a2_SRF,sz3_ROn0.001,12515651
soa_a2_SRF,sz3_ROn0.0005,16270235
soa_a2_SRF,sz3_ROn0.0001,28959633
soa_a2_SRF,sz3_ROn5e-05,36598757
soa_a2_SRF,sz3_ROn1e-05,60456926
soa_a2_SRF,sz3_ROn5e-06,73424336
soa_a2_SRF,sz3_ROn1e-06,107304282
T010,orig,83226833
T010,sz3_ROn0.1,1021262
T010,sz3_ROn0.05,1105918
T010,sz3_ROn0.01,1510503
T010,sz3_ROn0.005,1831263
T010,sz3_ROn0.001,3206129
T010,sz3_ROn0.0005,4500063
T010,sz3_ROn0.0001,10171095
T010,sz3_ROn5e-05,14232975
T010,sz3_ROn1e-05,25682988
T010,sz3_ROn5e-06,32143896
T010,sz3_ROn1e-06,55526170
T200,orig,91621173
T200,sz3_ROn0.1,1262018
T200,sz3_ROn0.05,1577080
T200,sz3_ROn0.01,4165868
T200,sz3_ROn0.005,6511066
T200,sz3_ROn0.001,14619020
T200,sz3_ROn0.0005,19057474
T200,sz3_ROn0.0001,31578846
T200,sz3_ROn5e-05,38464921
T200,sz3_ROn1e-05,65185658
T200,sz3_ROn5e-06,79384302
T200,sz3_ROn1e-06,123746823
T500,orig,90493836
T500,sz3_ROn0.1,1184216
T500,sz3_ROn0.05,1429933
T500,sz3_ROn0.01,3786987
T500,sz3_ROn0.005,6072911
T500,sz3_ROn0.001,14169743
T500,sz3_ROn0.0005,18620321
T500,sz3_ROn0.0001,31549246
T500,sz3_ROn5e-05,38200016
T500,sz3_ROn1e-05,62871998
T500,sz3_ROn5e-06,77267740
T500,sz3_ROn1e-06,121228030
T850,orig,92431646
T850,sz3_ROn0.1,1312075
T850,sz3_ROn0.05,1747619
T850,sz3_ROn0.01,4686305
T850,sz3_ROn0.005,7347112
T850,sz3_ROn0.001,16743589
T850,sz3_ROn0.0005,21945084
T850,sz3_ROn0.0001,36421192
T850,sz3_ROn5e-05,44092009
T850,sz3_ROn1e-05,71139450
T850,sz3_ROn5e-06,86338355
T850,sz3_ROn1e-06,132801382
TAUX,orig,131772766
TAUX,sz3_ROn0.1,1322301
TAUX,sz3_ROn0.05,1848074
TAUX,sz3_ROn0.01,5306077
TAUX,sz3_ROn0.005,8052549
TAUX,sz3_ROn0.001,17674492
TAUX,sz3_ROn0.0005,22889383
TAUX,sz3_ROn0.0001,37617774
TAUX,sz3_ROn5e-05,46084124
TAUX,sz3_ROn1e-05,73705014
TAUX,sz3_ROn5e-06,88929376
TAUX,sz3_ROn1e-06,136969115
TAUY,orig,132594558
TAUY,sz3_ROn0.1,1374263
TAUY,sz3_ROn0.05,1959031
TAUY,sz3_ROn0.01,5603027
TAUY,sz3_ROn0.005,8425862
TAUY,sz3_ROn0.001,18269671
TAUY,sz3_ROn0.0005,23667820
TAUY,sz3_ROn0.0001,39047959
TAUY,sz3_ROn5e-05,47767191
TAUY,sz3_ROn1e-05,75398606
TAUY,sz3_ROn5e-06,90816001
TAUY,sz3_ROn1e-06,139470982
TMQ,orig,119905278
TMQ,sz3_ROn0.1,1690291
TMQ,sz3_ROn0.05,2615446
TMQ,sz3_ROn0.01,7401394
TMQ,sz3_ROn0.005,10602133
TMQ,sz3_ROn0.001,20909004
TMQ,sz3_ROn0.0005,26337238
TMQ,sz3_ROn0.0001,41501754
TMQ,sz3_ROn5e-05,50165710
TMQ,sz3_ROn1e-05,82624586
TMQ,sz3_ROn5e-06,99998831
TMQ,sz3_ROn1e-06,151280667
TREFHT,orig,93970697
TREFHT,sz3_ROn0.1,1338531
TREFHT,sz3_ROn0.05,1923368
TREFHT,sz3_ROn0.01,5513736
TREFHT,sz3_ROn0.005,8222336
TREFHT,sz3_ROn0.001,18000320
TREFHT,sz3_ROn0.0005,23171264
TREFHT,sz3_ROn0.0001,38586360
TREFHT,sz3_ROn5e-05,47298430
TREFHT,sz3_ROn1e-05,75485217
TREFHT,sz3_ROn5e-06,91526810
TREFHT,sz3_ROn1e-06,143209464
TREFHTMN,orig,95047407
TREFHTMN,sz3_ROn0.1,1432166
TREFHTMN,sz3_ROn0.05,2205983
TREFHTMN,sz3_ROn0.01,6490331
TREFHTMN,sz3_ROn0.005,9634669
TREFHTMN,sz3_ROn0.001,20572040
TREFHTMN,sz3_ROn0.0005,26259554
TREFHTMN,sz3_ROn0.0001,43118280
TREFHTMN,sz3_ROn5e-05,52249275
TREFHTMN,sz3_ROn1e-05,82193476
TREFHTMN,sz3_ROn5e-06,99813392
TREFHTMN,sz3_ROn1e-06,156146265
TREFHTMX,orig,94325174
TREFHTMX,sz3_ROn0.1,1349741
TREFHTMX,sz3_ROn0.05,2012633
TREFHTMX,sz3_ROn0.01,5854644
TREFHTMX,sz3_ROn0.005,8775927
TREFHTMX,sz3_ROn0.001,19198624
TREFHTMX,sz3_ROn0.0005,24608696
TREFHTMX,sz3_ROn0.0001,40792151
TREFHTMX,sz3_ROn5e-05,49845617
TREFHTMX,sz3_ROn1e-05,78744202
TREFHTMX,sz3_ROn5e-06,95582992
TREFHTMX,sz3_ROn1e-06,149135407
TS,orig,94048695
TS,sz3_ROn0.1,1441549
TS,sz3_ROn0.05,2185971
TS,sz3_ROn0.01,6150507
TS,sz3_ROn0.005,8869207
TS,sz3_ROn0.001,18640271
TS,sz3_ROn0.0005,23998034
TS,sz3_ROn0.0001,39878046
TS,sz3_ROn5e-05,49046765
TS,sz3_ROn1e-05,78820991
TS,sz3_ROn5e-06,95816946
TS,sz3_ROn1e-06,147638356
U010,orig,110309249
U010,sz3_ROn0.1,1070064
U010,sz3_ROn0.05,1207021
U010,sz3_ROn0.01,1810973
U010,sz3_ROn0.005,2278612
U010,sz3_ROn0.001,4528070
U010,sz3_ROn0.0005,6368550
U010,sz3_ROn0.0001,13648778
U010,sz3_ROn5e-05,18119677
U010,sz3_ROn1e-05,28235132
U010,sz3_ROn5e-06,34125461
U010,sz3_ROn1e-06,55111847
U200,orig,124102859
U200,sz3_ROn0.1,1329663
U200,sz3_ROn0.05,1725007
U200,sz3_ROn0.01,4116687
U200,sz3_ROn0.005,5888097
U200,sz3_ROn0.001,13832443
U200,sz3_ROn0.0005,18292022
U200,sz3_ROn0.0001,26920003
U200,sz3_ROn5e-05,32204744
U200,sz3_ROn1e-05,50281747
U200,sz3_ROn5e-06,63853814
U200,sz3_ROn1e-06,111175272
U500,orig,126577820
U500,sz3_ROn0.1,1419643
U500,sz3_ROn0.05,1950230
U500,sz3_ROn0.01,5171164
U500,sz3_ROn0.005,7614198
U500,sz3_ROn0.001,16445584
U500,sz3_ROn0.0005,20462183
U500,sz3_ROn0.0001,31627967
U500,sz3_ROn5e-05,37918164
U500,sz3_ROn1e-05,62261821
U500,sz3_ROn5e-06,83581496
U500,sz3_ROn1e-06,127769449
U850,orig,129197645
U850,sz3_ROn0.1,1660530
U850,sz3_ROn0.05,2562945
U850,sz3_ROn0.01,7161187
U850,sz3_ROn0.005,10252239
U850,sz3_ROn0.001,20753997
U850,sz3_ROn0.0005,25914329
U850,sz3_ROn0.0001,40191380
U850,sz3_ROn5e-05,48229270
U850,sz3_ROn1e-05,83215699
U850,sz3_ROn5e-06,99888747
U850,sz3_ROn1e-06,149939360
VBOT,orig,131352247
VBOT,sz3_ROn0.1,1810310
VBOT,sz3_ROn0.05,2947640
VBOT,sz3_ROn0.01,8451790
VBOT,sz3_ROn0.005,11862289
VBOT,sz3_ROn0.001,22112220
VBOT,sz3_ROn0.0005,27190763
VBOT,sz3_ROn0.0001,42550320
VBOT,sz3_ROn5e-05,55747786
VBOT,sz3_ROn1e-05,90365368
VBOT,sz3_ROn5e-06,108367902
VBOT,sz3_ROn1e-06,163823123
WSPDSRFAV,orig,124017002
WSPDSRFAV,sz3_ROn0.1,2451202
WSPDSRFAV,sz3_ROn0.05,4107358
WSPDSRFAV,sz3_ROn0.01,10981331
WSPDSRFAV,sz3_ROn0.005,15137284
WSPDSRFAV,sz3_ROn0.001,26767461
WSPDSRFAV,sz3_ROn0.0005,32541707
WSPDSRFAV,sz3_ROn0.0001,52490448
WSPDSRFAV,sz3_ROn5e-05,66410681
WSPDSRFAV,sz3_ROn1e-05,103720198
WSPDSRFAV,sz3_ROn5e-06,127119106
WSPDSRFAV,sz3_ROn1e-06,190825215
Z050,orig,74037416
Z050,sz3_ROn0.1,1023440
Z050,sz3_ROn0.05,1112141
Z050,sz3_ROn0.01,1501605
Z050,sz3_ROn0.005,1758843
Z050,sz3_ROn0.001,3182752
Z050,sz3_ROn0.0005,4801971
Z050,sz3_ROn0.0001,11538882
Z050,sz3_ROn5e-05,16121257
Z050,sz3_ROn1e-05,30370182
Z050,sz3_ROn5e-06,38334572
Z050,sz3_ROn1e-06,66284290
Z500,orig,89080506
Z500,sz3_ROn0.1,1133865
Z500,sz3_ROn0.05,1312185
Z500,sz3_ROn0.01,2646515
Z500,sz3_ROn0.005,4087185
Z500,sz3_ROn0.001,10008839
Z500,sz3_ROn0.0005,14088150
Z500,sz3_ROn0.0001,25396623
Z500,sz3_ROn5e-05,31447594
Z500,sz3_ROn1e-05,51821473
Z500,sz3_ROn5e-06,63930258
Z500,sz3_ROn1e-06,98835694