set,time,ssim_fp,ks_p_value,spatial_rel_error,max_spatial_rel_error,pearson_correlation_coefficient
br_1_so4_a1_SRF,0,0.7093177784099949,4.5676219017674227e-98,99.42491319444444,0.199997329703001,0.9918827215712882
br_1_so4_a1_SRF,1,0.6592954628038694,3.864859243833919e-93,99.39597800925925,0.19998039197547318,0.9917472274309621
br_1_so4_a1_SRF,2,0.741833579000064,1.5337062147824564e-84,99.43395543981481,0.19998588537109316,0.992798708801002
br_1_so4_a1_SRF,3,0.7482099240552401,8.544538870979509e-57,99.43576388888889,0.19994849827159245,0.9928369250092914
br_1_so4_a1_SRF,4,0.7270911068717266,6.547112721608802e-61,99.36161747685185,0.19999107350879675,0.9932974777144925
br_1_so4_a1_SRF,5,0.7569152432725164,1.1150781444058521e-47,99.46650752314815,0.19999420161813,0.9935778767721686
br_1_so4_a1_SRF,6,0.8037708081435259,1.3259144109204142e-41,99.38331886574075,0.1999755851924192,0.9934886222032686
br_1_so4_a1_SRF,7,0.7636694298815998,3.094369253451478e-44,99.47916666666666,0.19999938964797184,0.9928152695698316
br_1_so4_a1_SRF,8,0.7881909440435827,7.792846042652648e-47,99.38331886574075,0.19999374384756044,0.9938022342540562
br_1_so4_a1_SRF,9,0.7712390859559494,9.084405795632564e-111,99.45565682870371,0.19999938964797184,0.9933435052848594
br_1_so4_a1_SRF,10,0.7532603977608335,6.696532387901389e-92,99.39236111111111,0.19999580381099794,0.9933160995595476
br_1_so4_a1_SRF,11,0.7400257720225494,9.745016828772588e-100,99.44299768518519,0.1999839779506082,0.9925706384133608
br_1_so4_a1_SRF,12,0.72783702164594,1.9097797535903793e-118,99.46469907407408,0.19999931335390284,0.9929042153227887
br_1_so4_a1_SRF,13,0.7220039882833671,5.180423169891116e-136,99.43214699074075,0.19999282830484968,0.9924103804775734
br_1_so4_a1_SRF,14,0.7104508225999775,2.3804943531611856e-103,99.45927372685185,0.19999740599744834,0.9926704874967082
br_1_so4_a1_SRF,15,0.7483853508925935,1.221552954862169e-53,99.48097511574075,0.19999923705981928,0.9925602431642886
br_1_so4_a1_SRF,16,0.7934405059496936,2.4382122177610383e-46,99.45384837962963,0.19998855574449173,0.9929858460951931
br_1_so4_a1_SRF,17,0.7649432154259718,4.232983040621182e-50,99.40682870370371,0.19999107350879675,0.9933786930747844
br_1_so4_a1_SRF,18,0.7824619443954189,1.3422141747455315e-53,99.47193287037037,0.1999749748031364,0.9930366930067607
br_1_so4_a1_SRF,19,0.7832464948424998,7.269411694586539e-53,99.39416956018519,0.19999069203037526,0.9927611825474554
br_1_so4_a1_SRF,20,0.7718152263192755,1.0031108187327433e-57,99.42310474537037,0.19999450679821867,0.9932404850429465
br_1_so4_a1_SRF,21,0.6935247024408299,1.3514554467179118e-72,99.47374131944444,0.19999603269516947,0.993509526537964
br_1_so4_a1_SRF,22,0.6944006751289651,1.715783489595577e-92,99.49363425925925,0.19998954759292795,0.9934616831562306
br_1_so4_a1_SRF,23,0.7042531414243317,1.9194550860900841e-122,99.48820891203704,0.1999707020520771,0.9929104850970294
br_1_so4_a1_SRF,24,0.6909305954783101,3.950466397396904e-168,99.47554976851852,0.19999794005817237,0.992488258143823
br_1_so4_a1_SRF,25,0.723080624266944,5.375297715120465e-179,99.43214699074075,0.19999664305231993,0.992750109443013
br_1_so4_a1_SRF,26,0.7477849943052602,5.027107913665341e-89,99.43033854166666,0.19999877929501236,0.9920907762926071
br_1_so4_a1_SRF,27,0.7553382214854187,6.868235229353742e-63,99.4773582175926,0.19998939500102092,0.9923073344077726
br_1_so4_a1_SRF,28,0.725104819679215,1.0814122581692241e-60,99.38331886574075,0.19999816894112155,0.9932071999689047
br_1_so4_a1_SRF,29,0.7651614065168008,2.932498105388157e-66,99.45203993055556,0.1999837490595388,0.9930964085676528
br_1_so4_a1_SRF,30,0.77879170770296,1.25859574705689e-49,99.41225405092592,0.19999816894112155,0.9936652063672973
br_1_so4_a1_SRF,31,0.7648133786035082,5.224174145519666e-54,99.41044560185185,0.19999862670662696,0.9932715111409844
br_1_so4_a1_SRF,32,0.7655331546262902,1.1954524330927001e-60,99.41225405092592,0.19998611426094012,0.9934417869107552
br_1_so4_a1_SRF,33,0.7001510716308896,9.492475132454713e-83,99.46469907407408,0.19999420161813,0.9932725990563621
br_1_so4_a1_SRF,34,0.7246827784650256,8.996063381829163e-109,99.44480613425925,0.19999931335390284,0.992906396656624
br_1_so4_a1_SRF,35,0.7377497195775732,1.87042760118859e-114,99.40863715277779,0.19998748759727153,0.992218754177504
br_1_so4_a1_SRF,36,0.7334480560763486,1.507447974968422e-153,99.40682870370371,0.19996887085908036,0.9923403357698823
br_1_so4_a1_SRF,37,0.7179480753953955,1.4848986292454056e-135,99.46831597222221,0.1999715413460657,0.9921336049788523
br_1_so4_a1_SRF,38,0.7334394715571791,1.5156720967484468e-92,99.4285300925926,0.19999740599744834,0.9924765337086598
br_1_so4_a1_SRF,39,0.6934647272473061,6.788847084117402e-52,99.39236111111111,0.19999969482410235,0.9931287730938663
br_1_so4_a1_SRF,40,0.7988450121238652,2.4500564871245046e-50,99.37246817129629,0.19999488827300207,0.9937112894010957
br_1_so4_a1_SRF,41,0.768548381239163,1.4068716678143365e-39,99.39597800925925,0.19999900817748129,0.9936227225355329
br_1_so4_a1_SRF,42,0.7727225223257687,2.9759086135691836e-51,99.37065972222221,0.19999740599744834,0.9937116923767142
br_1_so4_a1_SRF,43,0.8204997880614862,4.5811178360321644e-48,99.42672164351852,0.1999999237060474,0.9930504555327931
br_1_so4_a1_SRF,44,0.7530221260736494,7.623043010878279e-54,99.40682870370371,0.19999961853009154,0.9931027410807507
br_1_so4_a1_SRF,45,0.7844161555833691,3.400740470891925e-77,99.47916666666666,0.19997962899789262,0.992484620256449
br_1_so4_a1_SRF,46,0.707556887314411,1.5517175025524763e-101,99.4484230324074,0.1999976348807031,0.9931039800948858
br_1_so4_a1_SRF,47,0.7518506304188691,5.03986214669491e-150,99.39597800925925,0.19999664305231993,0.9930883769795632
br_1_so4_a1_SRF,48,0.6835144675118489,6.914839728771168e-150,99.40863715277779,0.19999961853009154,0.9924625156086335
br_1_so4_a1_SRF,49,0.7541358248420229,1.8993836191798797e-106,99.37608506944444,0.19999443050321833,0.9925688689127893
br_1_so4_a1_SRF,50,0.6979769617516481,1.8325013747255016e-83,99.37608506944444,0.19997795044209268,0.9926290628192322
br_1_so4_a1_SRF,51,0.6634191024223207,1.562565978045399e-66,99.37065972222221,0.19999420161813,0.9925629884881377
br_1_so4_a1_SRF,52,0.7036968089841261,9.49935780695608e-71,99.4140625,0.1999954986318988,0.9931271260320018
br_1_so4_a1_SRF,53,0.8075027736245879,7.447802372896091e-52,99.37065972222221,0.19999687193601126,0.9935175499661857
br_1_so4_a1_SRF,54,0.82375895338965,1.885369377835408e-64,99.43576388888889,0.19998191792626843,0.993534359092372
br_1_so4_a1_SRF,55,0.7675099320827242,5.988738733921115e-39,99.43033854166666,0.19998458832615298,0.993140906805777
br_1_so4_a1_SRF,56,0.7536210416910155,8.610914177629321e-55,99.43395543981481,0.19998413054458172,0.9922296859419435
br_1_so4_a1_SRF,57,0.7116480881545993,5.445715408167803e-91,99.45384837962963,0.19998947129698172,0.9933253430214636
br_1_so4_a1_SRF,58,0.7077713214510969,7.475491269392708e-107,99.48278356481481,0.1999886320406126,0.992356110828411
br_1_so4_a1_SRF,59,0.7252107247343104,1.4420160065505517e-118,99.15002893518519,0.19999961853009154,0.9930746708799385
br_1_so4_a1_SRF,60,0.7076474837891245,1.3873373465950678e-159,99.40321180555556,0.19998344387124253,0.9936302525495985
br_1_so4_a1_SRF,61,0.7337317655434255,1.0838691740681878e-122,99.39416956018519,0.19999969482410235,0.9924372047060531
br_1_so4_a1_SRF,62,0.6686910635209623,1.1084306598931362e-99,99.45203993055556,0.19999671934689825,0.9928121472485362
br_1_so4_a1_SRF,63,0.7325918237082674,2.9008370747163234e-59,99.42672164351852,0.1999946593881757,0.9927467948019261
br_1_so4_a1_SRF,64,0.7272816062927677,9.820462069146705e-51,99.40682870370371,0.19995879914775275,0.9928897147875769
br_1_so4_a1_SRF,65,0.7691363492734413,8.271348947607756e-46,99.41225405092592,0.19999702452506604,0.9932980916563796
br_1_so4_a1_SRF,66,0.8147204774705807,1.8749527342503947e-46,99.44480613425925,0.19998275719672456,0.9935309477633409
br_1_so4_a1_SRF,67,0.7662573776696472,6.949905665156597e-46,99.41044560185185,0.19999649046311962,0.9931342939622649
br_1_so4_a1_SRF,68,0.7399782044505456,5.864327597238415e-64,99.47554976851852,0.19999542233708764,0.9937805526923756
br_1_so4_a1_SRF,69,0.7235876927223304,2.7398308948237925e-98,99.41948784722221,0.19999794005817237,0.9934348959780176
br_1_so4_a1_SRF,70,0.6700039567386671,2.492704388692905e-78,99.43395543981481,0.19999542233708764,0.9924211796442991
br_1_so4_a1_SRF,71,0.6523779972898568,2.734981650665412e-117,99.37789351851852,0.19999938964797184,0.9922775665704037
br_1_so4_a1_SRF,72,0.7077769519703382,5.771898045707822e-143,99.45927372685185,0.199997329703001,0.992194163593036
br_1_so4_a1_SRF,73,0.744234097618237,7.159123984952142e-130,99.43938078703704,0.1999753562965473,0.9926997594241505
br_1_so4_a1_SRF,74,0.7029872399666508,1.831242862506581e-103,99.43395543981481,0.19999069203037526,0.9922910510380684
br_1_so4_a1_SRF,75,0.7366122667100244,1.9276782702664084e-66,99.42129629629629,0.19999649046311962,0.9928677621721161
br_1_so4_a1_SRF,76,0.7298472825961693,2.0121790602624916e-63,99.42129629629629,0.19999626157921002,0.9932621101133562
br_1_so4_a1_SRF,77,0.7840227680944571,3.0943692534522893e-44,99.43214699074075,0.19998786907874905,0.9938179710085403
br_1_so4_a1_SRF,78,0.7706989381368907,1.4439304101214912e-40,99.46831597222221,0.19999542233708764,0.9933573251171933
br_1_so4_a1_SRF,79,0.7670399062607637,7.1364143487377e-47,99.3995949074074,0.19999946594202628,0.9930939505065607
br_1_so4_a1_SRF,80,0.7544450338400297,1.5690277893834977e-69,99.41948784722221,0.19999832152968156,0.9929222351034922
br_1_so4_a1_SRF,81,0.7882158557397906,5.953541472697296e-94,99.44480613425925,0.19999382014269176,0.9928473063657799
br_1_so4_a1_SRF,82,0.7453992883199828,9.084405795632564e-111,99.50267650462963,0.1999954986318988,0.9929231697167664
br_1_so4_a1_SRF,83,0.7183965535085196,3.836182969992003e-107,99.34172453703704,0.19996551365014742,0.9925987374581039
br_1_so4_a1_SRF,84,0.7074588020470921,1.2506405325493429e-147,99.45384837962963,0.19999435420820344,0.993092072822196
br_1_so4_a1_SRF,85,0.7380194559292157,2.4885102893693505e-92,98.97822627314815,0.1999793238064529,0.9930887473735429
br_1_so4_a1_SRF,86,0.6787433560946006,9.125289774948207e-90,99.4140625,0.19995551815672735,0.9931338992337071
br_1_so4_a1_SRF,87,0.7209901316941683,1.2465669776574906e-64,99.41044560185185,0.19999877929501236,0.9928864026568615
br_1_so4_a1_SRF,88,0.7358125639646607,8.523886474226459e-71,99.30374710648148,0.19999320978123383,0.9932979938461163
br_1_so4_a1_SRF,89,0.7629645717674376,7.447802372898738e-52,99.42310474537037,0.19998161273657508,0.9929414778093759
br_1_so4_a1_SRF,90,0.805034519944908,2.940328905131001e-50,99.3995949074074,0.1999946593881757,0.993099919674669
br_1_so4_a1_SRF,91,0.7909813704780829,2.042132914282212e-56,99.45927372685185,0.19999618528454438,0.9936850372340348
br_1_so4_a1_SRF,92,0.8000001368796738,1.7003857128396909e-50,99.43395543981481,0.19998222311572894,0.9931538928262117
br_1_so4_a1_SRF,93,0.6833904957576494,1.076527201615351e-114,99.39236111111111,0.19999694823054592,0.9929662627429025
br_1_so4_a1_SRF,94,0.6955335935809364,3.9149313696263383e-87,99.33629918981481,0.19999450679821867,0.9933514227991718
br_1_so4_a1_SRF,95,0.6686855504648986,7.1214106803271925e-124,99.39236111111111,0.19999931335390284,0.9924426707070167
br_1_so4_a1_SRF,96,0.7292289980072135,4.100719342725751e-157,99.42129629629629,0.19999977111809858,0.9935766514963472
br_1_so4_a1_SRF,97,0.6804615721188232,5.001830384618757e-141,99.43395543981481,0.19998031567778063,0.9933367754041339
br_1_so4_a1_SRF,98,0.7196681179287095,2.2817687100493173e-95,99.43214699074075,0.1999934386668897,0.9935224038317597
br_1_so4_a1_SRF,99,0.7208859294013474,1.6279264502143226e-74,99.3995949074074,0.19995841763855104,0.9922985353471492
br_2_so4_a1_SRF,0,0.7919986549680293,7.306150598142233e-31,98.85525173611111,0.1111056480542911,0.9979903169080586
br_2_so4_a1_SRF,1,0.827486202746317,1.713107392129515e-30,98.84801793981481,0.11110461194973252,0.9980324057189728
br_2_so4_a1_SRF,2,0.8159207044492619,4.98719163761001e-22,98.90046296296296,0.11110357584275854,0.998141002755393
br_2_so4_a1_SRF,3,0.8400523719875249,8.860194328095569e-18,98.88057002314815,0.11110291650069931,0.9981403242831494
br_2_so4_a1_SRF,4,0.8131032455870626,2.198871404085024e-17,98.83174189814815,0.11110188038977287,0.99834006923639
br_2_so4_a1_SRF,5,0.8855394486151367,1.2582720715136105e-12,98.90046296296296,0.11110065589192751,0.9983112808635828
br_2_so4_a1_SRF,6,0.8857651724924976,2.1092883380676665e-13,98.67440682870371,0.1111088505440196,0.9982857608925955
br_2_so4_a1_SRF,7,0.8969500574781022,1.213834375204562e-14,98.92758969907408,0.11111092273095931,0.9981298394232075
br_2_so4_a1_SRF,8,0.8863337850863096,6.372082703196339e-13,98.77748842592592,0.11110781444692672,0.9983169768938246
br_2_so4_a1_SRF,9,0.8403094210278782,5.114618614384235e-31,98.85344328703704,0.11108021569895736,0.998354333301799
br_2_so4_a1_SRF,10,0.8199920832578174,1.252971714935015e-26,98.81546585648148,0.11110866216290964,0.9981838456441479
br_2_so4_a1_SRF,11,0.7988031260187782,2.383197503543021e-28,98.83716724537037,0.11106608598381681,0.998222343235231
br_2_so4_a1_SRF,12,0.7781102649344876,4.762017403555526e-31,98.85886863425925,0.11108963525950528,0.9982220543456359
br_2_so4_a1_SRF,13,0.7994120521586151,1.123331861004176e-41,98.85163483796296,0.11111064016058189,0.9980414070228445
br_2_so4_a1_SRF,14,0.848929701842164,1.5816035624258425e-28,98.90950520833334,0.1110864326313177,0.998087805669883
br_2_so4_a1_SRF,15,0.8414218583500352,5.341294891792668e-21,98.9113136574074,0.11110188038977287,0.998185449613697
br_2_so4_a1_SRF,16,0.8753384750911322,1.38594858966011e-13,98.83535879629629,0.11110913311553483,0.9981818946709052
br_2_so4_a1_SRF,17,0.8593605643339679,7.881000837517516e-14,98.88057002314815,0.11111007501928809,0.9982832942183271
br_2_so4_a1_SRF,18,0.9004188407708474,3.554675738057812e-15,98.88599537037037,0.11109283786461573,0.9982516906302161
br_2_so4_a1_SRF,19,0.9028954747165884,1.1828905422380452e-16,98.83716724537037,0.11108059248521224,0.9983452022412035
br_2_so4_a1_SRF,20,0.8905937526335529,1.6006396270055374e-15,98.85886863425925,0.111100844276431,0.9982262415896042
br_2_so4_a1_SRF,21,0.81247437879623,8.040312995312359e-21,98.88961226851852,0.11110969825802632,0.9983831968354923
br_2_so4_a1_SRF,22,0.8379501445024383,1.0274609915834974e-26,98.92035590277779,0.11110272811707417,0.9982271932060949
br_2_so4_a1_SRF,23,0.7851849288722834,7.435196320872757e-37,98.92035590277779,0.11110225715766195,0.9981813814513307
br_2_so4_a1_SRF,24,0.8367502165606772,3.954891582603108e-43,98.87333622685185,0.11111101692104519,0.9981153592275916
br_2_so4_a1_SRF,25,0.8473029056663036,2.9163955456230698e-65,98.78472222222221,0.11110253973336916,0.9978982793451299
br_2_so4_a1_SRF,26,0.8066992469171935,2.8674911960118578e-25,98.85525173611111,0.11102303468253116,0.9981289403778503
br_2_so4_a1_SRF,27,0.853289579264279,3.2242436454957926e-20,98.89865451388889,0.11108501969978087,0.9980904385393787
br_2_so4_a1_SRF,28,0.8130339893814463,3.168600151854414e-18,98.83174189814815,0.111104423566826,0.9982007355428937
br_2_so4_a1_SRF,29,0.8867878284391699,8.52285799604432e-21,98.92216435185185,0.11110489452394258,0.9983402044165794
br_2_so4_a1_SRF,30,0.9131715430189111,1.7910808566868218e-16,98.84982638888889,0.1111097924483717,0.9982885779035695
br_2_so4_a1_SRF,31,0.8922146762428262,3.3604339475155994e-17,98.87152777777779,0.11110065589192751,0.9982500690296096
br_2_so4_a1_SRF,32,0.8860975371986807,3.681227331478581e-16,98.8624855324074,0.11111045178023046,0.9982475910942803
br_2_so4_a1_SRF,33,0.8758982305909048,1.4911621287447451e-22,98.88237847222221,0.11110809701910068,0.9982719921210346
br_2_so4_a1_SRF,34,0.8554446296553351,2.931767699752751e-33,98.90769675925925,0.11110847378171983,0.9980928524741466
br_2_so4_a1_SRF,35,0.8178790039033852,2.1887905108212018e-43,98.83897569444444,0.1111087563534746,0.9981039344989371
br_2_so4_a1_SRF,36,0.7979906417183419,1.1107715469131424e-43,98.87333622685185,0.11110866216290964,0.9980035302870384
br_2_so4_a1_SRF,37,0.8322689181719528,4.093731800038854e-36,98.876953125,0.11110781444692672,0.9980967683355614
br_2_so4_a1_SRF,38,0.7997975201042559,2.225985337093935e-28,98.85886863425925,0.11110056169964583,0.9979958969044688
br_2_so4_a1_SRF,39,0.8763254177736332,4.611918953187173e-17,98.7937644675926,0.11109896042780296,0.9981866256623554
br_2_so4_a1_SRF,40,0.8780077450809803,2.318520158405256e-16,98.80461516203704,0.11110790863767134,0.9982656651865016
br_2_so4_a1_SRF,41,0.9245684822254252,3.5155646630741274e-12,98.79918981481481,0.1110809692711477,0.9982459489421425
br_2_so4_a1_SRF,42,0.8955735632232348,3.1565078883147175e-16,98.81546585648148,0.11109462754565562,0.998179759070304
br_2_so4_a1_SRF,43,0.8838877276752634,5.4002338394096836e-17,98.81184895833334,0.11109839527165749,0.9982429540979206
br_2_so4_a1_SRF,44,0.8285945656216419,3.1898690252644744e-14,98.90588831018519,0.11110649577440611,0.9982826118146343
br_2_so4_a1_SRF,45,0.845858841059016,2.2101603677181134e-21,98.91673900462963,0.11111082854085345,0.9982115322658316
br_2_so4_a1_SRF,46,0.8412406205898775,2.0790686554997595e-28,98.88961226851852,0.11110291650069931,0.9981149271899113
br_2_so4_a1_SRF,47,0.8211906304760255,2.8479400734197073e-53,98.8425925925926,0.11110630739229806,0.9981614505744502
br_2_so4_a1_SRF,48,0.8147431255857864,1.7958500771928437e-42,98.85163483796296,0.11109594625338945,0.9980665943019682
br_2_so4_a1_SRF,49,0.8029423536109889,2.8253652249371627e-29,98.779296875,0.11110489452394258,0.9981328786727116
br_2_so4_a1_SRF,50,0.8435899538589926,3.037312209423642e-23,98.77387152777779,0.11108586745924198,0.9982110588430282
br_2_so4_a1_SRF,51,0.8006872359562276,8.545800398837649e-22,98.78291377314815,0.11109745334315138,0.9981966905228398
br_2_so4_a1_SRF,52,0.8853441845439202,1.82595496285893e-25,98.89322916666666,0.11110301069248195,0.99820220618817
br_2_so4_a1_SRF,53,0.8997444888049608,2.161250471295397e-15,98.80099826388889,0.11110140942946235,0.998252539409249
br_2_so4_a1_SRF,54,0.8836469072690174,6.900314162637276e-26,98.93482349537037,0.11110545967182375,0.9983083245072001
br_2_so4_a1_SRF,55,0.8955765171628924,8.00151249776944e-13,98.8136574074074,0.11110734349290421,0.9982465092294137
br_2_so4_a1_SRF,56,0.8868794247734028,3.4974091331627956e-16,98.86429398148148,0.11110319907598733,0.9982770499472721
br_2_so4_a1_SRF,57,0.8557597141416671,2.8556095634785674e-23,98.85525173611111,0.11105205002205783,0.9982479407763701
br_2_so4_a1_SRF,58,0.8501402735128247,2.579920357073504e-35,98.91673900462963,0.11110658996543019,0.9981467437601301
br_2_so4_a1_SRF,59,0.8100077507790883,1.6202159961796997e-33,98.57494212962963,0.11110734349290421,0.998173506007413
br_2_so4_a1_SRF,60,0.8080295201272446,4.14134199863422e-42,98.86971932870371,0.11109952558322977,0.9982548261509017
br_2_so4_a1_SRF,61,0.8019854495916523,4.418029110539433e-32,98.88237847222221,0.11106985395177532,0.9980831822443063
br_2_so4_a1_SRF,62,0.8392034505521533,8.291208417383458e-34,98.86067708333334,0.11110998082900259,0.9980862225714179
br_2_so4_a1_SRF,63,0.8755194675422342,4.516689271322389e-16,98.83355034722221,0.11107983891238307,0.9981426521022853
br_2_so4_a1_SRF,64,0.879792856072446,3.295064230112218e-19,98.87514467592592,0.11110932149644517,0.9982333350832095
br_2_so4_a1_SRF,65,0.892462243918353,4.124030813352775e-15,98.83897569444444,0.11108530228644757,0.9983043719511876
br_2_so4_a1_SRF,66,0.8791508855796628,1.2743521166148765e-14,98.86610243055556,0.11111007501928809,0.9982306910391018
br_2_so4_a1_SRF,67,0.849765522694654,3.4974091331627956e-16,98.85886863425925,0.11110046750734417,0.9982808369406138
br_2_so4_a1_SRF,68,0.9019595986781862,3.542819720031156e-17,98.92758969907408,0.1110948159327143,0.9984309115504949
br_2_so4_a1_SRF,69,0.8818860855399888,4.9797625074379286e-26,98.83716724537037,0.11109773592191281,0.9983164111760671
br_2_so4_a1_SRF,70,0.795388819030264,3.435765140319951e-23,98.86610243055556,0.11110404680077342,0.9982615580942874
br_2_so4_a1_SRF,71,0.8409653464394236,1.748469837030013e-36,98.81727430555556,0.11110197458177508,0.998154823663291
br_2_so4_a1_SRF,72,0.8090152967429542,9.681621436131143e-38,98.81908275462963,0.11106212958308148,0.9979522034794555
br_2_so4_a1_SRF,73,0.7945142411640449,4.230464454213534e-34,98.87514467592592,0.11110866216290964,0.9981047449487265
br_2_so4_a1_SRF,74,0.8518835841953404,4.052649543235656e-27,98.83355034722221,0.11110197458177508,0.9980579987357875
br_2_so4_a1_SRF,75,0.8650848849570814,3.938719884493548e-18,98.83535879629629,0.11105723113337711,0.9981563511468329
br_2_so4_a1_SRF,76,0.8101829260128552,4.375287430445244e-17,98.86067708333334,0.11110724930203983,0.998218392814576
br_2_so4_a1_SRF,77,0.9222886325567403,4.842770224849426e-13,98.86971932870371,0.11110235134958432,0.9983783358650672
br_2_so4_a1_SRF,78,0.894423285375333,4.842770224849768e-13,98.80280671296296,0.11109707657119,0.9982930235282932
br_2_so4_a1_SRF,79,0.8962245244990514,4.250408958219576e-14,98.85344328703704,0.11107154952693529,0.9981943924178517
br_2_so4_a1_SRF,80,0.8738149028893635,1.1307404126041771e-19,98.60749421296296,0.11109952558322977,0.9983250335557492
br_2_so4_a1_SRF,81,0.8463108971881756,1.5093809716668893e-24,98.81727430555556,0.11110348165109568,0.9981985570338716
br_2_so4_a1_SRF,82,0.8399905172287835,6.476685477487552e-29,98.94567418981481,0.11108746877825666,0.9981561967081297
br_2_so4_a1_SRF,83,0.8220364165841588,1.0406260649745678e-40,98.77206307870371,0.11110075008418924,0.9981998109218859
br_2_so4_a1_SRF,84,0.8253184138315789,2.366167637679396e-41,98.88961226851852,0.11110480033255919,0.9982050250228515
br_2_so4_a1_SRF,85,0.858890838097076,7.034187181080555e-25,98.36697048611111,0.11110291650069931,0.998207676031916
br_2_so4_a1_SRF,86,0.8696054052433151,9.943536720279787e-30,98.87152777777779,0.11109783011479338,0.9982182840215125
br_2_so4_a1_SRF,87,0.86335993666614,3.295064230112784e-19,98.8425925925926,0.11110998082900259,0.998168180666401
br_2_so4_a1_SRF,88,0.7991877583758547,2.798739631347211e-21,98.7160011574074,0.1110904830101627,0.9982081550596186
br_2_so4_a1_SRF,89,0.8979766017098735,8.514954720382753e-20,98.82450810185185,0.11105704273038729,0.9982371036660115
br_2_so4_a1_SRF,90,0.8917803111449844,2.3908320453946154e-14,98.80461516203704,0.11110131523734036,0.9983243610390716
br_2_so4_a1_SRF,91,0.8786329457186408,1.1588302159112204e-17,98.89684606481481,0.11110188038977287,0.9982662470748621
br_2_so4_a1_SRF,92,0.8798772090922969,2.5475822095926197e-18,98.83897569444444,0.11109990235311508,0.9983429279019537
br_2_so4_a1_SRF,93,0.8436871587805972,1.879561305611602e-33,98.83897569444444,0.11109236689472327,0.9981705195303495
br_2_so4_a1_SRF,94,0.8153756897247273,1.947775816076207e-25,98.75759548611111,0.11111073435072766,0.9982405728544477
br_2_so4_a1_SRF,95,0.8258520466178998,3.5252084482350055e-47,98.85344328703704,0.11109377980290347,0.9980797010109858
br_2_so4_a1_SRF,96,0.7828820562624119,1.3139196353746485e-44,98.84801793981481,0.11111101692104519,0.9982095493371856
br_2_so4_a1_SRF,97,0.8083988682787568,5.558925086395589e-45,98.84982638888889,0.11110545967182375,0.9982515371508779
br_2_so4_a1_SRF,98,0.8614379471264552,2.1234966598823662e-26,98.86429398148148,0.11110018493031946,0.9983153650004615
br_2_so4_a1_SRF,99,0.860151781681017,7.143790693838696e-22,98.81184895833334,0.11109528690001161,0.998188693078184
br_3_so4_a1_SRF,0,0.9035801594165315,5.94130731358946e-10,97.75571469907408,0.05881888311395724,0.9994820161927243
br_3_so4_a1_SRF,1,0.9019035296879678,1.9916648390754754e-08,97.67975983796296,0.05882067827991189,0.9994906516445742
br_3_so4_a1_SRF,2,0.9141881909557874,5.513205454926227e-06,97.71050347222221,0.05881772153233744,0.9995326277473023
br_3_so4_a1_SRF,3,0.9285349761993645,2.5472479499572537e-06,97.7683738425926,0.05880832317560278,0.9995452654868137
br_3_so4_a1_SRF,4,0.8993902248898611,4.490502221259643e-05,97.67252604166666,0.05879385567535454,0.9995531376232281
br_3_so4_a1_SRF,5,0.9354541871082358,2.0311331363124544e-05,97.76475694444444,0.05881444796871021,0.9995760516949551
br_3_so4_a1_SRF,6,0.9395306531823832,0.00035251579959036654,97.56582754629629,0.05882194545175685,0.9995839245071799
br_3_so4_a1_SRF,7,0.9359824625483869,0.000247512515255797,97.79369212962963,0.05880747837029763,0.9995506175363705
br_3_so4_a1_SRF,8,0.9309977990705869,0.00018176279259688824,97.56582754629629,0.05878266153784529,0.9995768734237306
br_3_so4_a1_SRF,9,0.8925013261643611,1.4854527499892122e-08,97.70869502314815,0.058822262244184936,0.9995884536854894
br_3_so4_a1_SRF,10,0.9234323241352168,1.453977042691669e-07,97.63274016203704,0.05878561850570718,0.9995392633717715
br_3_so4_a1_SRF,11,0.8810724245254541,8.842259573531523e-09,97.6906105324074,0.05881508156344751,0.9995519720916156
br_3_so4_a1_SRF,12,0.863431186878813,7.0642344389376785e-09,97.69422743055556,0.058817827130785,0.9995560898418492
br_3_so4_a1_SRF,13,0.8930019579535032,1.7236974270529203e-12,97.69965277777779,0.0588203614864175,0.9994997958035933
br_3_so4_a1_SRF,14,0.9052560373718826,1.3108603088394669e-07,97.81177662037037,0.05881772153233744,0.9995140601719423
br_3_so4_a1_SRF,15,0.9270608034785005,8.940097586486143e-08,97.82081886574075,0.058819833496786274,0.9995370616104466
br_3_so4_a1_SRF,16,0.9257410802096595,0.000734365589878947,97.69241898148148,0.058823423814596716,0.9995458004496621
br_3_so4_a1_SRF,17,0.9175493813251401,5.0177810613631514e-05,97.72316261574075,0.058821100670906006,0.9995638363336009
br_3_so4_a1_SRF,18,0.9543858184948,4.130164467989629e-05,97.67614293981481,0.05881951670272319,0.9995775599225285
br_3_so4_a1_SRF,19,0.9198837374751295,1.312463891817248e-05,97.77741608796296,0.05877505782088558,0.9995517955889404
br_3_so4_a1_SRF,20,0.9565346617592206,8.902777442790482e-05,97.69241898148148,0.058817827130785,0.9995468830177052
br_3_so4_a1_SRF,21,0.922870174016832,4.754677010187969e-07,97.76294849537037,0.058821734256686305,0.999587912840158
br_3_so4_a1_SRF,22,0.9396735037250062,4.754677010187969e-07,97.41753472222221,0.05881814392598547,0.9995500077356371
br_3_so4_a1_SRF,23,0.8877453025402996,2.883290529074949e-10,97.7683738425926,0.058813075177186244,0.9995194850700497
br_3_so4_a1_SRF,24,0.8949102406581165,2.2799725852039065e-11,97.67975983796296,0.058820572682104125,0.9995216331139434
br_3_so4_a1_SRF,25,0.8980906450163545,2.3188854843089107e-17,97.59657118055556,0.05880990718146228,0.9995135920659722
br_3_so4_a1_SRF,26,0.9087151920601187,1.5049653456704746e-07,97.69241898148148,0.05882321262018965,0.9995118173845856
br_3_so4_a1_SRF,27,0.8967483883434326,7.242334282306613e-08,97.7195457175926,0.058823423814596716,0.9995207665003779
br_3_so4_a1_SRF,28,0.9177081123066321,6.0853587746749593e-05,97.69422743055556,0.05880114228216775,0.9995423271695082
br_3_so4_a1_SRF,29,0.9300526924873695,5.6553035608144415e-08,97.77741608796296,0.05882025588853865,0.9995577791929074
br_3_so4_a1_SRF,30,0.9357513936525849,0.00010456820927322704,97.71412037037037,0.05881529276150371,0.999554959608924
br_3_so4_a1_SRF,31,0.9352788774770003,6.416412986759058e-06,97.75209780092592,0.05880325432102312,0.9995542414577439
br_3_so4_a1_SRF,32,0.9449244785599498,9.475877704656678e-07,97.65986689814815,0.058823001425687804,0.9995682779896649
br_3_so4_a1_SRF,33,0.9146630494979969,4.451443425671182e-06,97.63997395833334,0.0588221566467326,0.9995551037333623
br_3_so4_a1_SRF,34,0.911510113941991,2.00551580630735e-11,97.74486400462963,0.058780971833582364,0.9995334045668338
br_3_so4_a1_SRF,35,0.8684401645903334,1.624440103550914e-14,97.76294849537037,0.05881381437311984,0.9995213252740673
br_3_so4_a1_SRF,36,0.8572218149787781,2.8213340050277325e-11,97.73401331018519,0.0587975517943597,0.9994982532295017
br_3_so4_a1_SRF,37,0.8993717989174698,2.1846280076878582e-11,97.71050347222221,0.05880367672765673,0.9995006937927362
br_3_so4_a1_SRF,38,0.8797688790462669,8.632520062640034e-08,97.66529224537037,0.05881201918098121,0.9995020628107789
br_3_so4_a1_SRF,39,0.9108207675292744,2.246500910779221e-06,97.64901620370371,0.05880959038071691,0.9995470077751328
br_3_so4_a1_SRF,40,0.9218216027421725,4.7471694659234154e-05,97.71050347222221,0.05881846072097269,0.9995440830277419
br_3_so4_a1_SRF,41,0.9408608256987403,1.610761057104714e-05,97.00882523148148,0.05881613755278068,0.9995586555740158
br_3_so4_a1_SRF,42,0.946805722049403,5.187270975440694e-06,97.5929542824074,0.058822473439018516,0.9995599339908079
br_3_so4_a1_SRF,43,0.9325308379985139,7.024843224355129e-06,97.61103877314815,0.05882268463375732,0.9995702344799937
br_3_so4_a1_SRF,44,0.9130177143026426,0.00047464495392984183,97.75390625,0.05879184919859489,0.9995710647257052
br_3_so4_a1_SRF,45,0.9179867505304861,3.078694521531669e-08,97.77018229166666,0.05879364446767744,0.9995443997189206
br_3_so4_a1_SRF,46,0.9258537442068713,3.6856268780495864e-08,97.64539930555556,0.05881909431030734,0.9995443741919334
br_3_so4_a1_SRF,47,0.9131526835960254,1.1257228059117757e-15,97.67252604166666,0.05881719353974425,0.999525395524295
br_3_so4_a1_SRF,48,0.8693713637849919,6.2305823905998025e-12,97.76475694444444,0.058813603174400146,0.9995126473395325
br_3_so4_a1_SRF,49,0.8986586272881502,8.335222915867516e-08,97.59657118055556,0.058821734256686305,0.9995141605828615
br_3_so4_a1_SRF,50,0.8821451393118512,1.4406237527660475e-06,97.69784432870371,0.05880832317560278,0.9995198666008057
br_3_so4_a1_SRF,51,0.9017102121303734,3.520815089702258e-07,97.5441261574074,0.05880705596707634,0.9995326730304701
br_3_so4_a1_SRF,52,0.9636236557475238,4.568425063490614e-08,97.65082465277779,0.058814342369504384,0.999541149331784
br_3_so4_a1_SRF,53,0.932403497699096,1.0786513566826659e-06,97.68880208333334,0.058815609558410295,0.999582562671978
br_3_so4_a1_SRF,54,0.9291190938179869,6.433626887140301e-10,97.74848090277779,0.05882078387769596,0.9995642433271738
br_3_so4_a1_SRF,55,0.9292853177353241,7.569823317250805e-05,97.65625,0.058788786664941764,0.9995749616494182
br_3_so4_a1_SRF,56,0.9087614595378399,9.912224565855981e-05,97.67252604166666,0.05878202789945765,0.9995653512729691
br_3_so4_a1_SRF,57,0.923336261308906,2.6282888608800847e-06,97.70146122685185,0.05881571515733176,0.999565712670686
br_3_so4_a1_SRF,58,0.8964428341649103,3.440238556534081e-09,97.81901041666666,0.058813286376142894,0.9995163808670434
br_3_so4_a1_SRF,59,0.899224451068104,9.188831042923468e-10,97.43381076388889,0.05881909431030734,0.9995211254597135
br_3_so4_a1_SRF,60,0.904888721430981,6.509334404344568e-12,97.64539930555556,0.0588050495465975,0.9995523036095287
br_3_so4_a1_SRF,61,0.9004490675960394,1.4149362671111662e-09,97.70688657407408,0.05878044379975603,0.9995153615209522
br_3_so4_a1_SRF,62,0.8795512321477944,1.9997792458340538e-10,97.69241898148148,0.0587996638493291,0.9995407889193114
br_3_so4_a1_SRF,63,0.9069973095409577,6.606232578749716e-05,97.7195457175926,0.058794806108728476,0.9995168714745796
br_3_so4_a1_SRF,64,0.9551423369349844,6.836997033586797e-07,97.68518518518519,0.058796706969717845,0.9995524246097687
br_3_so4_a1_SRF,65,0.9344111803996671,2.3479718065213143e-07,97.63274016203704,0.058813286376142894,0.9995703439511073
br_3_so4_a1_SRF,66,0.929512016757189,0.0001018106610997419,97.705078125,0.05881814392598547,0.9995586540771813
br_3_so4_a1_SRF,67,0.9318408750239267,3.905443927253578e-05,97.72316261574075,0.05880335992271706,0.9995706578861706
br_3_so4_a1_SRF,68,0.9255958031888556,8.435453561512865e-05,97.81901041666666,0.05881793272920885,0.9996037118834249
br_3_so4_a1_SRF,69,0.9265587240877504,5.080930299508707e-07,97.68337673611111,0.058816665546558664,0.9995715240764335
br_3_so4_a1_SRF,70,0.8632709070158763,3.2921172812563324e-07,97.71050347222221,0.058804521539786526,0.9995442057165309
br_3_so4_a1_SRF,71,0.881100596959964,1.529745656013546e-09,97.66529224537037,0.05877421295586198,0.9995074297350511
br_3_so4_a1_SRF,72,0.9141704461901509,1.3829378552948123e-10,97.52061631944444,0.05881444796871021,0.9994959332394776
br_3_so4_a1_SRF,73,0.8875713484117097,1.4409975476166842e-10,97.66710069444444,0.05881254717937993,0.9995387850804468
br_3_so4_a1_SRF,74,0.9023025233162825,2.2694896653641703e-07,97.73220486111111,0.058803043117564124,0.9994729140873122
br_3_so4_a1_SRF,75,0.9181835570805077,1.453977042691669e-07,97.74848090277779,0.05881824952433824,0.9995505741981852
br_3_so4_a1_SRF,76,0.9645368938320489,2.2465009107791125e-06,97.68699363425925,0.05881497596438387,0.9995378717806893
br_3_so4_a1_SRF,77,0.9397276807604464,2.7978839798531633e-06,97.62912326388889,0.05881793272920885,0.9995672972267131
br_3_so4_a1_SRF,78,0.9391889222794373,4.880688355644711e-05,97.59657118055556,0.058799030233833566,0.9995719222162599
br_3_so4_a1_SRF,79,0.9117263178985794,0.0001681235054912651,97.72135416666666,0.05881455356789233,0.9995659407846171
br_3_so4_a1_SRF,80,0.9146340569194814,1.610761057104714e-05,97.45189525462963,0.05881962230076791,0.9995602546144335
br_3_so4_a1_SRF,81,0.9217265633353732,1.4874256965945726e-06,97.64539930555556,0.0588221566467326,0.999561602759961
br_3_so4_a1_SRF,82,0.918746272249558,4.1040217291633274e-08,97.7683738425926,0.05882152306152099,0.9995455944084827
br_3_so4_a1_SRF,83,0.8961097162136519,6.427450217134894e-15,97.66890914351852,0.05880790077313978,0.9995358089894366
br_3_so4_a1_SRF,84,0.9145976450082441,2.821334005027364e-11,97.66167534722221,0.058799241439093534,0.9995355323078432
br_3_so4_a1_SRF,85,0.8942950918979277,5.79961424740478e-07,97.20052083333334,0.058822790231091174,0.9995384005627538
br_3_so4_a1_SRF,86,0.8997226434266152,1.1470862389810384e-08,97.77741608796296,0.058818355122667317,0.9995461337570513
br_3_so4_a1_SRF,87,0.9267335761848456,4.732855307136518e-06,97.71231192129629,0.05880272631219791,0.999530418308996
br_3_so4_a1_SRF,88,0.9364479866018173,1.2015253150426746e-05,97.53327546296296,0.058810751982407275,0.9995576044235117
br_3_so4_a1_SRF,89,0.9205006740409426,7.540757679098533e-10,97.68880208333334,0.05882067827991189,0.9995633131609294
br_3_so4_a1_SRF,90,0.9324329309412004,1.973353887143005e-05,97.67433449074075,0.058823001425687804,0.9995612937338242
br_3_so4_a1_SRF,91,0.9364433344018076,1.97335388714318e-05,97.81177662037037,0.058784562447889356,0.9995676891224603
br_3_so4_a1_SRF,92,0.9247245954882877,2.9758125263302603e-07,97.65805844907408,0.05881634875036296,0.9995749707106218
br_3_so4_a1_SRF,93,0.9207277848891093,2.2546962011582788e-09,97.71412037037037,0.058821417463902785,0.9995431566967349
br_3_so4_a1_SRF,94,0.9471640948511347,5.428784469142939e-07,97.58029513888889,0.058820995073193015,0.9995504002357478
br_3_so4_a1_SRF,95,0.905394249365594,1.455980811242062e-16,97.64539930555556,0.05880990718146228,0.9994951813261173
br_3_so4_a1_SRF,96,0.9006319683503826,2.6939613852015066e-12,97.66348379629629,0.058800086259185515,0.9995594357316914
br_3_so4_a1_SRF,97,0.9128557102870145,3.1898690252644744e-14,97.74305555555556,0.05880673916441156,0.9995493079418749
br_3_so4_a1_SRF,98,0.9163460750463801,5.226217841134755e-09,97.73763020833334,0.05880980158123752,0.9995719813406738
br_3_so4_a1_SRF,99,0.9138116548884422,4.316841513042639e-06,97.69603587962963,0.058822579036399765,0.9995460403614795
br_4_so4_a1_SRF,0,0.9513106133064556,0.0028904183287422405,95.28718171296296,0.030295295758727952,0.9998692808067284
br_4_so4_a1_SRF,1,0.9473568497326157,0.004161742907075769,95.361328125,0.030301573079479106,0.9998730926459186
br_4_so4_a1_SRF,2,0.9426439027763797,0.008196545182093241,95.4933449074074,0.03029809814410566,0.9998844312646548
br_4_so4_a1_SRF,3,0.9572821352375361,0.009051857686849326,95.52047164351852,0.030301236796499164,0.9998807191643555
br_4_so4_a1_SRF,4,0.9432901021823067,0.01079792677837373,95.10452835648148,0.03030011585154818,0.9998938102898868
br_4_so4_a1_SRF,5,0.9793932078856749,0.012599791627122318,95.55302372685185,0.030284534448355934,0.9998906544663018
br_4_so4_a1_SRF,6,0.9638716653154601,0.02282448978471098,95.29441550925925,0.030292381260752795,0.9998930928144578
br_4_so4_a1_SRF,7,0.9717350747842454,0.03538323763507312,95.49877025462963,0.030267607320602106,0.9998877515110717
br_4_so4_a1_SRF,8,0.9712867618259984,0.01385932759026893,95.29079861111111,0.030298770714186136,0.9998946218429453
br_4_so4_a1_SRF,9,0.948222168560382,0.011667493000439663,95.40473090277779,0.030302694021061068,0.9998936937135549
br_4_so4_a1_SRF,10,0.9453796016112781,0.02977262952028592,95.38302951388889,0.03029742557309222,0.9998804193349755
br_4_so4_a1_SRF,11,0.9378465502774141,0.008196545182093241,95.46802662037037,0.030301348890851728,0.9998818542164987
br_4_so4_a1_SRF,12,0.9283266795945152,0.003905416011097397,95.54759837962963,0.030262338491367266,0.9998888009572371
br_4_so4_a1_SRF,13,0.9529417488417267,0.0006671622397865303,95.45717592592592,0.03027601490825224,0.9998795441973711
br_4_so4_a1_SRF,14,0.9523520549756133,0.0026488074452741565,95.53855613425925,0.03029776185871556,0.9998780514877009
br_4_so4_a1_SRF,15,0.9643540860342246,0.0023730616035844655,95.39207175925925,0.030301685173753923,0.999881443407184
br_4_so4_a1_SRF,16,0.9648649438560208,0.03029604544723763,95.40834780092592,0.03029776185871556,0.9998893637666095
br_4_so4_a1_SRF,17,0.9582222069049208,0.011444368176501487,95.42643229166666,0.03029260545352672,0.9998917436821343
br_4_so4_a1_SRF,18,0.9672429411626788,0.012360626230619612,95.44994212962963,0.030270634068950992,0.999887828806039
br_4_so4_a1_SRF,19,0.9759645986413018,0.01079792677837373,95.52589699074075,0.030302694021061068,0.9998936311285386
br_4_so4_a1_SRF,20,0.9691495914184634,0.0359922648487484,95.29984085648148,0.030301124702120687,0.9998890667857958
br_4_so4_a1_SRF,21,0.9757690983845212,0.01122510425402721,95.44813368055556,0.03029204497139754,0.9998879430231534
br_4_so4_a1_SRF,22,0.9352559882736003,0.030296045447238296,95.07378472222221,0.03030011585154818,0.9998900976137894
br_4_so4_a1_SRF,23,0.9511293171391267,0.005691072303769643,95.42824074074075,0.03026558947787263,0.9998829334967264
br_4_so4_a1_SRF,24,0.9473890705031784,0.002124099594769914,95.30707465277779,0.030292493357152717,0.9998823313799096
br_4_so4_a1_SRF,25,0.9442984318545137,8.666122698504621e-05,95.17867476851852,0.03030067632434762,0.9998793140849906
br_4_so4_a1_SRF,26,0.9452885544604467,0.006702530980794349,95.41015625,0.030300003756910547,0.9998788170137228
br_4_so4_a1_SRF,27,0.9552867218146696,0.0014473746130257688,95.39207175925925,0.030302245644739267,0.9998827939281699
br_4_so4_a1_SRF,28,0.9656635002836389,0.04332110637200315,95.42281539351852,0.030296865096534994,0.9998894388691968
br_4_so4_a1_SRF,29,0.9702529000228113,0.0009533196447469399,95.43909143518519,0.030291708681809033,0.9998891405585523
br_4_so4_a1_SRF,30,0.9680320886453901,0.014394073331068315,95.37217881944444,0.03030235773885859,0.9998893989986404
br_4_so4_a1_SRF,31,0.9785299163218485,0.00787549963249807,95.48249421296296,0.030290251424230214,0.9998845858692004
br_4_so4_a1_SRF,32,0.9682522250454944,0.001549921848084125,95.35590277777779,0.030290924005195452,0.9998923373950076
br_4_so4_a1_SRF,33,0.9575957127985912,0.0183451849248144,95.34505208333334,0.030299891662247,0.999892109902494
br_4_so4_a1_SRF,34,0.9478936438988931,0.00024127327966594204,95.44089988425925,0.0302796021012785,0.9998800124264852
br_4_so4_a1_SRF,35,0.9543683245090707,2.4132867617068093e-05,95.38845486111111,0.03030235773885859,0.9998800306122055
br_4_so4_a1_SRF,36,0.9324644527836695,0.001659194328246733,95.33420138888889,0.03029944328333364,0.9998700675883517
br_4_so4_a1_SRF,37,0.9495158783438179,0.0011229630114970618,95.47526041666666,0.030301012607716293,0.999879061480523
br_4_so4_a1_SRF,38,0.9525337209409742,0.0015150113775568139,95.51142939814815,0.030299331188540512,0.9998689324944587
br_4_so4_a1_SRF,39,0.9470734181375645,0.003510264606050625,95.28537326388889,0.030289803036401726,0.9998833746761923
br_4_so4_a1_SRF,40,0.9523165739890096,0.01079792677837373,95.33781828703704,0.03027310029437656,0.9998906505506874
br_4_so4_a1_SRF,41,0.9634909410185946,0.0035862186525441883,94.68496817129629,0.030279826299961447,0.9998903054188054
br_4_so4_a1_SRF,42,0.9681593167607697,0.008700457603264346,95.34866898148148,0.030291708681809033,0.999891755256697
br_4_so4_a1_SRF,43,0.9684889805928286,0.0385210789175896,95.43004918981481,0.030293165935007995,0.9998891013098188
br_4_so4_a1_SRF,44,0.9669485819084179,0.05362559567247016,95.47706886574075,0.03028543123334291,0.9998883182193143
br_4_so4_a1_SRF,45,0.9667329908677071,0.001942606237323865,95.41739004629629,0.030283973956896772,0.999888888538224
br_4_so4_a1_SRF,46,0.9373250964152624,0.022016334249077812,95.26005497685185,0.030294062704030393,0.9998849073400846
br_4_so4_a1_SRF,47,0.9506052796452256,0.00014752081123947425,95.34505208333334,0.030299555378100855,0.9998865971821941
br_4_so4_a1_SRF,48,0.9332437246956327,0.002171866488263717,95.44994212962963,0.030277696408287775,0.9998798712052485
br_4_so4_a1_SRF,49,0.947364820093427,0.006052763446915322,95.2980324074074,0.03029944328333364,0.9998807750278343
br_4_so4_a1_SRF,50,0.9536200659781071,0.05025051517035217,95.43366608796296,0.030297089287235634,0.9998782815283054
br_4_so4_a1_SRF,51,0.9350709002263824,0.003510264606050625,95.28356481481481,0.030296416714822732,0.9998877584362081
br_4_so4_a1_SRF,52,0.9433316302077416,0.00390541601109727,95.34143518518519,0.030291036101932282,0.9998865347224388
br_4_so4_a1_SRF,53,0.9631144487270773,0.0030187114183172856,95.41015625,0.030283525563262942,0.9998912472725328
br_4_so4_a1_SRF,54,0.9609605773340578,0.00037056757129675315,95.40653935185185,0.030297986049001545,0.9998871786664243
br_4_so4_a1_SRF,55,0.9736750232525009,0.01768027416516701,95.32515914351852,0.0302891304538815,0.9998904353772118
br_4_so4_a1_SRF,56,0.9634003387540606,0.06393097301829564,95.45536747685185,0.030300003756910547,0.9998907177384807
br_4_so4_a1_SRF,57,0.9626716200723937,0.025409221780220426,95.35409432870371,0.030294847375564392,0.9998920977783295
br_4_so4_a1_SRF,58,0.9560623478495427,0.008361489198859724,95.53674768518519,0.030270297764511945,0.9998846474905961
br_4_so4_a1_SRF,59,0.9253312191973077,0.005026326949269983,95.11537905092592,0.030300788418829758,0.9998807290856231
br_4_so4_a1_SRF,60,0.9470776827421731,0.0023730616035844655,95.4246238425926,0.03030213355059403,0.9998920570141906
br_4_so4_a1_SRF,61,0.9435349387958637,0.0071223184389380785,95.42643229166666,0.03029047561798896,0.9998760839627729
br_4_so4_a1_SRF,62,0.9262149181720293,9.912224565855981e-05,95.57834201388889,0.030247092194875688,0.9998788232453045
br_4_so4_a1_SRF,63,0.9614777082055779,0.020106196471289674,95.31069155092592,0.030285655429330486,0.9998818550058455
br_4_so4_a1_SRF,64,0.9612021039747866,0.0037426865305844334,95.46079282407408,0.030295295758727952,0.9998899796096843
br_4_so4_a1_SRF,65,0.9738414598060369,0.001899537966497565,95.32154224537037,0.030270858271780766,0.9998913841736045
br_4_so4_a1_SRF,66,0.9698751336116548,0.05107660359550159,95.41739004629629,0.03029787395387151,0.9998892245998847
br_4_so4_a1_SRF,67,0.9882836626355808,0.05538517975717805,95.45175057870371,0.0302911481986432,0.9998903764096599
br_4_so4_a1_SRF,68,0.9656834608220642,0.07244936658527179,95.49515335648148,0.03030258192701949,0.9998935319337201
br_4_so4_a1_SRF,69,0.9565590964772658,0.011444368176501487,95.33600983796296,0.030301348890851728,0.9998933481616941
br_4_so4_a1_SRF,70,0.9312261448272203,0.003663683636540516,95.57291666666666,0.0302728760925835,0.9998863973088965
br_4_so4_a1_SRF,71,0.9265539051249767,0.0068398838319174106,94.90921585648148,0.030293726415841365,0.9998780180034036
br_4_so4_a1_SRF,72,0.9434456176182116,0.004074631231801228,95.20218460648148,0.030290363521122545,0.9998700538306263
br_4_so4_a1_SRF,73,0.943220914654858,0.002535134288246844,95.39930555555556,0.030295519950154236,0.9998829696159196
br_4_so4_a1_SRF,74,0.9509091320020299,0.0028904183287423372,95.39207175925925,0.030302021456422877,0.9998832561324414
br_4_so4_a1_SRF,75,0.9590727666840483,0.0018995379664974994,95.53674768518519,0.030291932874893953,0.9998814140336993
br_4_so4_a1_SRF,76,0.9487874959091691,0.00523955855384084,95.28356481481481,0.030297986049001545,0.9998909856652143
br_4_so4_a1_SRF,77,0.9723597309480252,0.013598713380824119,95.35951967592592,0.030292157067875206,0.9998968012426185
br_4_so4_a1_SRF,78,0.9647136628945255,0.03599226484874962,95.1804832175926,0.030282516676070674,0.9998964424758557
br_4_so4_a1_SRF,79,0.9614172380309903,0.11181413213017843,95.48791956018519,0.0302908119084327,0.9998891245918803
br_4_so4_a1_SRF,80,0.9654916797197094,0.044784714441034934,95.20399305555556,0.03029697719189827,0.9998919488200095
br_4_so4_a1_SRF,81,0.9576071375734042,0.006567698753249692,95.35590277777779,0.030279826299961447,0.9998900261870456
br_4_so4_a1_SRF,82,0.9621284370988928,0.023238363881931866,95.45355902777779,0.03028711270072284,0.9998836103196262
br_4_so4_a1_SRF,83,0.944590027361928,5.760088836254261e-05,95.42824074074075,0.03029921909372147,0.9998828227754091
br_4_so4_a1_SRF,84,0.9422593170166617,0.0017359758179754253,95.37760416666666,0.03027478180451997,0.9998833186473703
br_4_so4_a1_SRF,85,0.9486603091921229,0.03360999573551127,94.9074074074074,0.030294174800041568,0.9998860295174677
br_4_so4_a1_SRF,86,0.9453011253060586,0.0035102646060507403,95.45175057870371,0.030268167830981102,0.9998849224131179
br_4_so4_a1_SRF,87,0.9702281431403529,0.004161742907075769,95.44632523148148,0.03028431025185002,0.9998787796165529
br_4_so4_a1_SRF,88,0.95780736010481,0.04051822064571453,95.26548032407408,0.030289242551032994,0.9998860143657115
br_4_so4_a1_SRF,89,0.9633827717311269,8.66742566075785e-06,95.41196469907408,0.03029966747284215,0.9998800173259413
br_4_so4_a1_SRF,90,0.9637303234597967,0.008034564311734127,95.46802662037037,0.030301460985178375,0.9998891321412101
br_4_so4_a1_SRF,91,0.9661496923707216,0.0857201314702255,95.46079282407408,0.030278481106308708,0.9998849885063548
br_4_so4_a1_SRF,92,0.9618651890246237,0.0015855794027717055,95.33239293981481,0.03027478180451997,0.9998955839421366
br_4_so4_a1_SRF,93,0.960227590315285,0.009232343693639754,95.41015625,0.0302331907420109,0.999883466649445
br_4_so4_a1_SRF,94,0.9309918002771184,0.012843120043924764,95.35228587962963,0.030301124702120687,0.9998905422802269
br_4_so4_a1_SRF,95,0.9521420459089514,4.880688355645126e-05,95.47164351851852,0.030280498895388284,0.9998762175009633
br_4_so4_a1_SRF,96,0.926396787722478,0.002031473906746282,95.41377314814815,0.030302918209066474,0.9998915595890044
br_4_so4_a1_SRF,97,0.9520063835008965,0.00017255848987618753,95.34143518518519,0.030300340040745704,0.9998883026240152
br_4_so4_a1_SRF,98,0.9464882132398466,0.000752130598217275,95.41558159722221,0.03029596833269581,0.9998942790757257
br_4_so4_a1_SRF,99,0.9563913681031316,0.007719304804547608,95.40292245370371,0.03029809814410566,0.9998865707332592
br_5_so4_a1_SRF,0,0.9720105731725043,0.05107660359550159,90.70276331018519,0.015370284554735013,0.9999676727231511
br_5_so4_a1_SRF,1,0.9741429572504084,0.05628344806019614,90.91616030092592,0.015371787000023123,0.9999683502947742
br_5_so4_a1_SRF,2,0.974043857054036,0.07588325766853055,90.73350694444444,0.01537167142747144,0.9999701657284669
br_5_so4_a1_SRF,3,0.9714818946514525,0.07945395625241569,90.79861111111111,0.01537294272404775,0.9999709103838703
br_5_so4_a1_SRF,4,0.984036181531758,0.060002850555279874,90.62861689814815,0.015379877011220781,0.9999727394439026
br_5_so4_a1_SRF,5,0.977183579619514,0.09660731804779366,91.06807002314815,0.015380223723015592,0.9999709833107597
br_5_so4_a1_SRF,6,0.9837723855230625,0.12894333246962142,90.70999710648148,0.015380917145872693,0.999973400359687
br_5_so4_a1_SRF,7,0.988028871924934,0.15645444005184705,91.02285879629629,0.01537167142747144,0.9999721669233209
br_5_so4_a1_SRF,8,0.9877225544105577,0.09239654629343219,90.69552951388889,0.01536808866491219,0.9999738570174164
br_5_so4_a1_SRF,9,0.9782954511164434,0.1860217844467673,90.82212094907408,0.015363928004703561,0.9999736996792677
br_5_so4_a1_SRF,10,0.9825925007495546,0.2518345132334162,90.0535300925926,0.015366932929492446,0.9999705548378625
br_5_so4_a1_SRF,11,0.9775107704477436,0.4900213118345301,90.7859519675926,0.01538045486407648,0.999971624020917
br_5_so4_a1_SRF,12,0.9655809639454203,0.11508111505569729,90.65031828703704,0.015377796735324259,0.9999713835115036
br_5_so4_a1_SRF,13,0.9718979361469888,0.07472362461684767,90.94690393518519,0.015380339293559602,0.9999680183058326
br_5_so4_a1_SRF,14,0.9740455034963644,0.0659760937095446,90.93062789351852,0.015325786980916335,0.9999697593328711
br_5_so4_a1_SRF,15,0.9723603326497906,0.05276401276728182,90.90892650462963,0.015381263856934984,0.9999713941836081
br_5_so4_a1_SRF,16,0.9870853692770029,0.15858685930138916,90.78956886574075,0.0153827662687167,0.9999709890215561
br_5_so4_a1_SRF,17,0.9874774399769324,0.0844346891656309,90.60149016203704,0.015379414728447874,0.9999724368695491
br_5_so4_a1_SRF,18,0.9861073620370213,0.08067528775682009,90.72808159722221,0.015376178736883052,0.9999728167830625
br_5_so4_a1_SRF,19,0.9814790772712614,0.0995024761114136,91.04456018518519,0.015382072848464105,0.999973097697686
br_5_so4_a1_SRF,20,0.9843079138222155,0.13261379056749423,90.73350694444444,0.015364274727730628,0.9999718647819515
br_5_so4_a1_SRF,21,0.9859036485739331,0.08191241943133354,90.51649305555556,0.015367973091492307,0.9999731782140544
br_5_so4_a1_SRF,22,0.978915815016586,0.34093286563698777,90.34469039351852,0.015364968173052206,0.9999724417397357
br_5_so4_a1_SRF,23,0.9665840678761483,0.07705809115060192,90.87637442129629,0.015365661617397044,0.9999717363823429
br_5_so4_a1_SRF,24,0.9658558470836317,0.12359329971835542,90.84563078703704,0.015382650698742426,0.9999706234990913
br_5_so4_a1_SRF,25,0.9698200232951613,0.06393097301829398,90.67925347222221,0.015380339293559602,0.9999691945523937
br_5_so4_a1_SRF,26,0.9681252546311175,0.10246947705596887,90.78956886574075,0.015373289440726082,0.9999692919184751
br_5_so4_a1_SRF,27,0.9757117949728928,0.04706058338973762,90.46947337962963,0.01538218841857403,0.9999707226763666
br_5_so4_a1_SRF,28,0.9681807744725877,0.1812073387466805,90.82392939814815,0.01538218841857403,0.9999723668328809
br_5_so4_a1_SRF,29,0.9812844513381168,0.04189926360846674,90.84924768518519,0.01538103271625392,0.9999722054828577
br_5_so4_a1_SRF,30,0.9876939646775891,0.08316550261232492,90.91073495370371,0.015384499815075192,0.9999721803384406
br_5_so4_a1_SRF,31,0.9833249578320437,0.11842625873608359,90.92158564814815,0.01537791230643801,0.9999705940747265
br_5_so4_a1_SRF,32,0.9846262261754432,0.05276401276728304,90.771484375,0.015376756594079636,0.9999732948894972
br_5_so4_a1_SRF,33,0.97929768093699,0.17416963119084694,90.7570167824074,0.01536681735580125,0.9999737946092868
br_5_so4_a1_SRF,34,0.9726950470641926,0.03191522521682466,90.89265046296296,0.015359189432194059,0.9999706143495016
br_5_so4_a1_SRF,35,0.9738552630817642,0.012599791627122133,90.91796875,0.015373058296300991,0.999970021306464
br_5_so4_a1_SRF,36,0.9631937245522648,0.11842625873608359,90.84020543981481,0.015373636157160238,0.9999682694092923
br_5_so4_a1_SRF,37,0.9778762286821504,0.03917702624650343,90.69914641203704,0.015375485307351834,0.999969045436889
br_5_so4_a1_SRF,38,0.9706978272755998,0.03478325711150987,91.00296585648148,0.015380686005028848,0.9999676023802286
br_5_so4_a1_SRF,39,0.9795167024746227,0.07244936658527346,90.69010416666666,0.015352023699327113,0.9999719960767163
br_5_so4_a1_SRF,40,0.9816348721017091,0.10398031148776898,90.76425057870371,0.015348209637690133,0.9999734064016086
br_5_so4_a1_SRF,41,0.9739313195203867,0.0440476288444136,90.1222511574074,0.015367973091492307,0.9999711078224326
br_5_so4_a1_SRF,42,0.9871218452132128,0.10097691771309314,90.78233506944444,0.01538392196696728,0.9999730361021544
br_5_so4_a1_SRF,43,0.984827860873347,0.15858685930138916,90.91073495370371,0.01538218841857403,0.9999724488179095
br_5_so4_a1_SRF,44,0.9925807025452738,0.15225837719707236,90.81307870370371,0.015379414728447874,0.9999729007618147
br_5_so4_a1_SRF,45,0.9678593197032193,0.05025051517035217,90.87275752314815,0.015372364862374574,0.9999714232984389
br_5_so4_a1_SRF,46,0.9782408647635547,0.12012853718000527,90.5418113425926,0.015364274727730628,0.9999698021904878
br_5_so4_a1_SRF,47,0.9786747799740773,0.06393097301829398,90.89445891203704,0.015372364862374574,0.9999711154247642
br_5_so4_a1_SRF,48,0.9674388659997097,0.11842625873608359,90.78233506944444,0.015344742283288543,0.9999697789016313
br_5_so4_a1_SRF,49,0.972352977591712,0.05719421330880836,90.71903935185185,0.01536335013244915,0.9999707829982146
br_5_so4_a1_SRF,50,0.9801668209948262,0.16734928718831066,90.91254340277779,0.015380339293559602,0.9999710400838774
br_5_so4_a1_SRF,51,0.9777884402137286,0.06393097301829398,90.67925347222221,0.015376525451282394,0.9999711087925843
br_5_so4_a1_SRF,52,0.9750126768985434,0.0937827496275001,90.80946180555556,0.015384153106291836,0.9999727741805187
br_5_so4_a1_SRF,53,0.9851448247906565,0.0440476288444136,90.80222800925925,0.01536831981167056,0.9999727969804665
br_5_so4_a1_SRF,54,0.98219250748652,0.021233720849267657,91.03190104166666,0.015369244397618794,0.9999733495199101
br_5_so4_a1_SRF,55,0.9845047673621097,0.10862404215073362,90.61595775462963,0.015381379427234821,0.999972635575925
br_5_so4_a1_SRF,56,0.9834854617102687,0.20628418944159754,90.81127025462963,0.015338732144477417,0.999972426919125
br_5_so4_a1_SRF,57,0.9853426158497974,0.12894333246962142,90.93424479166666,0.015380339293559602,0.9999714580273857
br_5_so4_a1_SRF,58,0.9789421778792737,0.09102752278830462,90.97764756944444,0.015365430469390625,0.9999716758787247
br_5_so4_a1_SRF,59,0.981474887309651,0.12185083136413477,90.67021122685185,0.015379645869888587,0.9999706476109413
br_5_so4_a1_SRF,60,0.9589549879270831,0.18120733874668216,90.97945601851852,0.015377796735324259,0.9999705084016236
br_5_so4_a1_SRF,61,0.9693788999223966,0.11181413213017843,90.64127604166666,0.015374907448663058,0.999970467861359
br_5_so4_a1_SRF,62,0.9602570363948011,0.01551952037742339,90.67744502314815,0.015366008339203187,0.9999702638560415
br_5_so4_a1_SRF,63,0.9750266307972442,0.12012853718000271,90.84563078703704,0.015382072848464105,0.9999698607044625
br_5_so4_a1_SRF,64,0.9842386548287331,0.06393097301829398,90.50383391203704,0.015368550958320407,0.9999710445532952
br_5_so4_a1_SRF,65,0.9881606205207968,0.029257197922569866,90.57074652777779,0.015380570434566228,0.9999731953274058
br_5_so4_a1_SRF,66,0.9801669567661759,0.16734928718831066,90.73169849537037,0.01537571645063743,0.9999732521901518
br_5_so4_a1_SRF,67,0.9738000172474005,0.18360220490197943,90.98307291666666,0.015336998436954912,0.999972443592194
br_5_so4_a1_SRF,68,0.9834570450875565,0.19594994997710513,90.90530960648148,0.015382650698742426,0.9999739585369559
br_5_so4_a1_SRF,69,0.9818596926478471,0.1167438375376787,90.77690972222221,0.01535895828114887,0.9999737085361097
br_5_so4_a1_SRF,70,0.9694083468441969,0.2643081409467072,91.00296585648148,0.015382535128741022,0.9999718488355572
br_5_so4_a1_SRF,71,0.980379499791028,0.4051604174022364,90.28501157407408,0.015368782104861728,0.9999698370118776
br_5_so4_a1_SRF,72,0.9701657495189006,0.11508111505569474,90.67925347222221,0.015367048503156512,0.9999679404738744
br_5_so4_a1_SRF,73,0.9663728605604996,0.14815300362854633,90.79861111111111,0.01537664102269458,0.9999715452808458
br_5_so4_a1_SRF,74,0.9818934227510557,0.0659760937095446,90.85286458333334,0.01538218841857403,0.9999684329259871
br_5_so4_a1_SRF,75,0.9755617607507975,0.0735790435361201,91.02285879629629,0.015379992581846181,0.99997081719444
br_5_so4_a1_SRF,76,0.9760143054319569,0.06096496736324386,90.78233506944444,0.015352832738906062,0.9999723551045929
br_5_so4_a1_SRF,77,0.979923779837355,0.07133444655496857,90.67563657407408,0.015366239486938292,0.999974100045739
br_5_so4_a1_SRF,78,0.9799334103514036,0.18846621419932663,90.66840277777779,0.015383112978476741,0.9999738142311169
br_5_so4_a1_SRF,79,0.982873357421756,0.2310617702689054,91.015625,0.015369822262954672,0.9999727799857223
br_5_so4_a1_SRF,80,0.9835425772336072,0.15858685930138916,90.67563657407408,0.015367973091492307,0.9999726209994942
br_5_so4_a1_SRF,81,0.9768488201752328,0.07023413688058922,90.87637442129629,0.015373636157160238,0.9999718657909914
br_5_so4_a1_SRF,82,0.9778057062432272,0.16959882269433613,90.91073495370371,0.015383228548342493,0.9999712838861221
br_5_so4_a1_SRF,83,0.9743648172093244,0.03360999573551127,90.59606481481481,0.015380917145872693,0.9999705174621207
br_5_so4_a1_SRF,84,0.9762567209911935,0.08191241943133354,90.7859519675926,0.015372249289958546,0.9999701284686091
br_5_so4_a1_SRF,85,0.9753173011600231,0.22820256027577224,90.18192997685185,0.015380686005028848,0.999971647879756
br_5_so4_a1_SRF,86,0.9693800311215621,0.07244936658527346,90.91254340277779,0.01536843538500905,0.9999723334700711
br_5_so4_a1_SRF,87,0.9742858843413408,0.07588325766853055,90.79680266203704,0.015364274727730628,0.999969987437547
br_5_so4_a1_SRF,88,0.9801066911290018,0.11508111505569729,90.60329861111111,0.015378836874371304,0.9999729877890707
br_5_so4_a1_SRF,89,0.9877545368797939,0.0002810613798113469,90.79861111111111,0.015378374590621701,0.9999716358199384
br_5_so4_a1_SRF,90,0.9843910815979956,0.07945395625241569,90.93424479166666,0.01538345968799261,0.9999716708577461
br_5_so4_a1_SRF,91,0.9881118529360109,0.2253701391207248,90.82754629629629,0.015372018145045097,0.9999722646240421
br_5_so4_a1_SRF,92,0.982742378309776,0.0385210789175896,90.96498842592592,0.015370746846081253,0.99997353477627
br_5_so4_a1_SRF,93,0.97314114587493,0.15434499641091726,90.83839699074075,0.015349365417064045,0.9999712629490404
br_5_so4_a1_SRF,94,0.9804864608621329,0.10246947705596887,90.75159143518519,0.015379992581846181,0.9999728498340309
br_5_so4_a1_SRF,95,0.973333838155119,0.022417175862446653,90.83658854166666,0.015377450021820227,0.9999693035559866
br_5_so4_a1_SRF,96,0.969740363047639,0.05538517975717805,90.78776041666666,0.015382650698742426,0.9999724379195437
br_5_so4_a1_SRF,97,0.9741537471383761,0.12012853718000271,90.71542245370371,0.015379530299181796,0.9999704258281947
br_5_so4_a1_SRF,98,0.9806188971025975,0.02496120161303461,90.97583912037037,0.015380686005028848,0.9999736389775511
br_5_so4_a1_SRF,99,0.9786931617836118,0.0966073180477921,90.83116319444444,0.01537352058504265,0.9999709736481227
br_6_so4_a1_SRF,0,0.9878395537176811,0.16074240454620703,81.45254629629629,0.007748769031703725,0.999991976764766
br_6_so4_a1_SRF,1,0.9858324821829338,0.18602178444675987,81.66232638888889,0.0077461869070551016,0.9999917879770303
br_6_so4_a1_SRF,2,0.9871354528879758,0.19093562947593123,81.21202256944444,0.007743252658187122,0.9999928468649913
br_6_so4_a1_SRF,3,0.9860728499081187,0.20893215250263109,81.60264756944444,0.007749590614000931,0.9999926025950728
br_6_so4_a1_SRF,4,0.9912835166554592,0.190935629475935,81.45073784722221,0.0077461869070551016,0.9999933918767474
br_6_so4_a1_SRF,5,0.9919687101386544,0.3079362271478385,81.78168402777779,0.007744895839691207,0.9999931780521963
br_6_so4_a1_SRF,6,0.9925223896621018,0.6782729592319363,81.75636574074075,0.007750294826315659,0.9999932951015158
br_6_so4_a1_SRF,7,0.9893147067830722,0.2611481944956735,81.91008391203704,0.007751585879629876,0.9999931617661616
br_6_so4_a1_SRF,8,0.9910172250576665,0.21978524301266011,81.46701388888889,0.007742431065394237,0.9999933888524934
br_6_so4_a1_SRF,9,0.9922708766642038,0.3009143779045066,81.69668692129629,0.007728581153532464,0.9999932933824724
br_6_so4_a1_SRF,10,0.9885927372371076,0.38025577961918167,80.63331886574075,0.007744778469764254,0.9999928479868962
br_6_so4_a1_SRF,11,0.9812269778834095,0.912093767973529,81.30967881944444,0.00774794744804598,0.9999926413802857
br_6_so4_a1_SRF,12,0.9928751283773656,0.24576311484583147,81.31691261574075,0.007747595340347597,0.9999928364135017
br_6_so4_a1_SRF,13,0.9875659800085663,0.19849511775058293,81.591796875,0.007750294826315659,0.9999924369595565
br_6_so4_a1_SRF,14,0.9879795264904303,0.16734928718831066,81.9968894675926,0.007750529563531773,0.9999923572341054
br_6_so4_a1_SRF,15,0.9839317701417508,0.18846621419932663,81.63158275462963,0.0077411399882565185,0.9999927092649985
br_6_so4_a1_SRF,16,0.9929676349170483,0.4051604174022395,81.82870370370371,0.007751820616235141,0.9999930213915406
br_6_so4_a1_SRF,17,0.9833875575831355,0.21978524301266011,81.2644675925926,0.007738557823901737,0.9999932163783937
br_6_so4_a1_SRF,18,0.9916043842296125,0.20366211159894487,81.51222511574075,0.00774149210053637,0.9999932398986766
br_6_so4_a1_SRF,19,0.9899505167213437,0.21160612169861726,81.57190393518519,0.007740435762947115,0.9999928603759752
br_6_so4_a1_SRF,20,0.9918892101371776,0.2518345132334153,81.64785879629629,0.007747243232399318,0.9999929624914707
br_6_so4_a1_SRF,21,0.9858847721267568,0.20366211159894487,81.37659143518519,0.0077446610998095355,0.9999932966776147
br_6_so4_a1_SRF,22,0.9847892044215629,0.38433938881946805,81.04564525462963,0.007735388785643913,0.9999931916920768
br_6_so4_a1_SRF,23,0.9823426329867259,0.22820256027577224,81.82508680555556,0.007744074249619444,0.9999924748445
br_6_so4_a1_SRF,24,0.9825554536235123,0.28052614853287317,81.62977430555556,0.007734801924485906,0.9999924511805537
br_6_so4_a1_SRF,25,0.9904816324179992,0.21160612169861326,81.49233217592592,0.007751820616235141,0.9999920266784552
br_6_so4_a1_SRF,26,0.9864598509108754,0.24576311484583147,81.56467013888889,0.007743956879498126,0.9999923761323523
br_6_so4_a1_SRF,27,0.9869861571570422,0.17883704772226428,80.93171296296296,0.007745952167784291,0.9999923718812821
br_6_so4_a1_SRF,28,0.9854205500262244,0.2974458378511263,81.13606770833334,0.007747125863027692,0.9999927634247842
br_6_so4_a1_SRF,29,0.9880088327511714,0.16959882269433613,81.63700810185185,0.0077072186670007195,0.999993107637578
br_6_so4_a1_SRF,30,0.9889134738396332,0.22256440237562636,81.77445023148148,0.007735740902005511,0.9999930676986323
br_6_so4_a1_SRF,31,0.9901109192531948,0.23394787084268576,81.6550925925926,0.0077490037696417565,0.9999930782428906
br_6_so4_a1_SRF,32,0.9940369837049283,0.5872832951446753,81.63519965277779,0.007740201020955178,0.9999932927931505
br_6_so4_a1_SRF,33,0.9887190296663642,0.31868102277641686,81.29159432870371,0.007739379423108747,0.9999931354486723
br_6_so4_a1_SRF,34,0.983415478224175,0.3967520134409954,81.72019675925925,0.007745834798107236,0.9999926059585844
br_6_so4_a1_SRF,35,0.9860936395224016,0.12012853718000271,81.75094039351852,0.007751351142913548,0.9999923740970241
br_6_so4_a1_SRF,36,0.9835296714884988,0.24878509423523532,81.80338541666666,0.007728933274725607,0.9999920424710181
br_6_so4_a1_SRF,37,0.9856490773160622,0.15434499641092048,81.61530671296296,0.007735975646107739,0.9999923879434968
br_6_so4_a1_SRF,38,0.9873237396878368,0.16734928718831066,81.884765625,0.007747243232399318,0.9999922579105334
br_6_so4_a1_SRF,39,0.9895725982164042,0.20366211159894487,81.54477719907408,0.007751468511285595,0.999992901417619
br_6_so4_a1_SRF,40,0.9914185306453702,0.22256440237562436,81.14872685185185,0.007749825351550237,0.999993142258013
br_6_so4_a1_SRF,41,0.9888778371453304,0.15645444005184705,80.96426504629629,0.007749590614000931,0.999993263974594
br_6_so4_a1_SRF,42,0.9905112917636998,0.21703255148847833,81.39105902777779,0.0077491211385691235,0.9999930861802616
br_6_so4_a1_SRF,43,0.9924431023746854,0.2549114522306941,81.69668692129629,0.007733628200087344,0.9999930218106955
br_6_so4_a1_SRF,44,0.990386691700828,0.2739550619045109,81.80519386574075,0.007750764300636825,0.9999932002990356
br_6_so4_a1_SRF,45,0.9887732538556373,0.16959882269433968,81.65147569444444,0.007750529563531773,0.999992959338751
br_6_so4_a1_SRF,46,0.9867042357932525,0.22820256027577668,81.30787037037037,0.007730224383629019,0.9999925918929737
br_6_so4_a1_SRF,47,0.9836547302930263,0.17883704772226783,81.48509837962963,0.00774747797105927,0.9999926515405335
br_6_so4_a1_SRF,48,0.9841448987296154,0.44874567088002937,81.58637152777779,0.00773398031769847,0.9999923835152609
br_6_so4_a1_SRF,49,0.9901569894141279,0.16959882269433613,81.74189814814815,0.007742313694884187,0.9999925122371688
br_6_so4_a1_SRF,50,0.9843169127512195,0.30091437790451203,81.8992332175926,0.007745717428402415,0.9999927557871086
br_6_so4_a1_SRF,51,0.9887799471002447,0.19343016402787094,81.64605034722221,0.007741257359044236,0.9999931414196629
br_6_so4_a1_SRF,52,0.9890216242104233,0.2518345132334153,80.97692418981481,0.00772905064840112,0.9999928514242835
br_6_so4_a1_SRF,53,0.9915208704810969,0.19093562947593123,81.50679976851852,0.007742313694884187,0.999993186284891
br_6_so4_a1_SRF,54,0.9916973764704125,0.11842625873608359,81.69849537037037,0.007698415176902672,0.9999931014936732
br_6_so4_a1_SRF,55,0.9936530709904613,0.20893215250263109,81.54839409722221,0.007750529563531773,0.9999928649221564
br_6_so4_a1_SRF,56,0.9937208557000096,0.3044111703462461,81.65147569444444,0.007751233774513735,0.999993546997789
br_6_so4_a1_SRF,57,0.9892896424989934,0.22820256027577668,81.82327835648148,0.007664490934356701,0.9999928493750886
br_6_so4_a1_SRF,58,0.9859151570641712,0.7627299980137492,81.79072627314815,0.007727290040352811,0.9999928155370179
br_6_so4_a1_SRF,59,0.9848179231858413,0.3150711549699029,80.94618055555556,0.007736562505877387,0.9999926221022502
br_6_so4_a1_SRF,60,0.9794732412188571,0.26430814094671184,81.76359953703704,0.007736093018117203,0.9999929943416523
br_6_so4_a1_SRF,61,0.9861132114631208,0.22256440237562436,81.30425347222221,0.00774606953743358,0.9999925143576812
br_6_so4_a1_SRF,62,0.9809193722627145,0.08967552402297552,81.60807291666666,0.007735388785643913,0.9999926922059581
br_6_so4_a1_SRF,63,0.9859571994504102,0.2518345132334153,81.58998842592592,0.00774430898977878,0.9999926139137075
br_6_so4_a1_SRF,64,0.9903418527153817,0.16959882269433613,81.35669849537037,0.007737266736684647,0.9999932443722217
br_6_so4_a1_SRF,65,0.9927319697420101,0.14216230632406646,81.591796875,0.00774865166269306,0.9999930056390556
br_6_so4_a1_SRF,66,0.9882270205093171,0.2772265899523737,81.3820167824074,0.00775006008898848,0.9999929892922447
br_6_so4_a1_SRF,67,0.9893895096764378,0.42229093076605095,81.56828703703704,0.007738440452475382,0.9999930810695111
br_6_so4_a1_SRF,68,0.9927368598703842,0.28385378324799504,81.87391493055556,0.007743956879498126,0.9999937804389833
br_6_so4_a1_SRF,69,0.9902924963539407,0.2253701391207248,81.51584201388889,0.007745247949305466,0.9999932308131703
br_6_so4_a1_SRF,70,0.9819720841004621,0.5184935250023505,80.87745949074075,0.00774794744804598,0.999992866558082
br_6_so4_a1_SRF,71,0.9822829219430016,0.8096025278380286,80.87745949074075,0.00774747797105927,0.9999924930620903
br_6_so4_a1_SRF,72,0.9860536089011156,0.38025577961918566,81.33861400462963,0.007733510827494767,0.999992295951427
br_6_so4_a1_SRF,73,0.9836581872599366,0.24576311484583147,81.6261574074074,0.0077461869070551016,0.9999924032401228
br_6_so4_a1_SRF,74,0.9851097305104269,0.21430621582667253,81.56286168981481,0.007743839509349042,0.999992235521795
br_6_so4_a1_SRF,75,0.9885421178949038,0.20366211159894487,81.38744212962963,0.007750294826315659,0.9999930440808579
br_6_so4_a1_SRF,76,0.9922259966715686,0.16512347030713226,81.81423611111111,0.007747595340347597,0.9999929047374697
br_6_so4_a1_SRF,77,0.9952349590833031,0.3967520134409921,81.55562789351852,0.007745834798107236,0.9999933472583467
br_6_so4_a1_SRF,78,0.9910507637895517,0.3223191482362644,81.61168981481481,0.0077120311755512665,0.9999932023543331
br_6_so4_a1_SRF,79,0.9946037321446028,0.33340288005411134,82.02763310185185,0.007751585879629876,0.9999931463982634
br_6_so4_a1_SRF,80,0.987819281006448,0.27071151447479636,81.47605613425925,0.007734332435059689,0.9999932801129182
br_6_so4_a1_SRF,81,0.9841055236085451,0.21430621582667253,81.76179108796296,0.0077501774576659525,0.9999930453841421
br_6_so4_a1_SRF,82,0.9828200724456766,0.6124206892537836,81.7527488425926,0.00774430898977878,0.999992856215518
br_6_so4_a1_SRF,83,0.9810108928303439,0.12894333246962142,80.95160590277779,0.007678929563322837,0.9999925250267193
br_6_so4_a1_SRF,84,0.9868136433521941,0.20628418944159355,81.59360532407408,0.007733041336846786,0.9999926054309627
br_6_so4_a1_SRF,85,0.9842351866667408,0.31148955495865627,81.00043402777779,0.007749942720283241,0.999992865665359
br_6_so4_a1_SRF,86,0.9912682146886899,0.19849511775059103,81.79072627314815,0.007739027309329487,0.9999926092586002
br_6_so4_a1_SRF,87,0.9873953647094278,0.2974458378511263,81.89742476851852,0.007749942720283241,0.9999923836569184
br_6_so4_a1_SRF,88,0.9931221245365104,0.24878509423523532,81.28074363425925,0.007736797249590875,0.9999931167984751
br_6_so4_a1_SRF,89,0.9881506938528576,0.0012039619230307063,81.67679398148148,0.007732806591356191,0.9999929824875006
br_6_so4_a1_SRF,90,0.9952546829879779,0.7818262583134986,81.70211226851852,0.007721656052612964,0.9999929730967274
br_6_so4_a1_SRF,91,0.9906092145321299,0.29400553302626076,81.5773292824074,0.007745365319121353,0.9999931474479805
br_6_so4_a1_SRF,92,0.9892925605256803,0.1461339433506219,81.79253472222221,0.007735623529912745,0.9999931411474094
br_6_so4_a1_SRF,93,0.9871186622930178,0.5281353018585446,81.74913194444444,0.007703462530331282,0.9999927188639968
br_6_so4_a1_SRF,94,0.9864726176802557,0.23106177026890085,81.47424768518519,0.007725881549415762,0.9999929101280196
br_6_so4_a1_SRF,95,0.9861802144996417,0.12359329971835797,81.67860243055556,0.00775006008898848,0.9999922697580543
br_6_so4_a1_SRF,96,0.9810122380947465,0.18360220490197565,81.53573495370371,0.007749590614000931,0.9999932709830213
br_6_so4_a1_SRF,97,0.9805501867134728,0.24576311484583147,81.71477141203704,0.007739496794312966,0.9999928611941586
br_6_so4_a1_SRF,98,0.9853257631780712,0.14815300362854633,81.77987557870371,0.00774865166269306,0.9999932610674063
br_6_so4_a1_SRF,99,0.9901983064333856,0.2253701391207248,81.57009548611111,0.00774794744804598,0.9999928434263465
br_7_so4_a1_SRF,0,0.9916654146764633,0.35243820227213896,62.99370659722222,0.0038839535293533696,0.9999980193352836
br_7_so4_a1_SRF,1,0.992483527366852,0.30441117034624043,63.14019097222222,0.003880523250187293,0.9999979934808337
br_7_so4_a1_SRF,2,0.9945589210344719,0.31148955495865627,62.98828125,0.0038697591173510273,0.9999982169271384
br_7_so4_a1_SRF,3,0.9951638620217603,0.32598551532810305,63.198061342592595,0.0038903408827779804,0.9999981285903322
br_7_so4_a1_SRF,4,0.9956139596277488,0.39675201344099864,62.69169560185185,0.0038896311808870867,0.9999983344820502
br_7_so4_a1_SRF,5,0.9970911076692104,0.36816858778094674,63.09136284722222,0.0038761466528128246,0.9999982735160649
br_7_so4_a1_SRF,6,0.9943059092407266,0.800472321108578,63.06061921296296,0.0038802866783394694,0.9999983048541069
br_7_so4_a1_SRF,7,0.9957365040126319,0.3371538149340755,63.161892361111114,0.0038867923632106053,0.9999981622049752
br_7_so4_a1_SRF,8,0.9947335187965234,0.32598551532810305,63.27039930555556,0.0038871472163050477,0.9999982797227382
br_7_so4_a1_SRF,9,0.9937875201226234,0.3843393888194664,62.827329282407405,0.003883243818360801,0.9999983777688308
br_7_so4_a1_SRF,10,0.9942709349938849,0.444275093936476,61.99182581018518,0.003869995694199329,0.9999982213368547
br_7_so4_a1_SRF,11,0.9967994657983568,0.9786032411436459,62.805627893518526,0.003884071814420476,0.9999982267168068
br_7_so4_a1_SRF,12,0.9894474281182826,0.32598551532810305,63.12934027777778,0.003872598032114112,0.9999982032607012
br_7_so4_a1_SRF,13,0.9915503733942149,0.28385378324799504,63.12753182870371,0.003890459166328143,0.9999980878916209
br_7_so4_a1_SRF,14,0.9938914008816023,0.7530368186727513,63.74963831018518,0.0038767380871378436,0.9999981904541514
br_7_so4_a1_SRF,15,0.9938027546042028,0.2974458378511263,63.18359375,0.003886910647603511,0.9999982245840403
br_7_so4_a1_SRF,16,0.996500458385985,0.6427889137996312,63.25593171296296,0.003883243818360801,0.9999982119596202
br_7_so4_a1_SRF,17,0.9958055949929898,0.3296801020063391,62.52350983796296,0.003869285963317307,0.9999982121305413
br_7_so4_a1_SRF,18,0.9967690886368498,0.30091437790451203,62.34809027777778,0.003861005694965588,0.9999982569113988
br_7_so4_a1_SRF,19,0.9947579040664517,0.31148955495865627,63.245081018518526,0.003890932300247881,0.9999982963238793
br_7_so4_a1_SRF,20,0.9969840744425559,0.3371538149340755,62.88519965277778,0.0038646726879324007,0.9999982114716268
br_7_so4_a1_SRF,21,0.9906305766585053,0.41796957199345697,62.890625,0.0038897494646057975,0.999998343737016
br_7_so4_a1_SRF,22,0.9913969393943651,0.4051604174022395,62.74052372685185,0.0038825341063569254,0.9999982933045157
br_7_so4_a1_SRF,23,0.9919387964590376,0.933194182334947,63.102213541666664,0.0038497358726759245,0.9999981636251994
br_7_so4_a1_SRF,24,0.9904229214741277,0.3602479486075896,63.27582465277778,0.0038798135343067167,0.9999981036777176
br_7_so4_a1_SRF,25,0.994121456363667,0.32968010200633335,63.09317129629629,0.003883362103596459,0.9999981168571356
br_7_so4_a1_SRF,26,0.9922451000005115,0.3371538149340755,63.219762731481474,0.0038899860319589444,0.9999980132247821
br_7_so4_a1_SRF,27,0.992760606799641,0.28052614853286806,62.46202256944444,0.0038584032964814573,0.9999981773240642
br_7_so4_a1_SRF,28,0.9919282749818743,0.38025577961918466,62.79116030092593,0.003888684910126113,0.9999982929708201
br_7_so4_a1_SRF,29,0.9960317359034478,0.2772265899523737,62.46202256944444,0.003884308384470414,0.9999983384008382
br_7_so4_a1_SRF,30,0.994393856624576,0.3044111703462461,63.25231481481482,0.0038813512507697746,0.9999982884309808
br_7_so4_a1_SRF,31,0.995603214097455,0.32598551532810305,63.442201967592595,0.003887502069146666,0.9999982454816145
br_7_so4_a1_SRF,32,0.9948411840485408,0.8570362955846783,62.96838831018518,0.003846684081967387,0.9999983161391435
br_7_so4_a1_SRF,33,0.9945441215312905,0.4094041148895874,62.680844907407405,0.003885846087056062,0.9999982729351657
br_7_so4_a1_SRF,34,0.9922563686248915,0.41796957199345697,63.37890625,0.0038841900994594906,0.9999981056747443
br_7_so4_a1_SRF,35,0.9939701045898197,0.2518345132334153,63.387948495370374,0.0038793403898244884,0.9999981067767658
br_7_so4_a1_SRF,36,0.9931161613945865,0.34093286563698777,63.07508680555556,0.0038899860319589444,0.9999979716750952
br_7_so4_a1_SRF,37,0.9912464838400078,0.27071151447480124,63.503689236111114,0.0038851363787603043,0.9999981253784718
br_7_so4_a1_SRF,38,0.9940438368926202,0.27071151447479636,63.785807291666664,0.0038867923632106053,0.9999980814513584
br_7_so4_a1_SRF,39,0.9947365038813941,0.32231914823627017,62.86530671296296,0.003872124880777313,0.999998280769957
br_7_so4_a1_SRF,40,0.9961601492513995,0.31507115496989735,62.66456886574075,0.0038876203533710226,0.9999982728267317
br_7_so4_a1_SRF,41,0.9951003737293704,0.28720953526855353,62.67722800925925,0.0038905774498502145,0.9999982206906068
br_7_so4_a1_SRF,42,0.9952903177902868,0.5281353018585484,63.196252893518526,0.0038857278024103316,0.9999983220230931
br_7_so4_a1_SRF,43,0.9969781595782209,0.3447399845281137,63.38975694444444,0.003885846087056062,0.9999982235987572
br_7_so4_a1_SRF,44,0.9931780094303491,0.35632917131591424,63.71708622685185,0.0038778026671530547,0.9999982771292463
br_7_so4_a1_SRF,45,0.9969503160695987,0.27071151447479636,63.36082175925925,0.003877329520760551,0.9999981725267137
br_7_so4_a1_SRF,46,0.9931852039419309,0.34093286563698777,63.015407986111114,0.0038738991959726553,0.9999982068106924
br_7_so4_a1_SRF,47,0.9923692258641494,0.2611481944956735,63.004557291666664,0.003884308384470414,0.9999981405487516
br_7_so4_a1_SRF,48,0.9932875194024721,0.5772941381502863,62.66999421296296,0.0038851363787603043,0.999998085967328
br_7_so4_a1_SRF,49,0.9897866479854119,0.29400553302625554,63.14199942129629,0.003868694520143063,0.9999980822066165
br_7_so4_a1_SRF,50,0.9911943772422331,0.3641944510065913,63.26135706018518,0.0038826523917611343,0.9999981019439149
br_7_so4_a1_SRF,51,0.9939380413383904,0.37619936255946484,63.23061342592593,0.0038857278024103316,0.9999982100273216
br_7_so4_a1_SRF,52,0.9935060871945035,0.3843393888194664,62.46202256944444,0.003884663239334632,0.9999982720519391
br_7_so4_a1_SRF,53,0.9950200347623827,0.29400553302625554,62.76403356481482,0.003871060288626084,0.9999982852357939
br_7_so4_a1_SRF,54,0.9958075980928557,0.7578945157120975,63.32465277777778,0.0038851363787603043,0.9999982473510617
br_7_so4_a1_SRF,55,0.9975545200574893,0.7085067549904005,63.14019097222222,0.0038749637820558493,0.9999982846047157
br_7_so4_a1_SRF,56,0.994120365533754,0.67321096274839,62.876157407407405,0.0038814695364549037,0.9999982468912948
br_7_so4_a1_SRF,57,0.996327896726798,0.34473998452810783,63.36805555555556,0.0038594679156866395,0.9999982545290665
br_7_so4_a1_SRF,58,0.9934382636532808,0.8986612653487435,62.955729166666664,0.003889276329562407,0.9999981294027974
br_7_so4_a1_SRF,59,0.9932880942993549,0.444275093936476,62.33543113425925,0.0038857278024103316,0.9999981294980083
br_7_so4_a1_SRF,60,0.9932986544049139,0.35243820227214506,62.912326388888886,0.0038742540582532205,0.9999982264812921
br_7_so4_a1_SRF,61,0.9933917505785046,0.3186810227764112,63.04796006944444,0.0038672750536593763,0.9999981225482376
br_7_so4_a1_SRF,62,0.9926668393470599,0.2339478708426903,63.52719907407407,0.0038831255330970516,0.9999981119026625
br_7_so4_a1_SRF,63,0.9954043577403394,0.34093286563698777,63.17997685185185,0.0038853729483045905,0.9999981289701972
br_7_so4_a1_SRF,64,0.9964504781193997,0.2974458378511263,63.15285011574075,0.0038885666261545796,0.9999981599367465
br_7_so4_a1_SRF,65,0.995870117155845,0.2611481944956735,62.673611111111114,0.0038905774498502145,0.9999982243325205
br_7_so4_a1_SRF,66,0.996396228539719,0.37619936255946484,63.05519386574075,0.0038485850343254265,0.9999982480908062
br_7_so4_a1_SRF,67,0.9970003880616459,0.891588174707135,62.753182870370374,0.0038801683923734196,0.9999982911086233
br_7_so4_a1_SRF,68,0.9947304787035512,0.36816858778095285,63.192635995370374,0.0038793403898244884,0.999998358786538
br_7_so4_a1_SRF,69,0.9940818134761463,0.6023411065381454,63.149233217592595,0.0038775660940129878,0.9999984019150973
br_7_so4_a1_SRF,70,0.9923372862528439,0.6883812183731033,62.72063078703704,0.0038660921618327154,0.9999982026158093
br_7_so4_a1_SRF,71,0.9924313758890574,0.9303730910904582,62.51808449074075,0.0038599410790473897,0.9999980419091092
br_7_so4_a1_SRF,72,0.98959836740126,0.400942991519327,62.744140625,0.003858656384457349,0.9999980082320867
br_7_so4_a1_SRF,73,0.99027783075213,0.34093286563698777,63.37709780092593,0.0038750820692579633,0.9999981810908783
br_7_so4_a1_SRF,74,0.9915955392331882,0.3044111703462514,63.387948495370374,0.003883480388804025,0.9999981064623998
br_7_so4_a1_SRF,75,0.995784609834138,0.3079362271478385,63.107638888888886,0.0038802866783394694,0.999998165728244
br_7_so4_a1_SRF,76,0.994042119122322,0.2739550619045109,63.86899594907407,0.003890104315593381,0.9999982748680655
br_7_so4_a1_SRF,77,0.9964905434129421,0.5233055195931221,62.78935185185185,0.0038807598219227483,0.9999983314423992
br_7_so4_a1_SRF,78,0.9947833975804283,0.6225260942403168,63.259548611111114,0.003866683608097212,0.9999983213477049
br_7_so4_a1_SRF,79,0.9952906365021681,0.392587650012984,63.10402199074075,0.003882415820924624,0.9999982832275814
br_7_so4_a1_SRF,80,0.9952986179778144,0.40516041740224296,63.051576967592595,0.003854196148537491,0.9999982702739317
br_7_so4_a1_SRF,81,0.989891182873058,0.3009143779045066,63.03349247685185,0.0038859643716737005,0.9999982665668853
br_7_so4_a1_SRF,82,0.9900599764200106,0.7530368186727587,63.151041666666664,0.0038893946133653915,0.9999982068992387
br_7_so4_a1_SRF,83,0.9937818335932921,0.27071151447479636,62.91594328703704,0.00387591007888617,0.9999981340116262
br_7_so4_a1_SRF,84,0.9928710431837179,0.31148955495865627,62.850839120370374,0.003890459166328143,0.9999982506891917
br_7_so4_a1_SRF,85,0.9918718463398556,0.3641944510065913,62.10575810185185,0.0038880934899875328,0.9999982015176314
br_7_so4_a1_SRF,86,0.992242994909539,0.31148955495865627,63.463903356481474,0.003886319225358067,0.9999982884594356
br_7_so4_a1_SRF,87,0.9942060841292781,0.6630760792685004,63.413266782407405,0.003887856921735461,0.9999981193646209
br_7_so4_a1_SRF,88,0.9941680876652758,0.32598551532810305,62.88700810185185,0.0038669201864063576,0.9999982176454775
br_7_so4_a1_SRF,89,0.9949930264177205,0.004821075481944416,63.427734375,0.0038620703086081907,0.9999982261230278
br_7_so4_a1_SRF,90,0.9956247333361969,0.8951537774329185,63.04796006944444,0.0038668018972658315,0.9999982532089657
br_7_so4_a1_SRF,91,0.9959375573414584,0.33715381493408136,63.28848379629629,0.0038880934899875328,0.9999982857734796
br_7_so4_a1_SRF,92,0.9971141755091697,0.6073772864581434,63.293909143518526,0.003860299619201627,0.999998333888105
br_7_so4_a1_SRF,93,0.9928787287192639,0.5872832951446696,63.366247106481474,0.0038830072478052103,0.9999981824917876
br_7_so4_a1_SRF,94,0.993423435385795,0.31148955495865627,62.924985532407405,0.0038867923632106053,0.9999982547478018
br_7_so4_a1_SRF,95,0.9922060689990072,0.2339478708426903,63.38071469907407,0.0038890397618721634,0.9999980199770087
br_7_so4_a1_SRF,96,0.9902689801025294,0.3485751171914989,63.342737268518526,0.003880878107748338,0.9999982512726252
br_7_so4_a1_SRF,97,0.9940353735835229,0.33340288005411134,62.59042245370371,0.0038831255330970516,0.9999982614321786
br_7_so4_a1_SRF,98,0.991941435586859,0.23980113674731152,63.883463541666664,0.003864436108555707,0.9999983307439229
br_7_so4_a1_SRF,99,0.9926967978773719,0.3447399845281137,62.841796875,0.0038608874044203855,0.999998262584587
