variable,frequency,timestep,bg_level,bg_size,bg_ratio,zfp_level,zfp_size,zfp_ratio
FLNS,daily,0,3,63067209.0,2.0103334206528785,14,48748067.0,2.6008440088506486
FLNS,daily,1,3,63067209.0,2.0103334206528785,14,48748067.0,2.6008440088506486
FLNS,daily,2,3,63067209.0,2.0103334206528785,14,48748067.0,2.6008440088506486
FLNS,daily,3,3,63067209.0,2.0103334206528785,14,48748067.0,2.6008440088506486
FLNS,daily,4,3,63067209.0,2.0103334206528785,14,48748067.0,2.6008440088506486
FLNS,daily,5,3,63067209.0,2.0103334206528785,14,48748067.0,2.6008440088506486
FLNS,daily,6,3,63067209.0,2.0103334206528785,14,48748067.0,2.6008440088506486
FLNS,daily,7,3,63067209.0,2.0103334206528785,14,48748067.0,2.6008440088506486
FLNS,daily,8,3,63067209.0,2.0103334206528785,14,48748067.0,2.6008440088506486
FLNS,daily,9,3,63067209.0,2.0103334206528785,14,48748067.0,2.6008440088506486
FLNS,daily,10,3,63067209.0,2.0103334206528785,14,48748067.0,2.6008440088506486
FLNS,daily,11,3,63067209.0,2.0103334206528785,14,48748067.0,2.6008440088506486
FLNS,daily,12,3,63067209.0,2.0103334206528785,14,48748067.0,2.6008440088506486
FLNS,daily,13,3,63067209.0,2.0103334206528785,14,48748067.0,2.6008440088506486
FLNS,daily,14,3,63067209.0,2.0103334206528785,14,48748067.0,2.6008440088506486
FLNS,daily,15,3,63067209.0,2.0103334206528785,14,48748067.0,2.6008440088506486
FLNS,daily,16,3,63067209.0,2.0103334206528785,14,48748067.0,2.6008440088506486
FLNS,daily,17,3,63067209.0,2.0103334206528785,14,48748067.0,2.6008440088506486
FLNS,daily,18,3,63067209.0,2.0103334206528785,14,48748067.0,2.6008440088506486
FLNS,daily,19,3,63067209.0,2.0103334206528785,14,48748067.0,2.6008440088506486
FLNS,daily,20,3,63067209.0,2.0103334206528785,14,48748067.0,2.6008440088506486
FLNS,daily,21,3,63067209.0,2.0103334206528785,14,48748067.0,2.6008440088506486
FLNS,daily,22,3,63067209.0,2.0103334206528785,14,48748067.0,2.6008440088506486
FLNS,daily,23,3,63067209.0,2.0103334206528785,14,48748067.0,2.6008440088506486
FLNSC,daily,0,4,66413688.0,1.7465211990636629,16,49526890.0,2.3420189315339606
FLNSC,daily,1,4,66413688.0,1.7465211990636629,16,49526890.0,2.3420189315339606
FLNSC,daily,2,4,66413688.0,1.7465211990636629,16,49526890.0,2.3420189315339606
FLNSC,daily,3,4,66413688.0,1.7465211990636629,16,49526890.0,2.3420189315339606
FLNSC,daily,4,4,66413688.0,1.7465211990636629,16,49526890.0,2.3420189315339606
FLNSC,daily,5,4,66413688.0,1.7465211990636629,16,49526890.0,2.3420189315339606
FLNSC,daily,6,4,66413688.0,1.7465211990636629,16,49526890.0,2.3420189315339606
FLNSC,daily,7,4,66413688.0,1.7465211990636629,16,49526890.0,2.3420189315339606
FLNSC,daily,8,4,66413688.0,1.7465211990636629,16,49526890.0,2.3420189315339606
FLNSC,daily,9,4,66413688.0,1.7465211990636629,16,49526890.0,2.3420189315339606
FLNSC,daily,10,4,66413688.0,1.7465211990636629,16,49526890.0,2.3420189315339606
FLNSC,daily,11,4,66413688.0,1.7465211990636629,16,49526890.0,2.3420189315339606
FLNSC,daily,12,4,66413688.0,1.7465211990636629,16,49526890.0,2.3420189315339606
FLNSC,daily,13,4,66413688.0,1.7465211990636629,16,49526890.0,2.3420189315339606
FLNSC,daily,14,4,66413688.0,1.7465211990636629,16,49526890.0,2.3420189315339606
FLNSC,daily,15,4,66413688.0,1.7465211990636629,16,49526890.0,2.3420189315339606
FLNSC,daily,16,4,66413688.0,1.7465211990636629,16,49526890.0,2.3420189315339606
FLNSC,daily,17,4,66413688.0,1.7465211990636629,16,49526890.0,2.3420189315339606
FLNSC,daily,18,4,66413688.0,1.7465211990636629,16,49526890.0,2.3420189315339606
FLNSC,daily,19,4,66413688.0,1.7465211990636629,16,49526890.0,2.3420189315339606
FLNSC,daily,20,4,66413688.0,1.7465211990636629,16,49526890.0,2.3420189315339606
FLNSC,daily,21,4,66413688.0,1.7465211990636629,16,49526890.0,2.3420189315339606
FLNSC,daily,22,4,66413688.0,1.7465211990636629,16,49526890.0,2.3420189315339606
FLNSC,daily,23,4,66413688.0,1.7465211990636629,16,49526890.0,2.3420189315339606
FLUT,daily,0,4,54846290.0,2.0067719439181757,16,46744830.0,2.354570462658651
FLUT,daily,1,5,68037708.0,1.6176911191658603,18,56836181.0,1.9365128702085033
FLUT,daily,2,4,54846290.0,2.0067719439181757,16,46744830.0,2.354570462658651
FLUT,daily,3,4,54846290.0,2.0067719439181757,18,56836181.0,1.9365128702085033
FLUT,daily,4,5,68037708.0,1.6176911191658603,18,56836181.0,1.9365128702085033
FLUT,daily,5,5,68037708.0,1.6176911191658603,18,56836181.0,1.9365128702085033
FLUT,daily,6,5,68037708.0,1.6176911191658603,18,56836181.0,1.9365128702085033
FLUT,daily,7,4,54846290.0,2.0067719439181757,18,56836181.0,1.9365128702085033
FLUT,daily,8,4,54846290.0,2.0067719439181757,18,56836181.0,1.9365128702085033
FLUT,daily,9,4,54846290.0,2.0067719439181757,16,46744830.0,2.354570462658651
FLUT,daily,10,4,54846290.0,2.0067719439181757,18,56836181.0,1.9365128702085033
FLUT,daily,11,4,54846290.0,2.0067719439181757,18,56836181.0,1.9365128702085033
FLUT,daily,12,5,68037708.0,1.6176911191658603,18,56836181.0,1.9365128702085033
FLUT,daily,13,4,54846290.0,2.0067719439181757,16,46744830.0,2.354570462658651
FLUT,daily,14,4,54846290.0,2.0067719439181757,18,56836181.0,1.9365128702085033
FLUT,daily,15,4,54846290.0,2.0067719439181757,16,46744830.0,2.354570462658651
FLUT,daily,16,4,54846290.0,2.0067719439181757,16,46744830.0,2.354570462658651
FLUT,daily,17,5,68037708.0,1.6176911191658603,18,56836181.0,1.9365128702085033
FLUT,daily,18,5,68037708.0,1.6176911191658603,18,56836181.0,1.9365128702085033
FLUT,daily,19,4,54846290.0,2.0067719439181757,18,56836181.0,1.9365128702085033
FLUT,daily,20,5,68037708.0,1.6176911191658603,18,56836181.0,1.9365128702085033
FLUT,daily,21,5,68037708.0,1.6176911191658603,18,56836181.0,1.9365128702085033
FLUT,daily,22,5,68037708.0,1.6176911191658603,18,56836181.0,1.9365128702085033
FLUT,daily,23,4,54846290.0,2.0067719439181757,18,56836181.0,1.9365128702085033
FSNS,daily,0,3,51915828.0,2.2177899772685894,14,44787174.0,2.570789641695187
FSNS,daily,1,3,51915828.0,2.2177899772685894,14,44787174.0,2.570789641695187
FSNS,daily,2,3,51915828.0,2.2177899772685894,14,44787174.0,2.570789641695187
FSNS,daily,3,3,51915828.0,2.2177899772685894,14,44787174.0,2.570789641695187
FSNS,daily,4,3,51915828.0,2.2177899772685894,14,44787174.0,2.570789641695187
FSNS,daily,5,3,51915828.0,2.2177899772685894,14,44787174.0,2.570789641695187
FSNS,daily,6,3,51915828.0,2.2177899772685894,14,44787174.0,2.570789641695187
FSNS,daily,7,3,51915828.0,2.2177899772685894,14,44787174.0,2.570789641695187
FSNS,daily,8,3,51915828.0,2.2177899772685894,14,44787174.0,2.570789641695187
FSNS,daily,9,3,51915828.0,2.2177899772685894,14,44787174.0,2.570789641695187
FSNS,daily,10,3,51915828.0,2.2177899772685894,14,44787174.0,2.570789641695187
FSNS,daily,11,3,51915828.0,2.2177899772685894,14,44787174.0,2.570789641695187
FSNS,daily,12,3,51915828.0,2.2177899772685894,14,44787174.0,2.570789641695187
FSNS,daily,13,3,51915828.0,2.2177899772685894,14,44787174.0,2.570789641695187
FSNS,daily,14,3,51915828.0,2.2177899772685894,14,44787174.0,2.570789641695187
FSNS,daily,15,3,51915828.0,2.2177899772685894,14,44787174.0,2.570789641695187
FSNS,daily,16,3,51915828.0,2.2177899772685894,14,44787174.0,2.570789641695187
FSNS,daily,17,3,51915828.0,2.2177899772685894,14,44787174.0,2.570789641695187
FSNS,daily,18,3,51915828.0,2.2177899772685894,14,44787174.0,2.570789641695187
FSNS,daily,19,3,51915828.0,2.2177899772685894,14,44787174.0,2.570789641695187
FSNS,daily,20,3,51915828.0,2.2177899772685894,14,44787174.0,2.570789641695187
FSNS,daily,21,3,51915828.0,2.2177899772685894,14,44787174.0,2.570789641695187
FSNS,daily,22,3,51915828.0,2.2177899772685894,14,44787174.0,2.570789641695187
FSNS,daily,23,3,51915828.0,2.2177899772685894,14,44787174.0,2.570789641695187
FSNSC,daily,0,4,53376906.0,1.9025374007253248,16,41946195.0,2.420995754203689
FSNSC,daily,1,5,66575952.0,1.5253489728543423,18,51255591.0,1.9812777107574469
FSNSC,daily,2,5,66575952.0,1.5253489728543423,18,51255591.0,1.9812777107574469
FSNSC,daily,3,5,66575952.0,1.5253489728543423,18,51255591.0,1.9812777107574469
FSNSC,daily,4,5,66575952.0,1.5253489728543423,18,51255591.0,1.9812777107574469
FSNSC,daily,5,5,66575952.0,1.5253489728543423,18,51255591.0,1.9812777107574469
FSNSC,daily,6,5,66575952.0,1.5253489728543423,18,51255591.0,1.9812777107574469
FSNSC,daily,7,5,66575952.0,1.5253489728543423,18,51255591.0,1.9812777107574469
FSNSC,daily,8,5,66575952.0,1.5253489728543423,18,51255591.0,1.9812777107574469
FSNSC,daily,9,5,66575952.0,1.5253489728543423,18,51255591.0,1.9812777107574469
FSNSC,daily,10,5,66575952.0,1.5253489728543423,18,51255591.0,1.9812777107574469
FSNSC,daily,11,5,66575952.0,1.5253489728543423,18,51255591.0,1.9812777107574469
FSNSC,daily,12,5,66575952.0,1.5253489728543423,18,51255591.0,1.9812777107574469
FSNSC,daily,13,5,66575952.0,1.5253489728543423,18,51255591.0,1.9812777107574469
FSNSC,daily,14,5,66575952.0,1.5253489728543423,18,51255591.0,1.9812777107574469
FSNSC,daily,15,5,66575952.0,1.5253489728543423,18,51255591.0,1.9812777107574469
FSNSC,daily,16,5,66575952.0,1.5253489728543423,18,51255591.0,1.9812777107574469
FSNSC,daily,17,5,66575952.0,1.5253489728543423,18,51255591.0,1.9812777107574469
FSNSC,daily,18,5,66575952.0,1.5253489728543423,18,51255591.0,1.9812777107574469
FSNSC,daily,19,5,66575952.0,1.5253489728543423,18,51255591.0,1.9812777107574469
FSNSC,daily,20,5,66575952.0,1.5253489728543423,18,51255591.0,1.9812777107574469
FSNSC,daily,21,5,66575952.0,1.5253489728543423,18,51255591.0,1.9812777107574469
FSNSC,daily,22,5,66575952.0,1.5253489728543423,18,51255591.0,1.9812777107574469
FSNSC,daily,23,5,66575952.0,1.5253489728543423,18,51255591.0,1.9812777107574469
FSNTOA,daily,0,4,61749352.0,1.7802817104866138,14,41841519.0,2.62732435693838
FSNTOA,daily,1,4,61749352.0,1.7802817104866138,14,41841519.0,2.62732435693838
FSNTOA,daily,2,4,61749352.0,1.7802817104866138,14,41841519.0,2.62732435693838
FSNTOA,daily,3,4,61749352.0,1.7802817104866138,14,41841519.0,2.62732435693838
FSNTOA,daily,4,4,61749352.0,1.7802817104866138,14,41841519.0,2.62732435693838
FSNTOA,daily,5,4,61749352.0,1.7802817104866138,16,51149850.0,2.1491996946227605
FSNTOA,daily,6,4,61749352.0,1.7802817104866138,16,51149850.0,2.1491996946227605
FSNTOA,daily,7,4,61749352.0,1.7802817104866138,16,51149850.0,2.1491996946227605
FSNTOA,daily,8,4,61749352.0,1.7802817104866138,14,41841519.0,2.62732435693838
FSNTOA,daily,9,4,61749352.0,1.7802817104866138,16,51149850.0,2.1491996946227605
FSNTOA,daily,10,4,61749352.0,1.7802817104866138,16,51149850.0,2.1491996946227605
FSNTOA,daily,11,4,61749352.0,1.7802817104866138,14,41841519.0,2.62732435693838
FSNTOA,daily,12,4,61749352.0,1.7802817104866138,14,41841519.0,2.62732435693838
FSNTOA,daily,13,4,61749352.0,1.7802817104866138,16,51149850.0,2.1491996946227605
FSNTOA,daily,14,4,61749352.0,1.7802817104866138,14,41841519.0,2.62732435693838
FSNTOA,daily,15,4,61749352.0,1.7802817104866138,16,51149850.0,2.1491996946227605
FSNTOA,daily,16,4,61749352.0,1.7802817104866138,14,41841519.0,2.62732435693838
FSNTOA,daily,17,4,61749352.0,1.7802817104866138,14,41841519.0,2.62732435693838
FSNTOA,daily,18,4,61749352.0,1.7802817104866138,14,41841519.0,2.62732435693838
FSNTOA,daily,19,4,61749352.0,1.7802817104866138,16,51149850.0,2.1491996946227605
FSNTOA,daily,20,4,61749352.0,1.7802817104866138,14,41841519.0,2.62732435693838
FSNTOA,daily,21,4,61749352.0,1.7802817104866138,16,51149850.0,2.1491996946227605
FSNTOA,daily,22,4,61749352.0,1.7802817104866138,16,51149850.0,2.1491996946227605
FSNTOA,daily,23,4,61749352.0,1.7802817104866138,14,41841519.0,2.62732435693838
ICEFRAC,daily,0,4,15232439.0,1.5831624206734063,16,12424977.0,1.9408828684350885
ICEFRAC,daily,1,4,15232439.0,1.5831624206734063,16,12424977.0,1.9408828684350885
ICEFRAC,daily,2,4,15232439.0,1.5831624206734063,18,14564350.0,1.6557845011964145
ICEFRAC,daily,3,4,15232439.0,1.5831624206734063,16,12424977.0,1.9408828684350885
ICEFRAC,daily,4,4,15232439.0,1.5831624206734063,16,12424977.0,1.9408828684350885
ICEFRAC,daily,5,4,15232439.0,1.5831624206734063,16,12424977.0,1.9408828684350885
ICEFRAC,daily,6,4,15232439.0,1.5831624206734063,16,12424977.0,1.9408828684350885
ICEFRAC,daily,7,4,15232439.0,1.5831624206734063,16,12424977.0,1.9408828684350885
ICEFRAC,daily,8,4,15232439.0,1.5831624206734063,16,12424977.0,1.9408828684350885
ICEFRAC,daily,9,4,15232439.0,1.5831624206734063,16,12424977.0,1.9408828684350885
ICEFRAC,daily,10,4,15232439.0,1.5831624206734063,16,12424977.0,1.9408828684350885
ICEFRAC,daily,11,4,15232439.0,1.5831624206734063,16,12424977.0,1.9408828684350885
ICEFRAC,daily,12,4,15232439.0,1.5831624206734063,16,12424977.0,1.9408828684350885
ICEFRAC,daily,13,4,15232439.0,1.5831624206734063,16,12424977.0,1.9408828684350885
ICEFRAC,daily,14,4,15232439.0,1.5831624206734063,16,12424977.0,1.9408828684350885
ICEFRAC,daily,15,4,15232439.0,1.5831624206734063,16,12424977.0,1.9408828684350885
ICEFRAC,daily,16,4,15232439.0,1.5831624206734063,16,12424977.0,1.9408828684350885
ICEFRAC,daily,17,4,15232439.0,1.5831624206734063,16,12424977.0,1.9408828684350885
ICEFRAC,daily,18,4,15232439.0,1.5831624206734063,18,14564350.0,1.6557845011964145
ICEFRAC,daily,19,4,15232439.0,1.5831624206734063,16,12424977.0,1.9408828684350885
ICEFRAC,daily,20,4,15232439.0,1.5831624206734063,18,14564350.0,1.6557845011964145
ICEFRAC,daily,21,4,15232439.0,1.5831624206734063,16,12424977.0,1.9408828684350885
ICEFRAC,daily,22,4,15232439.0,1.5831624206734063,16,12424977.0,1.9408828684350885
ICEFRAC,daily,23,4,15232439.0,1.5831624206734063,16,12424977.0,1.9408828684350885
LHFLX,daily,0,4,80101457.0,1.629066335210357,14,48247624.0,2.704601308449925
LHFLX,daily,1,4,80101457.0,1.629066335210357,16,58339786.0,2.236734070296384
LHFLX,daily,2,4,80101457.0,1.629066335210357,14,48247624.0,2.704601308449925
LHFLX,daily,3,4,80101457.0,1.629066335210357,14,48247624.0,2.704601308449925
LHFLX,daily,4,4,80101457.0,1.629066335210357,14,48247624.0,2.704601308449925
LHFLX,daily,5,4,80101457.0,1.629066335210357,14,48247624.0,2.704601308449925
LHFLX,daily,6,4,80101457.0,1.629066335210357,14,48247624.0,2.704601308449925
LHFLX,daily,7,4,80101457.0,1.629066335210357,14,48247624.0,2.704601308449925
LHFLX,daily,8,4,80101457.0,1.629066335210357,14,48247624.0,2.704601308449925
LHFLX,daily,9,3,63270682.0,2.0624178983877557,14,48247624.0,2.704601308449925
LHFLX,daily,10,4,80101457.0,1.629066335210357,14,48247624.0,2.704601308449925
LHFLX,daily,11,3,63270682.0,2.0624178983877557,14,48247624.0,2.704601308449925
LHFLX,daily,12,4,80101457.0,1.629066335210357,14,48247624.0,2.704601308449925
LHFLX,daily,13,4,80101457.0,1.629066335210357,14,48247624.0,2.704601308449925
LHFLX,daily,14,4,80101457.0,1.629066335210357,14,48247624.0,2.704601308449925
LHFLX,daily,15,3,63270682.0,2.0624178983877557,14,48247624.0,2.704601308449925
LHFLX,daily,16,4,80101457.0,1.629066335210357,16,58339786.0,2.236734070296384
LHFLX,daily,17,4,80101457.0,1.629066335210357,14,48247624.0,2.704601308449925
LHFLX,daily,18,4,80101457.0,1.629066335210357,14,48247624.0,2.704601308449925
LHFLX,daily,19,3,63270682.0,2.0624178983877557,14,48247624.0,2.704601308449925
LHFLX,daily,20,3,63270682.0,2.0624178983877557,14,48247624.0,2.704601308449925
LHFLX,daily,21,3,63270682.0,2.0624178983877557,14,48247624.0,2.704601308449925
LHFLX,daily,22,3,63270682.0,2.0624178983877557,14,48247624.0,2.704601308449925
LHFLX,daily,23,4,80101457.0,1.629066335210357,14,48247624.0,2.704601308449925
PRECL,daily,0,3,71804757.0,1.883948371275736,14,53906152.0,2.5094808288300747
PRECL,daily,1,4,85999169.0,1.5729972344267653,14,53906152.0,2.5094808288300747
PRECL,daily,2,3,71804757.0,1.883948371275736,16,63966482.0,2.1148021709244538
PRECL,daily,3,3,71804757.0,1.883948371275736,16,63966482.0,2.1148021709244538
PRECL,daily,4,3,71804757.0,1.883948371275736,16,63966482.0,2.1148021709244538
PRECL,daily,5,4,85999169.0,1.5729972344267653,14,53906152.0,2.5094808288300747
PRECL,daily,6,3,71804757.0,1.883948371275736,14,53906152.0,2.5094808288300747
PRECL,daily,7,3,71804757.0,1.883948371275736,16,63966482.0,2.1148021709244538
PRECL,daily,8,4,85999169.0,1.5729972344267653,16,63966482.0,2.1148021709244538
PRECL,daily,9,3,71804757.0,1.883948371275736,16,63966482.0,2.1148021709244538
PRECL,daily,10,3,71804757.0,1.883948371275736,14,53906152.0,2.5094808288300747
PRECL,daily,11,4,85999169.0,1.5729972344267653,16,63966482.0,2.1148021709244538
PRECL,daily,12,3,71804757.0,1.883948371275736,14,53906152.0,2.5094808288300747
PRECL,daily,13,3,71804757.0,1.883948371275736,16,63966482.0,2.1148021709244538
PRECL,daily,14,4,85999169.0,1.5729972344267653,14,53906152.0,2.5094808288300747
PRECL,daily,15,4,85999169.0,1.5729972344267653,14,53906152.0,2.5094808288300747
PRECL,daily,16,4,85999169.0,1.5729972344267653,14,53906152.0,2.5094808288300747
PRECL,daily,17,4,85999169.0,1.5729972344267653,14,53906152.0,2.5094808288300747
PRECL,daily,18,3,71804757.0,1.883948371275736,14,53906152.0,2.5094808288300747
PRECL,daily,19,4,85999169.0,1.5729972344267653,14,53906152.0,2.5094808288300747
PRECL,daily,20,3,71804757.0,1.883948371275736,14,53906152.0,2.5094808288300747
PRECL,daily,21,3,71804757.0,1.883948371275736,14,53906152.0,2.5094808288300747
PRECL,daily,22,4,85999169.0,1.5729972344267653,16,63966482.0,2.1148021709244538
PRECL,daily,23,3,71804757.0,1.883948371275736,16,63966482.0,2.1148021709244538
PRECSC,daily,0,2,4490961.0,1.834636283859958,14,4819359.0,1.7096215492558242
PRECSC,daily,1,2,4490961.0,1.834636283859958,14,4819359.0,1.7096215492558242
PRECSC,daily,2,2,4490961.0,1.834636283859958,12,4124030.0,1.9978710145173533
PRECSC,daily,3,2,4490961.0,1.834636283859958,12,4124030.0,1.9978710145173533
PRECSC,daily,4,2,4490961.0,1.834636283859958,14,4819359.0,1.7096215492558242
PRECSC,daily,5,2,4490961.0,1.834636283859958,12,4124030.0,1.9978710145173533
PRECSC,daily,6,3,5643986.0,1.4598335289988318,14,4819359.0,1.7096215492558242
PRECSC,daily,7,2,4490961.0,1.834636283859958,12,4124030.0,1.9978710145173533
PRECSC,daily,8,2,4490961.0,1.834636283859958,12,4124030.0,1.9978710145173533
PRECSC,daily,9,2,4490961.0,1.834636283859958,12,4124030.0,1.9978710145173533
PRECSC,daily,10,2,4490961.0,1.834636283859958,14,4819359.0,1.7096215492558242
PRECSC,daily,11,2,4490961.0,1.834636283859958,14,4819359.0,1.7096215492558242
PRECSC,daily,12,2,4490961.0,1.834636283859958,12,4124030.0,1.9978710145173533
PRECSC,daily,13,2,4490961.0,1.834636283859958,14,4819359.0,1.7096215492558242
PRECSC,daily,14,2,4490961.0,1.834636283859958,12,4124030.0,1.9978710145173533
PRECSC,daily,15,2,4490961.0,1.834636283859958,14,4819359.0,1.7096215492558242
PRECSC,daily,16,2,4490961.0,1.834636283859958,12,4124030.0,1.9978710145173533
PRECSC,daily,17,2,4490961.0,1.834636283859958,12,4124030.0,1.9978710145173533
PRECSC,daily,18,2,4490961.0,1.834636283859958,14,4819359.0,1.7096215492558242
PRECSC,daily,19,3,5643986.0,1.4598335289988318,12,4124030.0,1.9978710145173533
PRECSC,daily,20,2,4490961.0,1.834636283859958,12,4124030.0,1.9978710145173533
PRECSC,daily,21,2,4490961.0,1.834636283859958,14,4819359.0,1.7096215492558242
PRECSC,daily,22,2,4490961.0,1.834636283859958,14,4819359.0,1.7096215492558242
PRECSC,daily,23,2,4490961.0,1.834636283859958,14,4819359.0,1.7096215492558242
PRECSL,daily,0,4,67056441.0,1.5246033710617002,12,38287829.0,2.6701559913464927
PRECSL,daily,1,3,56722981.0,1.802346671448738,14,46900810.0,2.179801926661821
PRECSL,daily,2,3,56722981.0,1.802346671448738,14,46900810.0,2.179801926661821
PRECSL,daily,3,3,56722981.0,1.802346671448738,14,46900810.0,2.179801926661821
PRECSL,daily,4,3,56722981.0,1.802346671448738,14,46900810.0,2.179801926661821
PRECSL,daily,5,3,56722981.0,1.802346671448738,14,46900810.0,2.179801926661821
PRECSL,daily,6,3,56722981.0,1.802346671448738,14,46900810.0,2.179801926661821
PRECSL,daily,7,3,56722981.0,1.802346671448738,14,46900810.0,2.179801926661821
PRECSL,daily,8,3,56722981.0,1.802346671448738,14,46900810.0,2.179801926661821
PRECSL,daily,9,3,56722981.0,1.802346671448738,14,46900810.0,2.179801926661821
PRECSL,daily,10,3,56722981.0,1.802346671448738,14,46900810.0,2.179801926661821
PRECSL,daily,11,3,56722981.0,1.802346671448738,14,46900810.0,2.179801926661821
PRECSL,daily,12,3,56722981.0,1.802346671448738,14,46900810.0,2.179801926661821
PRECSL,daily,13,3,56722981.0,1.802346671448738,14,46900810.0,2.179801926661821
PRECSL,daily,14,3,56722981.0,1.802346671448738,14,46900810.0,2.179801926661821
PRECSL,daily,15,3,56722981.0,1.802346671448738,14,46900810.0,2.179801926661821
PRECSL,daily,16,3,56722981.0,1.802346671448738,14,46900810.0,2.179801926661821
PRECSL,daily,17,4,67056441.0,1.5246033710617002,14,46900810.0,2.179801926661821
PRECSL,daily,18,3,56722981.0,1.802346671448738,14,46900810.0,2.179801926661821
PRECSL,daily,19,3,56722981.0,1.802346671448738,14,46900810.0,2.179801926661821
PRECSL,daily,20,3,56722981.0,1.802346671448738,14,46900810.0,2.179801926661821
PRECSL,daily,21,3,56722981.0,1.802346671448738,14,46900810.0,2.179801926661821
PRECSL,daily,22,3,56722981.0,1.802346671448738,14,46900810.0,2.179801926661821
PRECSL,daily,23,3,56722981.0,1.802346671448738,14,46900810.0,2.179801926661821
PRECT,daily,0,3,70162921.0,1.9020682876073531,14,52327837.0,2.550357030809433
PRECT,daily,1,4,83925749.0,1.590151635107838,14,52327837.0,2.550357030809433
PRECT,daily,2,3,70162921.0,1.9020682876073531,14,52327837.0,2.550357030809433
PRECT,daily,3,3,70162921.0,1.9020682876073531,14,52327837.0,2.550357030809433
PRECT,daily,4,3,70162921.0,1.9020682876073531,14,52327837.0,2.550357030809433
PRECT,daily,5,3,70162921.0,1.9020682876073531,14,52327837.0,2.550357030809433
PRECT,daily,6,4,83925749.0,1.590151635107838,14,52327837.0,2.550357030809433
PRECT,daily,7,3,70162921.0,1.9020682876073531,16,62388300.0,2.13909766735109
PRECT,daily,8,4,83925749.0,1.590151635107838,14,52327837.0,2.550357030809433
PRECT,daily,9,3,70162921.0,1.9020682876073531,14,52327837.0,2.550357030809433
PRECT,daily,10,3,70162921.0,1.9020682876073531,16,62388300.0,2.13909766735109
PRECT,daily,11,3,70162921.0,1.9020682876073531,16,62388300.0,2.13909766735109
PRECT,daily,12,4,83925749.0,1.590151635107838,16,62388300.0,2.13909766735109
PRECT,daily,13,3,70162921.0,1.9020682876073531,14,52327837.0,2.550357030809433
PRECT,daily,14,4,83925749.0,1.590151635107838,14,52327837.0,2.550357030809433
PRECT,daily,15,3,70162921.0,1.9020682876073531,14,52327837.0,2.550357030809433
PRECT,daily,16,3,70162921.0,1.9020682876073531,14,52327837.0,2.550357030809433
PRECT,daily,17,4,83925749.0,1.590151635107838,16,62388300.0,2.13909766735109
PRECT,daily,18,4,83925749.0,1.590151635107838,14,52327837.0,2.550357030809433
PRECT,daily,19,3,70162921.0,1.9020682876073531,16,62388300.0,2.13909766735109
PRECT,daily,20,3,70162921.0,1.9020682876073531,14,52327837.0,2.550357030809433
PRECT,daily,21,4,83925749.0,1.590151635107838,18,72448911.0,1.842052077221699
PRECT,daily,22,3,70162921.0,1.9020682876073531,16,62388300.0,2.13909766735109
PRECT,daily,23,3,70162921.0,1.9020682876073531,16,62388300.0,2.13909766735109
PRECTMX,daily,0,3,70162921.0,1.9020682876073531,14,52327837.0,2.550357030809433
PRECTMX,daily,1,4,83925749.0,1.590151635107838,14,52327837.0,2.550357030809433
PRECTMX,daily,2,3,70162921.0,1.9020682876073531,14,52327837.0,2.550357030809433
PRECTMX,daily,3,3,70162921.0,1.9020682876073531,14,52327837.0,2.550357030809433
PRECTMX,daily,4,3,70162921.0,1.9020682876073531,14,52327837.0,2.550357030809433
PRECTMX,daily,5,3,70162921.0,1.9020682876073531,14,52327837.0,2.550357030809433
PRECTMX,daily,6,4,83925749.0,1.590151635107838,14,52327837.0,2.550357030809433
PRECTMX,daily,7,3,70162921.0,1.9020682876073531,16,62388300.0,2.13909766735109
PRECTMX,daily,8,4,83925749.0,1.590151635107838,14,52327837.0,2.550357030809433
PRECTMX,daily,9,3,70162921.0,1.9020682876073531,14,52327837.0,2.550357030809433
PRECTMX,daily,10,3,70162921.0,1.9020682876073531,16,62388300.0,2.13909766735109
PRECTMX,daily,11,3,70162921.0,1.9020682876073531,16,62388300.0,2.13909766735109
PRECTMX,daily,12,4,83925749.0,1.590151635107838,16,62388300.0,2.13909766735109
PRECTMX,daily,13,3,70162921.0,1.9020682876073531,14,52327837.0,2.550357030809433
PRECTMX,daily,14,4,83925749.0,1.590151635107838,14,52327837.0,2.550357030809433
PRECTMX,daily,15,3,70162921.0,1.9020682876073531,14,52327837.0,2.550357030809433
PRECTMX,daily,16,3,70162921.0,1.9020682876073531,14,52327837.0,2.550357030809433
PRECTMX,daily,17,4,83925749.0,1.590151635107838,16,62388300.0,2.13909766735109
PRECTMX,daily,18,4,83925749.0,1.590151635107838,14,52327837.0,2.550357030809433
PRECTMX,daily,19,3,70162921.0,1.9020682876073531,16,62388300.0,2.13909766735109
PRECTMX,daily,20,3,70162921.0,1.9020682876073531,14,52327837.0,2.550357030809433
PRECTMX,daily,21,4,83925749.0,1.590151635107838,18,72448911.0,1.842052077221699
PRECTMX,daily,22,3,70162921.0,1.9020682876073531,16,62388300.0,2.13909766735109
PRECTMX,daily,23,3,70162921.0,1.9020682876073531,16,62388300.0,2.13909766735109
PSL,daily,0,7,87659359.0,0.9999988478127019,24,60640788.0,1.4455494542716034
PSL,daily,1,7,87659359.0,0.9999988478127019,24,60640788.0,1.4455494542716034
PSL,daily,2,7,87659359.0,0.9999988478127019,22,50562166.0,1.7336926982123353
PSL,daily,3,7,87659359.0,0.9999988478127019,22,50562166.0,1.7336926982123353
PSL,daily,4,7,87659359.0,0.9999988478127019,24,60640788.0,1.4455494542716034
PSL,daily,5,7,87659359.0,0.9999988478127019,24,60640788.0,1.4455494542716034
PSL,daily,6,7,87659359.0,0.9999988478127019,24,60640788.0,1.4455494542716034
PSL,daily,7,7,87659359.0,0.9999988478127019,24,60640788.0,1.4455494542716034
PSL,daily,8,7,87659359.0,0.9999988478127019,24,60640788.0,1.4455494542716034
PSL,daily,9,7,87659359.0,0.9999988478127019,22,50562166.0,1.7336926982123353
PSL,daily,10,7,87659359.0,0.9999988478127019,24,60640788.0,1.4455494542716034
PSL,daily,11,7,87659359.0,0.9999988478127019,24,60640788.0,1.4455494542716034
PSL,daily,12,7,87659359.0,0.9999988478127019,24,60640788.0,1.4455494542716034
PSL,daily,13,7,87659359.0,0.9999988478127019,24,60640788.0,1.4455494542716034
PSL,daily,14,7,87659359.0,0.9999988478127019,24,60640788.0,1.4455494542716034
PSL,daily,15,7,87659359.0,0.9999988478127019,24,60640788.0,1.4455494542716034
PSL,daily,16,7,87659359.0,0.9999988478127019,24,60640788.0,1.4455494542716034
PSL,daily,17,7,87659359.0,0.9999988478127019,24,60640788.0,1.4455494542716034
PSL,daily,18,7,87659359.0,0.9999988478127019,24,60640788.0,1.4455494542716034
PSL,daily,19,7,87659359.0,0.9999988478127019,24,60640788.0,1.4455494542716034
PSL,daily,20,7,87659359.0,0.9999988478127019,24,60640788.0,1.4455494542716034
PSL,daily,21,7,87659359.0,0.9999988478127019,24,60640788.0,1.4455494542716034
PSL,daily,22,7,87659359.0,0.9999988478127019,24,60640788.0,1.4455494542716034
PSL,daily,23,7,87659359.0,0.9999988478127019,24,60640788.0,1.4455494542716034
Q200,daily,0,4,68991068.0,1.7343230865769466,16,49391013.0,2.4225622179484354
Q200,daily,1,4,68991068.0,1.7343230865769466,16,49391013.0,2.4225622179484354
Q200,daily,2,4,68991068.0,1.7343230865769466,16,49391013.0,2.4225622179484354
Q200,daily,3,4,68991068.0,1.7343230865769466,16,49391013.0,2.4225622179484354
Q200,daily,4,4,68991068.0,1.7343230865769466,16,49391013.0,2.4225622179484354
Q200,daily,5,4,68991068.0,1.7343230865769466,18,59457925.0,2.0123945125902054
Q200,daily,6,4,68991068.0,1.7343230865769466,18,59457925.0,2.0123945125902054
Q200,daily,7,4,68991068.0,1.7343230865769466,18,59457925.0,2.0123945125902054
Q200,daily,8,4,68991068.0,1.7343230865769466,18,59457925.0,2.0123945125902054
Q200,daily,9,4,68991068.0,1.7343230865769466,18,59457925.0,2.0123945125902054
Q200,daily,10,4,68991068.0,1.7343230865769466,16,49391013.0,2.4225622179484354
Q200,daily,11,5,87432524.0,1.3685159312111361,18,59457925.0,2.0123945125902054
Q200,daily,12,4,68991068.0,1.7343230865769466,18,59457925.0,2.0123945125902054
Q200,daily,13,4,68991068.0,1.7343230865769466,18,59457925.0,2.0123945125902054
Q200,daily,14,4,68991068.0,1.7343230865769466,18,59457925.0,2.0123945125902054
Q200,daily,15,4,68991068.0,1.7343230865769466,18,59457925.0,2.0123945125902054
Q200,daily,16,4,68991068.0,1.7343230865769466,18,59457925.0,2.0123945125902054
Q200,daily,17,4,68991068.0,1.7343230865769466,16,49391013.0,2.4225622179484354
Q200,daily,18,4,68991068.0,1.7343230865769466,16,49391013.0,2.4225622179484354
Q200,daily,19,4,68991068.0,1.7343230865769466,18,59457925.0,2.0123945125902054
Q200,daily,20,5,87432524.0,1.3685159312111361,18,59457925.0,2.0123945125902054
Q200,daily,21,4,68991068.0,1.7343230865769466,18,59457925.0,2.0123945125902054
Q200,daily,22,4,68991068.0,1.7343230865769466,16,49391013.0,2.4225622179484354
Q200,daily,23,4,68991068.0,1.7343230865769466,18,59457925.0,2.0123945125902054
Q500,daily,0,4,74043451.0,1.684395653033514,16,53500964.0,2.331144294895322
Q500,daily,1,4,74043451.0,1.684395653033514,16,53500964.0,2.331144294895322
Q500,daily,2,4,74043451.0,1.684395653033514,16,53500964.0,2.331144294895322
Q500,daily,3,4,74043451.0,1.684395653033514,16,53500964.0,2.331144294895322
Q500,daily,4,4,74043451.0,1.684395653033514,16,53500964.0,2.331144294895322
Q500,daily,5,4,74043451.0,1.684395653033514,16,53500964.0,2.331144294895322
Q500,daily,6,4,74043451.0,1.684395653033514,16,53500964.0,2.331144294895322
Q500,daily,7,4,74043451.0,1.684395653033514,16,53500964.0,2.331144294895322
Q500,daily,8,4,74043451.0,1.684395653033514,16,53500964.0,2.331144294895322
Q500,daily,9,4,74043451.0,1.684395653033514,16,53500964.0,2.331144294895322
Q500,daily,10,4,74043451.0,1.684395653033514,16,53500964.0,2.331144294895322
Q500,daily,11,4,74043451.0,1.684395653033514,16,53500964.0,2.331144294895322
Q500,daily,12,4,74043451.0,1.684395653033514,16,53500964.0,2.331144294895322
Q500,daily,13,4,74043451.0,1.684395653033514,16,53500964.0,2.331144294895322
Q500,daily,14,4,74043451.0,1.684395653033514,16,53500964.0,2.331144294895322
Q500,daily,15,4,74043451.0,1.684395653033514,16,53500964.0,2.331144294895322
Q500,daily,16,4,74043451.0,1.684395653033514,16,53500964.0,2.331144294895322
Q500,daily,17,4,74043451.0,1.684395653033514,16,53500964.0,2.331144294895322
Q500,daily,18,4,74043451.0,1.684395653033514,16,53500964.0,2.331144294895322
Q500,daily,19,4,74043451.0,1.684395653033514,16,53500964.0,2.331144294895322
Q500,daily,20,4,74043451.0,1.684395653033514,16,53500964.0,2.331144294895322
Q500,daily,21,4,74043451.0,1.684395653033514,16,53500964.0,2.331144294895322
Q500,daily,22,4,74043451.0,1.684395653033514,16,53500964.0,2.331144294895322
Q500,daily,23,4,74043451.0,1.684395653033514,16,53500964.0,2.331144294895322
Q850,daily,0,4,70138833.0,1.73219139531449,16,52229029.0,2.3261754109960573
Q850,daily,1,4,70138833.0,1.73219139531449,16,52229029.0,2.3261754109960573
Q850,daily,2,4,70138833.0,1.73219139531449,16,52229029.0,2.3261754109960573
Q850,daily,3,4,70138833.0,1.73219139531449,16,52229029.0,2.3261754109960573
Q850,daily,4,4,70138833.0,1.73219139531449,16,52229029.0,2.3261754109960573
Q850,daily,5,4,70138833.0,1.73219139531449,16,52229029.0,2.3261754109960573
Q850,daily,6,4,70138833.0,1.73219139531449,16,52229029.0,2.3261754109960573
Q850,daily,7,4,70138833.0,1.73219139531449,16,52229029.0,2.3261754109960573
Q850,daily,8,4,70138833.0,1.73219139531449,16,52229029.0,2.3261754109960573
Q850,daily,9,4,70138833.0,1.73219139531449,16,52229029.0,2.3261754109960573
Q850,daily,10,4,70138833.0,1.73219139531449,16,52229029.0,2.3261754109960573
Q850,daily,11,4,70138833.0,1.73219139531449,16,52229029.0,2.3261754109960573
Q850,daily,12,4,70138833.0,1.73219139531449,16,52229029.0,2.3261754109960573
Q850,daily,13,4,70138833.0,1.73219139531449,16,52229029.0,2.3261754109960573
Q850,daily,14,4,70138833.0,1.73219139531449,16,52229029.0,2.3261754109960573
Q850,daily,15,4,70138833.0,1.73219139531449,16,52229029.0,2.3261754109960573
Q850,daily,16,4,70138833.0,1.73219139531449,16,52229029.0,2.3261754109960573
Q850,daily,17,4,70138833.0,1.73219139531449,16,52229029.0,2.3261754109960573
Q850,daily,18,4,70138833.0,1.73219139531449,16,52229029.0,2.3261754109960573
Q850,daily,19,4,70138833.0,1.73219139531449,16,52229029.0,2.3261754109960573
Q850,daily,20,4,70138833.0,1.73219139531449,16,52229029.0,2.3261754109960573
Q850,daily,21,4,70138833.0,1.73219139531449,16,52229029.0,2.3261754109960573
Q850,daily,22,4,70138833.0,1.73219139531449,16,52229029.0,2.3261754109960573
Q850,daily,23,4,70138833.0,1.73219139531449,14,42158449.0,2.881839486077868
QBOT,daily,0,4,67881664.0,1.760140927010864,16,51276251.0,2.3301488051456802
QBOT,daily,1,4,67881664.0,1.760140927010864,16,51276251.0,2.3301488051456802
QBOT,daily,2,4,67881664.0,1.760140927010864,16,51276251.0,2.3301488051456802
QBOT,daily,3,4,67881664.0,1.760140927010864,16,51276251.0,2.3301488051456802
QBOT,daily,4,4,67881664.0,1.760140927010864,16,51276251.0,2.3301488051456802
QBOT,daily,5,4,67881664.0,1.760140927010864,16,51276251.0,2.3301488051456802
QBOT,daily,6,4,67881664.0,1.760140927010864,16,51276251.0,2.3301488051456802
QBOT,daily,7,4,67881664.0,1.760140927010864,16,51276251.0,2.3301488051456802
QBOT,daily,8,4,67881664.0,1.760140927010864,16,51276251.0,2.3301488051456802
QBOT,daily,9,4,67881664.0,1.760140927010864,16,51276251.0,2.3301488051456802
QBOT,daily,10,4,67881664.0,1.760140927010864,16,51276251.0,2.3301488051456802
QBOT,daily,11,4,67881664.0,1.760140927010864,16,51276251.0,2.3301488051456802
QBOT,daily,12,4,67881664.0,1.760140927010864,16,51276251.0,2.3301488051456802
QBOT,daily,13,4,67881664.0,1.760140927010864,16,51276251.0,2.3301488051456802
QBOT,daily,14,4,67881664.0,1.760140927010864,16,51276251.0,2.3301488051456802
QBOT,daily,15,4,67881664.0,1.760140927010864,16,51276251.0,2.3301488051456802
QBOT,daily,16,4,67881664.0,1.760140927010864,16,51276251.0,2.3301488051456802
QBOT,daily,17,4,67881664.0,1.760140927010864,16,51276251.0,2.3301488051456802
QBOT,daily,18,4,67881664.0,1.760140927010864,16,51276251.0,2.3301488051456802
QBOT,daily,19,4,67881664.0,1.760140927010864,16,51276251.0,2.3301488051456802
QBOT,daily,20,4,67881664.0,1.760140927010864,16,51276251.0,2.3301488051456802
QBOT,daily,21,4,67881664.0,1.760140927010864,16,51276251.0,2.3301488051456802
QBOT,daily,22,4,67881664.0,1.760140927010864,16,51276251.0,2.3301488051456802
QBOT,daily,23,4,67881664.0,1.760140927010864,16,51276251.0,2.3301488051456802
SHFLX,daily,0,4,80774037.0,1.6264361282326398,16,59972076.0,2.19058303067581
SHFLX,daily,1,3,66881062.0,1.9642901603446428,16,59972076.0,2.19058303067581
SHFLX,daily,2,4,80774037.0,1.6264361282326398,16,59972076.0,2.19058303067581
SHFLX,daily,3,4,80774037.0,1.6264361282326398,16,59972076.0,2.19058303067581
SHFLX,daily,4,4,80774037.0,1.6264361282326398,16,59972076.0,2.19058303067581
SHFLX,daily,5,4,80774037.0,1.6264361282326398,16,59972076.0,2.19058303067581
SHFLX,daily,6,4,80774037.0,1.6264361282326398,16,59972076.0,2.19058303067581
SHFLX,daily,7,4,80774037.0,1.6264361282326398,16,59972076.0,2.19058303067581
SHFLX,daily,8,3,66881062.0,1.9642901603446428,16,59972076.0,2.19058303067581
SHFLX,daily,9,4,80774037.0,1.6264361282326398,14,49880815.0,2.6337543201729963
SHFLX,daily,10,4,80774037.0,1.6264361282326398,16,59972076.0,2.19058303067581
SHFLX,daily,11,4,80774037.0,1.6264361282326398,16,59972076.0,2.19058303067581
SHFLX,daily,12,4,80774037.0,1.6264361282326398,16,59972076.0,2.19058303067581
SHFLX,daily,13,4,80774037.0,1.6264361282326398,16,59972076.0,2.19058303067581
SHFLX,daily,14,4,80774037.0,1.6264361282326398,14,49880815.0,2.6337543201729963
SHFLX,daily,15,4,80774037.0,1.6264361282326398,16,59972076.0,2.19058303067581
SHFLX,daily,16,4,80774037.0,1.6264361282326398,14,49880815.0,2.6337543201729963
SHFLX,daily,17,4,80774037.0,1.6264361282326398,16,59972076.0,2.19058303067581
SHFLX,daily,18,4,80774037.0,1.6264361282326398,16,59972076.0,2.19058303067581
SHFLX,daily,19,4,80774037.0,1.6264361282326398,16,59972076.0,2.19058303067581
SHFLX,daily,20,4,80774037.0,1.6264361282326398,16,59972076.0,2.19058303067581
SHFLX,daily,21,4,80774037.0,1.6264361282326398,16,59972076.0,2.19058303067581
SHFLX,daily,22,4,80774037.0,1.6264361282326398,16,59972076.0,2.19058303067581
SHFLX,daily,23,4,80774037.0,1.6264361282326398,16,59972076.0,2.19058303067581
SRF,daily,0,0,80774037.0,1.6264361282326398,0,59972076.0,2.19058303067581
SRF,daily,1,0,80774037.0,1.6264361282326398,0,59972076.0,2.19058303067581
SRF,daily,2,0,80774037.0,1.6264361282326398,0,59972076.0,2.19058303067581
SRF,daily,3,0,80774037.0,1.6264361282326398,0,59972076.0,2.19058303067581
SRF,daily,4,0,80774037.0,1.6264361282326398,0,59972076.0,2.19058303067581
SRF,daily,5,0,80774037.0,1.6264361282326398,0,59972076.0,2.19058303067581
SRF,daily,6,0,80774037.0,1.6264361282326398,0,59972076.0,2.19058303067581
SRF,daily,7,0,80774037.0,1.6264361282326398,0,59972076.0,2.19058303067581
SRF,daily,8,0,80774037.0,1.6264361282326398,0,59972076.0,2.19058303067581
SRF,daily,9,0,80774037.0,1.6264361282326398,0,59972076.0,2.19058303067581
SRF,daily,10,0,80774037.0,1.6264361282326398,0,59972076.0,2.19058303067581
SRF,daily,11,0,80774037.0,1.6264361282326398,0,59972076.0,2.19058303067581
SRF,daily,12,0,80774037.0,1.6264361282326398,0,59972076.0,2.19058303067581
SRF,daily,13,0,80774037.0,1.6264361282326398,0,59972076.0,2.19058303067581
SRF,daily,14,0,80774037.0,1.6264361282326398,0,59972076.0,2.19058303067581
SRF,daily,15,0,80774037.0,1.6264361282326398,0,59972076.0,2.19058303067581
SRF,daily,16,0,80774037.0,1.6264361282326398,0,59972076.0,2.19058303067581
SRF,daily,17,0,80774037.0,1.6264361282326398,0,59972076.0,2.19058303067581
SRF,daily,18,0,80774037.0,1.6264361282326398,0,59972076.0,2.19058303067581
SRF,daily,19,0,80774037.0,1.6264361282326398,0,59972076.0,2.19058303067581
SRF,daily,20,0,80774037.0,1.6264361282326398,0,59972076.0,2.19058303067581
SRF,daily,21,0,80774037.0,1.6264361282326398,0,59972076.0,2.19058303067581
SRF,daily,22,0,80774037.0,1.6264361282326398,0,59972076.0,2.19058303067581
SRF,daily,23,0,80774037.0,1.6264361282326398,0,59972076.0,2.19058303067581
T010,daily,0,6,57784745.0,1.440290737633263,22,40978144.0,2.0310054306022254
T010,daily,1,6,57784745.0,1.440290737633263,22,40978144.0,2.0310054306022254
T010,daily,2,6,57784745.0,1.440290737633263,22,40978144.0,2.0310054306022254
T010,daily,3,7,83226934.0,0.9999987864505497,22,40978144.0,2.0310054306022254
T010,daily,4,7,83226934.0,0.9999987864505497,22,40978144.0,2.0310054306022254
T010,daily,5,6,57784745.0,1.440290737633263,22,40978144.0,2.0310054306022254
T010,daily,6,6,57784745.0,1.440290737633263,22,40978144.0,2.0310054306022254
T010,daily,7,6,57784745.0,1.440290737633263,22,40978144.0,2.0310054306022254
T010,daily,8,6,57784745.0,1.440290737633263,22,40978144.0,2.0310054306022254
T010,daily,9,6,57784745.0,1.440290737633263,24,50969051.0,1.6328895941185957
T010,daily,10,6,57784745.0,1.440290737633263,22,40978144.0,2.0310054306022254
T010,daily,11,7,83226934.0,0.9999987864505497,24,50969051.0,1.6328895941185957
T010,daily,12,7,83226934.0,0.9999987864505497,24,50969051.0,1.6328895941185957
T010,daily,13,6,57784745.0,1.440290737633263,22,40978144.0,2.0310054306022254
T010,daily,14,6,57784745.0,1.440290737633263,22,40978144.0,2.0310054306022254
T010,daily,15,7,83226934.0,0.9999987864505497,22,40978144.0,2.0310054306022254
T010,daily,16,6,57784745.0,1.440290737633263,22,40978144.0,2.0310054306022254
T010,daily,17,6,57784745.0,1.440290737633263,22,40978144.0,2.0310054306022254
T010,daily,18,6,57784745.0,1.440290737633263,24,50969051.0,1.6328895941185957
T010,daily,19,6,57784745.0,1.440290737633263,22,40978144.0,2.0310054306022254
T010,daily,20,6,57784745.0,1.440290737633263,22,40978144.0,2.0310054306022254
T010,daily,21,7,83226934.0,0.9999987864505497,22,40978144.0,2.0310054306022254
T010,daily,22,7,83226934.0,0.9999987864505497,22,40978144.0,2.0310054306022254
T010,daily,23,7,83226934.0,0.9999987864505497,22,40978144.0,2.0310054306022254
T200,daily,0,6,66078422.0,1.3865520729293446,20,45995444.0,1.9919619212720285
T200,daily,1,6,66078422.0,1.3865520729293446,20,45995444.0,1.9919619212720285
T200,daily,2,6,66078422.0,1.3865520729293446,20,45995444.0,1.9919619212720285
T200,daily,3,6,66078422.0,1.3865520729293446,22,56048977.0,1.6346627165023904
T200,daily,4,6,66078422.0,1.3865520729293446,22,56048977.0,1.6346627165023904
T200,daily,5,6,66078422.0,1.3865520729293446,22,56048977.0,1.6346627165023904
T200,daily,6,6,66078422.0,1.3865520729293446,20,45995444.0,1.9919619212720285
T200,daily,7,6,66078422.0,1.3865520729293446,22,56048977.0,1.6346627165023904
T200,daily,8,6,66078422.0,1.3865520729293446,20,45995444.0,1.9919619212720285
T200,daily,9,6,66078422.0,1.3865520729293446,22,56048977.0,1.6346627165023904
T200,daily,10,6,66078422.0,1.3865520729293446,20,45995444.0,1.9919619212720285
T200,daily,11,6,66078422.0,1.3865520729293446,20,45995444.0,1.9919619212720285
T200,daily,12,6,66078422.0,1.3865520729293446,20,45995444.0,1.9919619212720285
T200,daily,13,6,66078422.0,1.3865520729293446,22,56048977.0,1.6346627165023904
T200,daily,14,6,66078422.0,1.3865520729293446,22,56048977.0,1.6346627165023904
T200,daily,15,6,66078422.0,1.3865520729293446,20,45995444.0,1.9919619212720285
T200,daily,16,6,66078422.0,1.3865520729293446,22,56048977.0,1.6346627165023904
T200,daily,17,6,66078422.0,1.3865520729293446,20,45995444.0,1.9919619212720285
T200,daily,18,6,66078422.0,1.3865520729293446,22,56048977.0,1.6346627165023904
T200,daily,19,6,66078422.0,1.3865520729293446,20,45995444.0,1.9919619212720285
T200,daily,20,6,66078422.0,1.3865520729293446,22,56048977.0,1.6346627165023904
T200,daily,21,6,66078422.0,1.3865520729293446,22,56048977.0,1.6346627165023904
T200,daily,22,6,66078422.0,1.3865520729293446,22,56048977.0,1.6346627165023904
T200,daily,23,6,66078422.0,1.3865520729293446,20,45995444.0,1.9919619212720285
T500,daily,0,6,67819094.0,1.3343415646337005,22,55280202.0,1.6370026288977744
T500,daily,1,6,67819094.0,1.3343415646337005,22,55280202.0,1.6370026288977744
T500,daily,2,6,67819094.0,1.3343415646337005,22,55280202.0,1.6370026288977744
T500,daily,3,6,67819094.0,1.3343415646337005,22,55280202.0,1.6370026288977744
T500,daily,4,6,67819094.0,1.3343415646337005,22,55280202.0,1.6370026288977744
T500,daily,5,6,67819094.0,1.3343415646337005,22,55280202.0,1.6370026288977744
T500,daily,6,6,67819094.0,1.3343415646337005,22,55280202.0,1.6370026288977744
T500,daily,7,6,67819094.0,1.3343415646337005,22,55280202.0,1.6370026288977744
T500,daily,8,6,67819094.0,1.3343415646337005,22,55280202.0,1.6370026288977744
T500,daily,9,6,67819094.0,1.3343415646337005,22,55280202.0,1.6370026288977744
T500,daily,10,6,67819094.0,1.3343415646337005,22,55280202.0,1.6370026288977744
T500,daily,11,6,67819094.0,1.3343415646337005,22,55280202.0,1.6370026288977744
T500,daily,12,6,67819094.0,1.3343415646337005,22,55280202.0,1.6370026288977744
T500,daily,13,6,67819094.0,1.3343415646337005,22,55280202.0,1.6370026288977744
T500,daily,14,6,67819094.0,1.3343415646337005,22,55280202.0,1.6370026288977744
T500,daily,15,6,67819094.0,1.3343415646337005,22,55280202.0,1.6370026288977744
T500,daily,16,6,67819094.0,1.3343415646337005,22,55280202.0,1.6370026288977744
T500,daily,17,6,67819094.0,1.3343415646337005,22,55280202.0,1.6370026288977744
T500,daily,18,6,67819094.0,1.3343415646337005,22,55280202.0,1.6370026288977744
T500,daily,19,6,67819094.0,1.3343415646337005,22,55280202.0,1.6370026288977744
T500,daily,20,6,67819094.0,1.3343415646337005,22,55280202.0,1.6370026288977744
T500,daily,21,6,67819094.0,1.3343415646337005,22,55280202.0,1.6370026288977744
T500,daily,22,6,67819094.0,1.3343415646337005,22,55280202.0,1.6370026288977744
T500,daily,23,6,67819094.0,1.3343415646337005,22,55280202.0,1.6370026288977744
T850,daily,0,6,70234124.0,1.3160503859918578,22,59356707.0,1.5572232805974227
T850,daily,1,6,70234124.0,1.3160503859918578,22,59356707.0,1.5572232805974227
T850,daily,2,6,70234124.0,1.3160503859918578,22,59356707.0,1.5572232805974227
T850,daily,3,6,70234124.0,1.3160503859918578,22,59356707.0,1.5572232805974227
T850,daily,4,6,70234124.0,1.3160503859918578,22,59356707.0,1.5572232805974227
T850,daily,5,6,70234124.0,1.3160503859918578,22,59356707.0,1.5572232805974227
T850,daily,6,6,70234124.0,1.3160503859918578,22,59356707.0,1.5572232805974227
T850,daily,7,6,70234124.0,1.3160503859918578,22,59356707.0,1.5572232805974227
T850,daily,8,6,70234124.0,1.3160503859918578,22,59356707.0,1.5572232805974227
T850,daily,9,6,70234124.0,1.3160503859918578,22,59356707.0,1.5572232805974227
T850,daily,10,6,70234124.0,1.3160503859918578,22,59356707.0,1.5572232805974227
T850,daily,11,6,70234124.0,1.3160503859918578,22,59356707.0,1.5572232805974227
T850,daily,12,6,70234124.0,1.3160503859918578,22,59356707.0,1.5572232805974227
T850,daily,13,6,70234124.0,1.3160503859918578,22,59356707.0,1.5572232805974227
T850,daily,14,6,70234124.0,1.3160503859918578,22,59356707.0,1.5572232805974227
T850,daily,15,6,70234124.0,1.3160503859918578,22,59356707.0,1.5572232805974227
T850,daily,16,6,70234124.0,1.3160503859918578,22,59356707.0,1.5572232805974227
T850,daily,17,6,70234124.0,1.3160503859918578,22,59356707.0,1.5572232805974227
T850,daily,18,6,70234124.0,1.3160503859918578,22,59356707.0,1.5572232805974227
T850,daily,19,6,70234124.0,1.3160503859918578,22,59356707.0,1.5572232805974227
T850,daily,20,6,70234124.0,1.3160503859918578,22,59356707.0,1.5572232805974227
T850,daily,21,6,70234124.0,1.3160503859918578,22,59356707.0,1.5572232805974227
T850,daily,22,6,70234124.0,1.3160503859918578,22,59356707.0,1.5572232805974227
T850,daily,23,6,70234124.0,1.3160503859918578,22,59356707.0,1.5572232805974227
TAUX,daily,0,4,81805017.0,1.6108152144262742,16,57282112.0,2.3004173798619716
TAUX,daily,1,4,81805017.0,1.6108152144262742,14,47187862.0,2.792514015574598
TAUX,daily,2,4,81805017.0,1.6108152144262742,14,47187862.0,2.792514015574598
TAUX,daily,3,4,81805017.0,1.6108152144262742,16,57282112.0,2.3004173798619716
TAUX,daily,4,4,81805017.0,1.6108152144262742,14,47187862.0,2.792514015574598
TAUX,daily,5,4,81805017.0,1.6108152144262742,14,47187862.0,2.792514015574598
TAUX,daily,6,4,81805017.0,1.6108152144262742,14,47187862.0,2.792514015574598
TAUX,daily,7,4,81805017.0,1.6108152144262742,14,47187862.0,2.792514015574598
TAUX,daily,8,3,67420587.0,1.9544885600002266,14,47187862.0,2.792514015574598
TAUX,daily,9,4,81805017.0,1.6108152144262742,14,47187862.0,2.792514015574598
TAUX,daily,10,4,81805017.0,1.6108152144262742,14,47187862.0,2.792514015574598
TAUX,daily,11,4,81805017.0,1.6108152144262742,16,57282112.0,2.3004173798619716
TAUX,daily,12,4,81805017.0,1.6108152144262742,14,47187862.0,2.792514015574598
TAUX,daily,13,4,81805017.0,1.6108152144262742,14,47187862.0,2.792514015574598
TAUX,daily,14,4,81805017.0,1.6108152144262742,14,47187862.0,2.792514015574598
TAUX,daily,15,4,81805017.0,1.6108152144262742,14,47187862.0,2.792514015574598
TAUX,daily,16,4,81805017.0,1.6108152144262742,14,47187862.0,2.792514015574598
TAUX,daily,17,4,81805017.0,1.6108152144262742,16,57282112.0,2.3004173798619716
TAUX,daily,18,4,81805017.0,1.6108152144262742,14,47187862.0,2.792514015574598
TAUX,daily,19,4,81805017.0,1.6108152144262742,14,47187862.0,2.792514015574598
TAUX,daily,20,4,81805017.0,1.6108152144262742,14,47187862.0,2.792514015574598
TAUX,daily,21,4,81805017.0,1.6108152144262742,14,47187862.0,2.792514015574598
TAUX,daily,22,3,67420587.0,1.9544885600002266,14,47187862.0,2.792514015574598
TAUX,daily,23,3,67420587.0,1.9544885600002266,14,47187862.0,2.792514015574598
TAUY,daily,0,3,69087929.0,1.919214541805125,16,57948139.0,2.2881590382048334
TAUY,daily,1,4,82721882.0,1.6028958093579158,14,47854464.0,2.7707876531643945
TAUY,daily,2,3,69087929.0,1.919214541805125,14,47854464.0,2.7707876531643945
TAUY,daily,3,4,82721882.0,1.6028958093579158,14,47854464.0,2.7707876531643945
TAUY,daily,4,3,69087929.0,1.919214541805125,14,47854464.0,2.7707876531643945
TAUY,daily,5,3,69087929.0,1.919214541805125,14,47854464.0,2.7707876531643945
TAUY,daily,6,3,69087929.0,1.919214541805125,14,47854464.0,2.7707876531643945
TAUY,daily,7,3,69087929.0,1.919214541805125,14,47854464.0,2.7707876531643945
TAUY,daily,8,3,69087929.0,1.919214541805125,14,47854464.0,2.7707876531643945
TAUY,daily,9,3,69087929.0,1.919214541805125,14,47854464.0,2.7707876531643945
TAUY,daily,10,3,69087929.0,1.919214541805125,14,47854464.0,2.7707876531643945
TAUY,daily,11,4,82721882.0,1.6028958093579158,16,57948139.0,2.2881590382048334
TAUY,daily,12,4,82721882.0,1.6028958093579158,14,47854464.0,2.7707876531643945
TAUY,daily,13,3,69087929.0,1.919214541805125,14,47854464.0,2.7707876531643945
TAUY,daily,14,4,82721882.0,1.6028958093579158,14,47854464.0,2.7707876531643945
TAUY,daily,15,3,69087929.0,1.919214541805125,14,47854464.0,2.7707876531643945
TAUY,daily,16,3,69087929.0,1.919214541805125,14,47854464.0,2.7707876531643945
TAUY,daily,17,3,69087929.0,1.919214541805125,14,47854464.0,2.7707876531643945
TAUY,daily,18,4,82721882.0,1.6028958093579158,14,47854464.0,2.7707876531643945
TAUY,daily,19,3,69087929.0,1.919214541805125,14,47854464.0,2.7707876531643945
TAUY,daily,20,4,82721882.0,1.6028958093579158,14,47854464.0,2.7707876531643945
TAUY,daily,21,4,82721882.0,1.6028958093579158,16,57948139.0,2.2881590382048334
TAUY,daily,22,3,69087929.0,1.919214541805125,14,47854464.0,2.7707876531643945
TAUY,daily,23,3,69087929.0,1.919214541805125,14,47854464.0,2.7707876531643945
TMQ,daily,0,4,68195072.0,1.7582689552699644,16,49403321.0,2.4270691842760934
TMQ,daily,1,4,68195072.0,1.7582689552699644,16,49403321.0,2.4270691842760934
TMQ,daily,2,4,68195072.0,1.7582689552699644,16,49403321.0,2.4270691842760934
TMQ,daily,3,4,68195072.0,1.7582689552699644,16,49403321.0,2.4270691842760934
TMQ,daily,4,4,68195072.0,1.7582689552699644,16,49403321.0,2.4270691842760934
TMQ,daily,5,4,68195072.0,1.7582689552699644,16,49403321.0,2.4270691842760934
TMQ,daily,6,4,68195072.0,1.7582689552699644,16,49403321.0,2.4270691842760934
TMQ,daily,7,4,68195072.0,1.7582689552699644,16,49403321.0,2.4270691842760934
TMQ,daily,8,5,84426006.0,1.4202410333138347,16,49403321.0,2.4270691842760934
TMQ,daily,9,4,68195072.0,1.7582689552699644,16,49403321.0,2.4270691842760934
TMQ,daily,10,4,68195072.0,1.7582689552699644,16,49403321.0,2.4270691842760934
TMQ,daily,11,4,68195072.0,1.7582689552699644,16,49403321.0,2.4270691842760934
TMQ,daily,12,4,68195072.0,1.7582689552699644,16,49403321.0,2.4270691842760934
TMQ,daily,13,4,68195072.0,1.7582689552699644,16,49403321.0,2.4270691842760934
TMQ,daily,14,4,68195072.0,1.7582689552699644,16,49403321.0,2.4270691842760934
TMQ,daily,15,4,68195072.0,1.7582689552699644,16,49403321.0,2.4270691842760934
TMQ,daily,16,4,68195072.0,1.7582689552699644,16,49403321.0,2.4270691842760934
TMQ,daily,17,4,68195072.0,1.7582689552699644,16,49403321.0,2.4270691842760934
TMQ,daily,18,4,68195072.0,1.7582689552699644,16,49403321.0,2.4270691842760934
TMQ,daily,19,4,68195072.0,1.7582689552699644,16,49403321.0,2.4270691842760934
TMQ,daily,20,4,68195072.0,1.7582689552699644,16,49403321.0,2.4270691842760934
TMQ,daily,21,4,68195072.0,1.7582689552699644,16,49403321.0,2.4270691842760934
TMQ,daily,22,4,68195072.0,1.7582689552699644,16,49403321.0,2.4270691842760934
TMQ,daily,23,4,68195072.0,1.7582689552699644,16,49403321.0,2.4270691842760934
TREFHT,daily,0,5,53514134.0,1.755997714547712,22,59738934.0,1.5730226622390016
TREFHT,daily,1,6,71625105.0,1.3119798847066262,22,59738934.0,1.5730226622390016
TREFHT,daily,2,6,71625105.0,1.3119798847066262,22,59738934.0,1.5730226622390016
TREFHT,daily,3,6,71625105.0,1.3119798847066262,22,59738934.0,1.5730226622390016
TREFHT,daily,4,6,71625105.0,1.3119798847066262,22,59738934.0,1.5730226622390016
TREFHT,daily,5,6,71625105.0,1.3119798847066262,22,59738934.0,1.5730226622390016
TREFHT,daily,6,6,71625105.0,1.3119798847066262,22,59738934.0,1.5730226622390016
TREFHT,daily,7,6,71625105.0,1.3119798847066262,22,59738934.0,1.5730226622390016
TREFHT,daily,8,6,71625105.0,1.3119798847066262,22,59738934.0,1.5730226622390016
TREFHT,daily,9,6,71625105.0,1.3119798847066262,22,59738934.0,1.5730226622390016
TREFHT,daily,10,6,71625105.0,1.3119798847066262,22,59738934.0,1.5730226622390016
TREFHT,daily,11,6,71625105.0,1.3119798847066262,22,59738934.0,1.5730226622390016
TREFHT,daily,12,6,71625105.0,1.3119798847066262,22,59738934.0,1.5730226622390016
TREFHT,daily,13,6,71625105.0,1.3119798847066262,22,59738934.0,1.5730226622390016
TREFHT,daily,14,6,71625105.0,1.3119798847066262,22,59738934.0,1.5730226622390016
TREFHT,daily,15,5,53514134.0,1.755997714547712,22,59738934.0,1.5730226622390016
TREFHT,daily,16,6,71625105.0,1.3119798847066262,22,59738934.0,1.5730226622390016
TREFHT,daily,17,6,71625105.0,1.3119798847066262,22,59738934.0,1.5730226622390016
TREFHT,daily,18,6,71625105.0,1.3119798847066262,22,59738934.0,1.5730226622390016
TREFHT,daily,19,6,71625105.0,1.3119798847066262,22,59738934.0,1.5730226622390016
TREFHT,daily,20,6,71625105.0,1.3119798847066262,22,59738934.0,1.5730226622390016
TREFHT,daily,21,6,71625105.0,1.3119798847066262,22,59738934.0,1.5730226622390016
TREFHT,daily,22,6,71625105.0,1.3119798847066262,22,59738934.0,1.5730226622390016
TREFHT,daily,23,6,71625105.0,1.3119798847066262,22,59738934.0,1.5730226622390016
TREFHTMN,daily,0,5,54705363.0,1.7374422138465657,22,62575654.0,1.5189199141250684
TREFHTMN,daily,1,6,72632792.0,1.3086018640175638,22,62575654.0,1.5189199141250684
TREFHTMN,daily,2,5,54705363.0,1.7374422138465657,20,52484516.0,1.8109609127385304
TREFHTMN,daily,3,6,72632792.0,1.3086018640175638,22,62575654.0,1.5189199141250684
TREFHTMN,daily,4,6,72632792.0,1.3086018640175638,22,62575654.0,1.5189199141250684
TREFHTMN,daily,5,6,72632792.0,1.3086018640175638,22,62575654.0,1.5189199141250684
TREFHTMN,daily,6,6,72632792.0,1.3086018640175638,22,62575654.0,1.5189199141250684
TREFHTMN,daily,7,6,72632792.0,1.3086018640175638,22,62575654.0,1.5189199141250684
TREFHTMN,daily,8,6,72632792.0,1.3086018640175638,20,52484516.0,1.8109609127385304
TREFHTMN,daily,9,6,72632792.0,1.3086018640175638,20,52484516.0,1.8109609127385304
TREFHTMN,daily,10,6,72632792.0,1.3086018640175638,22,62575654.0,1.5189199141250684
TREFHTMN,daily,11,6,72632792.0,1.3086018640175638,22,62575654.0,1.5189199141250684
TREFHTMN,daily,12,5,54705363.0,1.7374422138465657,22,62575654.0,1.5189199141250684
TREFHTMN,daily,13,6,72632792.0,1.3086018640175638,22,62575654.0,1.5189199141250684
TREFHTMN,daily,14,6,72632792.0,1.3086018640175638,22,62575654.0,1.5189199141250684
TREFHTMN,daily,15,6,72632792.0,1.3086018640175638,22,62575654.0,1.5189199141250684
TREFHTMN,daily,16,6,72632792.0,1.3086018640175638,22,62575654.0,1.5189199141250684
TREFHTMN,daily,17,6,72632792.0,1.3086018640175638,22,62575654.0,1.5189199141250684
TREFHTMN,daily,18,6,72632792.0,1.3086018640175638,22,62575654.0,1.5189199141250684
TREFHTMN,daily,19,6,72632792.0,1.3086018640175638,22,62575654.0,1.5189199141250684
TREFHTMN,daily,20,6,72632792.0,1.3086018640175638,20,52484516.0,1.8109609127385304
TREFHTMN,daily,21,6,72632792.0,1.3086018640175638,22,62575654.0,1.5189199141250684
TREFHTMN,daily,22,6,72632792.0,1.3086018640175638,22,62575654.0,1.5189199141250684
TREFHTMN,daily,23,6,72632792.0,1.3086018640175638,22,62575654.0,1.5189199141250684
TREFHTMX,daily,0,5,53989011.0,1.7471180199985512,22,61498085.0,1.5337904261571722
TREFHTMX,daily,1,6,71921459.0,1.3115025099810613,22,61498085.0,1.5337904261571722
TREFHTMX,daily,2,6,71921459.0,1.3115025099810613,22,61498085.0,1.5337904261571722
TREFHTMX,daily,3,6,71921459.0,1.3115025099810613,22,61498085.0,1.5337904261571722
TREFHTMX,daily,4,6,71921459.0,1.3115025099810613,22,61498085.0,1.5337904261571722
TREFHTMX,daily,5,6,71921459.0,1.3115025099810613,22,61498085.0,1.5337904261571722
TREFHTMX,daily,6,6,71921459.0,1.3115025099810613,22,61498085.0,1.5337904261571722
TREFHTMX,daily,7,6,71921459.0,1.3115025099810613,22,61498085.0,1.5337904261571722
TREFHTMX,daily,8,6,71921459.0,1.3115025099810613,22,61498085.0,1.5337904261571722
TREFHTMX,daily,9,6,71921459.0,1.3115025099810613,22,61498085.0,1.5337904261571722
TREFHTMX,daily,10,6,71921459.0,1.3115025099810613,22,61498085.0,1.5337904261571722
TREFHTMX,daily,11,6,71921459.0,1.3115025099810613,22,61498085.0,1.5337904261571722
TREFHTMX,daily,12,6,71921459.0,1.3115025099810613,22,61498085.0,1.5337904261571722
TREFHTMX,daily,13,6,71921459.0,1.3115025099810613,22,61498085.0,1.5337904261571722
TREFHTMX,daily,14,6,71921459.0,1.3115025099810613,22,61498085.0,1.5337904261571722
TREFHTMX,daily,15,6,71921459.0,1.3115025099810613,22,61498085.0,1.5337904261571722
TREFHTMX,daily,16,6,71921459.0,1.3115025099810613,22,61498085.0,1.5337904261571722
TREFHTMX,daily,17,6,71921459.0,1.3115025099810613,22,61498085.0,1.5337904261571722
TREFHTMX,daily,18,6,71921459.0,1.3115025099810613,22,61498085.0,1.5337904261571722
TREFHTMX,daily,19,6,71921459.0,1.3115025099810613,22,61498085.0,1.5337904261571722
TREFHTMX,daily,20,6,71921459.0,1.3115025099810613,22,61498085.0,1.5337904261571722
TREFHTMX,daily,21,6,71921459.0,1.3115025099810613,22,61498085.0,1.5337904261571722
TREFHTMX,daily,22,6,71921459.0,1.3115025099810613,22,61498085.0,1.5337904261571722
TREFHTMX,daily,23,6,71921459.0,1.3115025099810613,22,61498085.0,1.5337904261571722
TS,daily,0,6,71894147.0,1.3081550991904807,22,59348970.0,1.5846727415825415
TS,daily,1,6,71894147.0,1.3081550991904807,22,59348970.0,1.5846727415825415
TS,daily,2,6,71894147.0,1.3081550991904807,22,59348970.0,1.5846727415825415
TS,daily,3,6,71894147.0,1.3081550991904807,22,59348970.0,1.5846727415825415
TS,daily,4,6,71894147.0,1.3081550991904807,22,59348970.0,1.5846727415825415
TS,daily,5,6,71894147.0,1.3081550991904807,22,59348970.0,1.5846727415825415
TS,daily,6,6,71894147.0,1.3081550991904807,22,59348970.0,1.5846727415825415
TS,daily,7,6,71894147.0,1.3081550991904807,22,59348970.0,1.5846727415825415
TS,daily,8,6,71894147.0,1.3081550991904807,22,59348970.0,1.5846727415825415
TS,daily,9,6,71894147.0,1.3081550991904807,22,59348970.0,1.5846727415825415
TS,daily,10,6,71894147.0,1.3081550991904807,22,59348970.0,1.5846727415825415
TS,daily,11,6,71894147.0,1.3081550991904807,22,59348970.0,1.5846727415825415
TS,daily,12,6,71894147.0,1.3081550991904807,22,59348970.0,1.5846727415825415
TS,daily,13,6,71894147.0,1.3081550991904807,22,59348970.0,1.5846727415825415
TS,daily,14,6,71894147.0,1.3081550991904807,22,59348970.0,1.5846727415825415
TS,daily,15,6,71894147.0,1.3081550991904807,22,59348970.0,1.5846727415825415
TS,daily,16,6,71894147.0,1.3081550991904807,22,59348970.0,1.5846727415825415
TS,daily,17,6,71894147.0,1.3081550991904807,22,59348970.0,1.5846727415825415
TS,daily,18,6,71894147.0,1.3081550991904807,22,59348970.0,1.5846727415825415
TS,daily,19,6,71894147.0,1.3081550991904807,22,59348970.0,1.5846727415825415
TS,daily,20,6,71894147.0,1.3081550991904807,22,59348970.0,1.5846727415825415
TS,daily,21,6,71894147.0,1.3081550991904807,22,59348970.0,1.5846727415825415
TS,daily,22,6,71894147.0,1.3081550991904807,22,59348970.0,1.5846727415825415
TS,daily,23,6,71894147.0,1.3081550991904807,22,59348970.0,1.5846727415825415
U010,daily,0,4,57160011.0,1.9298325362463629,18,43790991.0,2.5189941237000095
U010,daily,1,4,57160011.0,1.9298325362463629,18,43790991.0,2.5189941237000095
U010,daily,2,4,57160011.0,1.9298325362463629,16,34518157.0,3.1956876782268533
U010,daily,3,4,57160011.0,1.9298325362463629,16,34518157.0,3.1956876782268533
U010,daily,4,4,57160011.0,1.9298325362463629,16,34518157.0,3.1956876782268533
U010,daily,5,4,57160011.0,1.9298325362463629,16,34518157.0,3.1956876782268533
U010,daily,6,4,57160011.0,1.9298325362463629,18,43790991.0,2.5189941237000095
U010,daily,7,4,57160011.0,1.9298325362463629,16,34518157.0,3.1956876782268533
U010,daily,8,4,57160011.0,1.9298325362463629,16,34518157.0,3.1956876782268533
U010,daily,9,5,74526772.0,1.4801291675426382,18,43790991.0,2.5189941237000095
U010,daily,10,4,57160011.0,1.9298325362463629,16,34518157.0,3.1956876782268533
U010,daily,11,4,57160011.0,1.9298325362463629,18,43790991.0,2.5189941237000095
U010,daily,12,5,74526772.0,1.4801291675426382,18,43790991.0,2.5189941237000095
U010,daily,13,4,57160011.0,1.9298325362463629,18,43790991.0,2.5189941237000095
U010,daily,14,4,57160011.0,1.9298325362463629,16,34518157.0,3.1956876782268533
U010,daily,15,4,57160011.0,1.9298325362463629,16,34518157.0,3.1956876782268533
U010,daily,16,4,57160011.0,1.9298325362463629,16,34518157.0,3.1956876782268533
U010,daily,17,5,74526772.0,1.4801291675426382,18,43790991.0,2.5189941237000095
U010,daily,18,4,57160011.0,1.9298325362463629,18,43790991.0,2.5189941237000095
U010,daily,19,4,57160011.0,1.9298325362463629,18,43790991.0,2.5189941237000095
U010,daily,20,4,57160011.0,1.9298325362463629,18,43790991.0,2.5189941237000095
U010,daily,21,4,57160011.0,1.9298325362463629,16,34518157.0,3.1956876782268533
U010,daily,22,4,57160011.0,1.9298325362463629,16,34518157.0,3.1956876782268533
U010,daily,23,4,57160011.0,1.9298325362463629,16,34518157.0,3.1956876782268533
U200,daily,0,3,57936442.0,2.142051784954278,14,36084286.0,3.4392494006948064
U200,daily,1,4,72230675.0,1.7181461892748475,14,36084286.0,3.4392494006948064
U200,daily,2,4,72230675.0,1.7181461892748475,14,36084286.0,3.4392494006948064
U200,daily,3,4,72230675.0,1.7181461892748475,14,36084286.0,3.4392494006948064
U200,daily,4,4,72230675.0,1.7181461892748475,14,36084286.0,3.4392494006948064
U200,daily,5,4,72230675.0,1.7181461892748475,14,36084286.0,3.4392494006948064
U200,daily,6,4,72230675.0,1.7181461892748475,14,36084286.0,3.4392494006948064
U200,daily,7,4,72230675.0,1.7181461892748475,14,36084286.0,3.4392494006948064
U200,daily,8,4,72230675.0,1.7181461892748475,14,36084286.0,3.4392494006948064
U200,daily,9,4,72230675.0,1.7181461892748475,14,36084286.0,3.4392494006948064
U200,daily,10,4,72230675.0,1.7181461892748475,14,36084286.0,3.4392494006948064
U200,daily,11,4,72230675.0,1.7181461892748475,14,36084286.0,3.4392494006948064
U200,daily,12,4,72230675.0,1.7181461892748475,14,36084286.0,3.4392494006948064
U200,daily,13,4,72230675.0,1.7181461892748475,14,36084286.0,3.4392494006948064
U200,daily,14,4,72230675.0,1.7181461892748475,14,36084286.0,3.4392494006948064
U200,daily,15,4,72230675.0,1.7181461892748475,14,36084286.0,3.4392494006948064
U200,daily,16,4,72230675.0,1.7181461892748475,14,36084286.0,3.4392494006948064
U200,daily,17,3,57936442.0,2.142051784954278,14,36084286.0,3.4392494006948064
U200,daily,18,3,57936442.0,2.142051784954278,14,36084286.0,3.4392494006948064
U200,daily,19,3,57936442.0,2.142051784954278,14,36084286.0,3.4392494006948064
U200,daily,20,4,72230675.0,1.7181461892748475,14,36084286.0,3.4392494006948064
U200,daily,21,3,57936442.0,2.142051784954278,14,36084286.0,3.4392494006948064
U200,daily,22,3,57936442.0,2.142051784954278,14,36084286.0,3.4392494006948064
U200,daily,23,4,72230675.0,1.7181461892748475,14,36084286.0,3.4392494006948064
U500,daily,0,3,59818049.0,2.116047281983403,14,39892357.0,3.172984238559782
U500,daily,1,3,59818049.0,2.116047281983403,14,39892357.0,3.172984238559782
U500,daily,2,3,59818049.0,2.116047281983403,14,39892357.0,3.172984238559782
U500,daily,3,3,59818049.0,2.116047281983403,14,39892357.0,3.172984238559782
U500,daily,4,3,59818049.0,2.116047281983403,14,39892357.0,3.172984238559782
U500,daily,5,3,59818049.0,2.116047281983403,14,39892357.0,3.172984238559782
U500,daily,6,3,59818049.0,2.116047281983403,14,39892357.0,3.172984238559782
U500,daily,7,3,59818049.0,2.116047281983403,14,39892357.0,3.172984238559782
U500,daily,8,3,59818049.0,2.116047281983403,14,39892357.0,3.172984238559782
U500,daily,9,3,59818049.0,2.116047281983403,14,39892357.0,3.172984238559782
U500,daily,10,3,59818049.0,2.116047281983403,14,39892357.0,3.172984238559782
U500,daily,11,3,59818049.0,2.116047281983403,14,39892357.0,3.172984238559782
U500,daily,12,3,59818049.0,2.116047281983403,14,39892357.0,3.172984238559782
U500,daily,13,3,59818049.0,2.116047281983403,14,39892357.0,3.172984238559782
U500,daily,14,3,59818049.0,2.116047281983403,14,39892357.0,3.172984238559782
U500,daily,15,4,73746968.0,1.7163799873101224,14,39892357.0,3.172984238559782
U500,daily,16,4,73746968.0,1.7163799873101224,14,39892357.0,3.172984238559782
U500,daily,17,3,59818049.0,2.116047281983403,14,39892357.0,3.172984238559782
U500,daily,18,3,59818049.0,2.116047281983403,14,39892357.0,3.172984238559782
U500,daily,19,3,59818049.0,2.116047281983403,14,39892357.0,3.172984238559782
U500,daily,20,3,59818049.0,2.116047281983403,14,39892357.0,3.172984238559782
U500,daily,21,3,59818049.0,2.116047281983403,14,39892357.0,3.172984238559782
U500,daily,22,3,59818049.0,2.116047281983403,14,39892357.0,3.172984238559782
U500,daily,23,3,59818049.0,2.116047281983403,14,39892357.0,3.172984238559782
U850,daily,0,3,62595031.0,2.064023979794818,14,43637479.0,2.9607036877634476
U850,daily,1,3,62595031.0,2.064023979794818,14,43637479.0,2.9607036877634476
U850,daily,2,3,62595031.0,2.064023979794818,14,43637479.0,2.9607036877634476
U850,daily,3,3,62595031.0,2.064023979794818,14,43637479.0,2.9607036877634476
U850,daily,4,3,62595031.0,2.064023979794818,14,43637479.0,2.9607036877634476
U850,daily,5,3,62595031.0,2.064023979794818,14,43637479.0,2.9607036877634476
U850,daily,6,3,62595031.0,2.064023979794818,14,43637479.0,2.9607036877634476
U850,daily,7,3,62595031.0,2.064023979794818,14,43637479.0,2.9607036877634476
U850,daily,8,3,62595031.0,2.064023979794818,14,43637479.0,2.9607036877634476
U850,daily,9,3,62595031.0,2.064023979794818,14,43637479.0,2.9607036877634476
U850,daily,10,3,62595031.0,2.064023979794818,14,43637479.0,2.9607036877634476
U850,daily,11,4,77365599.0,1.6699624467458722,14,43637479.0,2.9607036877634476
U850,daily,12,4,77365599.0,1.6699624467458722,14,43637479.0,2.9607036877634476
U850,daily,13,3,62595031.0,2.064023979794818,14,43637479.0,2.9607036877634476
U850,daily,14,3,62595031.0,2.064023979794818,14,43637479.0,2.9607036877634476
U850,daily,15,3,62595031.0,2.064023979794818,14,43637479.0,2.9607036877634476
U850,daily,16,4,77365599.0,1.6699624467458722,14,43637479.0,2.9607036877634476
U850,daily,17,4,77365599.0,1.6699624467458722,14,43637479.0,2.9607036877634476
U850,daily,18,3,62595031.0,2.064023979794818,14,43637479.0,2.9607036877634476
U850,daily,19,3,62595031.0,2.064023979794818,14,43637479.0,2.9607036877634476
U850,daily,20,3,62595031.0,2.064023979794818,14,43637479.0,2.9607036877634476
U850,daily,21,3,62595031.0,2.064023979794818,14,43637479.0,2.9607036877634476
U850,daily,22,3,62595031.0,2.064023979794818,14,43637479.0,2.9607036877634476
U850,daily,23,3,62595031.0,2.064023979794818,14,43637479.0,2.9607036877634476
VBOT,daily,0,3,66002581.0,1.9901077353323502,14,45956720.0,2.858172798232772
VBOT,daily,1,3,66002581.0,1.9901077353323502,14,45956720.0,2.858172798232772
VBOT,daily,2,3,66002581.0,1.9901077353323502,14,45956720.0,2.858172798232772
VBOT,daily,3,3,66002581.0,1.9901077353323502,14,45956720.0,2.858172798232772
VBOT,daily,4,3,66002581.0,1.9901077353323502,14,45956720.0,2.858172798232772
VBOT,daily,5,3,66002581.0,1.9901077353323502,14,45956720.0,2.858172798232772
VBOT,daily,6,3,66002581.0,1.9901077353323502,14,45956720.0,2.858172798232772
VBOT,daily,7,3,66002581.0,1.9901077353323502,14,45956720.0,2.858172798232772
VBOT,daily,8,3,66002581.0,1.9901077353323502,14,45956720.0,2.858172798232772
VBOT,daily,9,3,66002581.0,1.9901077353323502,14,45956720.0,2.858172798232772
VBOT,daily,10,3,66002581.0,1.9901077353323502,14,45956720.0,2.858172798232772
VBOT,daily,11,3,66002581.0,1.9901077353323502,14,45956720.0,2.858172798232772
VBOT,daily,12,3,66002581.0,1.9901077353323502,14,45956720.0,2.858172798232772
VBOT,daily,13,3,66002581.0,1.9901077353323502,14,45956720.0,2.858172798232772
VBOT,daily,14,3,66002581.0,1.9901077353323502,14,45956720.0,2.858172798232772
VBOT,daily,15,3,66002581.0,1.9901077353323502,14,45956720.0,2.858172798232772
VBOT,daily,16,3,66002581.0,1.9901077353323502,14,45956720.0,2.858172798232772
VBOT,daily,17,3,66002581.0,1.9901077353323502,14,45956720.0,2.858172798232772
VBOT,daily,18,3,66002581.0,1.9901077353323502,14,45956720.0,2.858172798232772
VBOT,daily,19,3,66002581.0,1.9901077353323502,14,45956720.0,2.858172798232772
VBOT,daily,20,3,66002581.0,1.9901077353323502,14,45956720.0,2.858172798232772
VBOT,daily,21,3,66002581.0,1.9901077353323502,14,45956720.0,2.858172798232772
VBOT,daily,22,3,66002581.0,1.9901077353323502,14,45956720.0,2.858172798232772
VBOT,daily,23,3,66002581.0,1.9901077353323502,14,45956720.0,2.858172798232772
WSPDSRFAV,daily,0,3,58164035.0,2.1321939236162004,14,43183724.0,2.871845929730377
WSPDSRFAV,daily,1,3,58164035.0,2.1321939236162004,14,43183724.0,2.871845929730377
WSPDSRFAV,daily,2,3,58164035.0,2.1321939236162004,14,43183724.0,2.871845929730377
WSPDSRFAV,daily,3,3,58164035.0,2.1321939236162004,14,43183724.0,2.871845929730377
WSPDSRFAV,daily,4,3,58164035.0,2.1321939236162004,14,43183724.0,2.871845929730377
WSPDSRFAV,daily,5,3,58164035.0,2.1321939236162004,14,43183724.0,2.871845929730377
WSPDSRFAV,daily,6,3,58164035.0,2.1321939236162004,14,43183724.0,2.871845929730377
WSPDSRFAV,daily,7,3,58164035.0,2.1321939236162004,14,43183724.0,2.871845929730377
WSPDSRFAV,daily,8,3,58164035.0,2.1321939236162004,14,43183724.0,2.871845929730377
WSPDSRFAV,daily,9,3,58164035.0,2.1321939236162004,14,43183724.0,2.871845929730377
WSPDSRFAV,daily,10,3,58164035.0,2.1321939236162004,14,43183724.0,2.871845929730377
WSPDSRFAV,daily,11,3,58164035.0,2.1321939236162004,14,43183724.0,2.871845929730377
WSPDSRFAV,daily,12,4,71929618.0,1.7241437595289328,14,43183724.0,2.871845929730377
WSPDSRFAV,daily,13,3,58164035.0,2.1321939236162004,14,43183724.0,2.871845929730377
WSPDSRFAV,daily,14,3,58164035.0,2.1321939236162004,14,43183724.0,2.871845929730377
WSPDSRFAV,daily,15,3,58164035.0,2.1321939236162004,14,43183724.0,2.871845929730377
WSPDSRFAV,daily,16,3,58164035.0,2.1321939236162004,14,43183724.0,2.871845929730377
WSPDSRFAV,daily,17,4,71929618.0,1.7241437595289328,14,43183724.0,2.871845929730377
WSPDSRFAV,daily,18,4,71929618.0,1.7241437595289328,14,43183724.0,2.871845929730377
WSPDSRFAV,daily,19,3,58164035.0,2.1321939236162004,14,43183724.0,2.871845929730377
WSPDSRFAV,daily,20,3,58164035.0,2.1321939236162004,14,43183724.0,2.871845929730377
WSPDSRFAV,daily,21,4,71929618.0,1.7241437595289328,14,43183724.0,2.871845929730377
WSPDSRFAV,daily,22,3,58164035.0,2.1321939236162004,14,43183724.0,2.871845929730377
WSPDSRFAV,daily,23,3,58164035.0,2.1321939236162004,14,43183724.0,2.871845929730377
Z050,daily,0,7,74037517.0,0.9999986358267525,24,45439292.0,1.629369929443443
Z050,daily,1,7,74037517.0,0.9999986358267525,-1,74037416.0,1.0
Z050,daily,2,7,74037517.0,0.9999986358267525,-1,74037416.0,1.0
Z050,daily,3,7,74037517.0,0.9999986358267525,-1,74037416.0,1.0
Z050,daily,4,7,74037517.0,0.9999986358267525,-1,74037416.0,1.0
Z050,daily,5,7,74037517.0,0.9999986358267525,-1,74037416.0,1.0
Z050,daily,6,7,74037517.0,0.9999986358267525,-1,74037416.0,1.0
Z050,daily,7,7,74037517.0,0.9999986358267525,-1,74037416.0,1.0
Z050,daily,8,7,74037517.0,0.9999986358267525,-1,74037416.0,1.0
Z050,daily,9,7,74037517.0,0.9999986358267525,-1,74037416.0,1.0
Z050,daily,10,7,74037517.0,0.9999986358267525,-1,74037416.0,1.0
Z050,daily,11,7,74037517.0,0.9999986358267525,-1,74037416.0,1.0
Z050,daily,12,7,74037517.0,0.9999986358267525,-1,74037416.0,1.0
Z050,daily,13,7,74037517.0,0.9999986358267525,-1,74037416.0,1.0
Z050,daily,14,7,74037517.0,0.9999986358267525,-1,74037416.0,1.0
Z050,daily,15,7,74037517.0,0.9999986358267525,24,45439292.0,1.629369929443443
Z050,daily,16,7,74037517.0,0.9999986358267525,-1,74037416.0,1.0
Z050,daily,17,7,74037517.0,0.9999986358267525,24,45439292.0,1.629369929443443
Z050,daily,18,7,74037517.0,0.9999986358267525,-1,74037416.0,1.0
Z050,daily,19,7,74037517.0,0.9999986358267525,-1,74037416.0,1.0
Z050,daily,20,7,74037517.0,0.9999986358267525,-1,74037416.0,1.0
Z050,daily,21,7,74037517.0,0.9999986358267525,-1,74037416.0,1.0
Z050,daily,22,7,74037517.0,0.9999986358267525,24,45439292.0,1.629369929443443
Z050,daily,23,7,74037517.0,0.9999986358267525,-1,74037416.0,1.0
Z500,daily,0,6,71872257.0,1.2394282539367032,22,50710794.0,1.756637965479302
Z500,daily,1,6,71872257.0,1.2394282539367032,22,50710794.0,1.756637965479302
Z500,daily,2,6,71872257.0,1.2394282539367032,24,60787747.0,1.4654352298992097
Z500,daily,3,6,71872257.0,1.2394282539367032,22,50710794.0,1.756637965479302
Z500,daily,4,6,71872257.0,1.2394282539367032,22,50710794.0,1.756637965479302
Z500,daily,5,6,71872257.0,1.2394282539367032,24,60787747.0,1.4654352298992097
Z500,daily,6,6,71872257.0,1.2394282539367032,22,50710794.0,1.756637965479302
Z500,daily,7,6,71872257.0,1.2394282539367032,22,50710794.0,1.756637965479302
Z500,daily,8,6,71872257.0,1.2394282539367032,24,60787747.0,1.4654352298992097
Z500,daily,9,6,71872257.0,1.2394282539367032,24,60787747.0,1.4654352298992097
Z500,daily,10,6,71872257.0,1.2394282539367032,22,50710794.0,1.756637965479302
Z500,daily,11,6,71872257.0,1.2394282539367032,22,50710794.0,1.756637965479302
Z500,daily,12,6,71872257.0,1.2394282539367032,24,60787747.0,1.4654352298992097
Z500,daily,13,6,71872257.0,1.2394282539367032,24,60787747.0,1.4654352298992097
Z500,daily,14,6,71872257.0,1.2394282539367032,24,60787747.0,1.4654352298992097
Z500,daily,15,6,71872257.0,1.2394282539367032,24,60787747.0,1.4654352298992097
Z500,daily,16,6,71872257.0,1.2394282539367032,24,60787747.0,1.4654352298992097
Z500,daily,17,6,71872257.0,1.2394282539367032,24,60787747.0,1.4654352298992097
Z500,daily,18,6,71872257.0,1.2394282539367032,24,60787747.0,1.4654352298992097
Z500,daily,19,6,71872257.0,1.2394282539367032,24,60787747.0,1.4654352298992097
Z500,daily,20,6,71872257.0,1.2394282539367032,24,60787747.0,1.4654352298992097
Z500,daily,21,6,71872257.0,1.2394282539367032,24,60787747.0,1.4654352298992097
Z500,daily,22,6,71872257.0,1.2394282539367032,22,50710794.0,1.756637965479302
Z500,daily,23,6,71872257.0,1.2394282539367032,24,60787747.0,1.4654352298992097
