variable,frequency,timestep,bg_level,bg_size,bg_ratio,zfp_level,zfp_size,zfp_ratio,sz_level,sz_size,sz_ratio,sz1413_level,sz1413_size,sz1413_ratio
FLNS,monthly,0,4,5798915.0,1.7133415475136298,16,6563960.0,1.5136475542203183,0001,9919720.0,1.0015929885117725,0.0001,9918996.0,1.001666096044398
FLNS,monthly,1,4,5798915.0,1.7133415475136298,14,5288668.0,1.8786435450287293,0001,9919720.0,1.0015929885117725,0.0001,9918996.0,1.001666096044398
FLNS,monthly,2,4,5798915.0,1.7133415475136298,14,5288668.0,1.8786435450287293,00005,9925817.0,1.000977753267061,-1,9935522.0,1.0
FLNS,monthly,3,4,5798915.0,1.7133415475136298,14,5288668.0,1.8786435450287293,00005,9925817.0,1.000977753267061,0.0001,9918996.0,1.001666096044398
FLNS,monthly,4,4,5798915.0,1.7133415475136298,14,5288668.0,1.8786435450287293,0001,9919720.0,1.0015929885117725,0.0001,9918996.0,1.001666096044398
FLNS,monthly,5,4,5798915.0,1.7133415475136298,14,5288668.0,1.8786435450287293,0001,9919720.0,1.0015929885117725,0.0001,9918996.0,1.001666096044398
FLNS,monthly,6,4,5798915.0,1.7133415475136298,14,5288668.0,1.8786435450287293,0001,9919720.0,1.0015929885117725,0.0001,9918996.0,1.001666096044398
FLNS,monthly,7,4,5798915.0,1.7133415475136298,14,5288668.0,1.8786435450287293,000005,9929224.0,1.0006342892455644,0.0001,9918996.0,1.001666096044398
FLNS,monthly,8,4,5798915.0,1.7133415475136298,14,5288668.0,1.8786435450287293,0001,9919720.0,1.0015929885117725,0.0001,9918996.0,1.001666096044398
FLNS,monthly,9,4,5798915.0,1.7133415475136298,14,5288668.0,1.8786435450287293,0001,9919720.0,1.0015929885117725,0.0001,9918996.0,1.001666096044398
FLNS,monthly,10,4,5798915.0,1.7133415475136298,14,5288668.0,1.8786435450287293,0001,9919720.0,1.0015929885117725,0.0001,9918996.0,1.001666096044398
FLNS,monthly,11,4,5798915.0,1.7133415475136298,14,5288668.0,1.8786435450287293,0001,9919720.0,1.0015929885117725,0.0001,9918996.0,1.001666096044398
FLNS,monthly,12,4,5798915.0,1.7133415475136298,14,5288668.0,1.8786435450287293,0001,9919720.0,1.0015929885117725,0.0001,9918996.0,1.001666096044398
FLNS,monthly,13,4,5798915.0,1.7133415475136298,14,5288668.0,1.8786435450287293,0001,9919720.0,1.0015929885117725,0.0001,9918996.0,1.001666096044398
FLNS,monthly,14,4,5798915.0,1.7133415475136298,14,5288668.0,1.8786435450287293,0001,9919720.0,1.0015929885117725,0.0001,9918996.0,1.001666096044398
FLNS,monthly,15,4,5798915.0,1.7133415475136298,14,5288668.0,1.8786435450287293,00005,9925817.0,1.000977753267061,-1,9935522.0,1.0
FLNS,monthly,16,4,5798915.0,1.7133415475136298,14,5288668.0,1.8786435450287293,0001,9919720.0,1.0015929885117725,0.0001,9918996.0,1.001666096044398
FLNS,monthly,17,4,5798915.0,1.7133415475136298,14,5288668.0,1.8786435450287293,000005,9929224.0,1.0006342892455644,0.0001,9918996.0,1.001666096044398
FLNS,monthly,18,4,5798915.0,1.7133415475136298,14,5288668.0,1.8786435450287293,0001,9919720.0,1.0015929885117725,0.0001,9918996.0,1.001666096044398
FLNS,monthly,19,4,5798915.0,1.7133415475136298,14,5288668.0,1.8786435450287293,0001,9919720.0,1.0015929885117725,0.0001,9918996.0,1.001666096044398
FLNS,monthly,20,4,5798915.0,1.7133415475136298,14,5288668.0,1.8786435450287293,0001,9919720.0,1.0015929885117725,0.0001,9918996.0,1.001666096044398
FLNS,monthly,21,4,5798915.0,1.7133415475136298,14,5288668.0,1.8786435450287293,0001,9919720.0,1.0015929885117725,0.0001,9918996.0,1.001666096044398
FLNS,monthly,22,4,5798915.0,1.7133415475136298,14,5288668.0,1.8786435450287293,0001,9919720.0,1.0015929885117725,0.0001,9918996.0,1.001666096044398
FLNS,monthly,23,4,5798915.0,1.7133415475136298,14,5288668.0,1.8786435450287293,0001,9919720.0,1.0015929885117725,0.0001,9918996.0,1.001666096044398
FLNS,monthly,24,4,5798915.0,1.7133415475136298,14,5288668.0,1.8786435450287293,0001,9919720.0,1.0015929885117725,0.0001,9918996.0,1.001666096044398
FLNS,monthly,25,4,5798915.0,1.7133415475136298,14,5288668.0,1.8786435450287293,0001,9919720.0,1.0015929885117725,0.0001,9918996.0,1.001666096044398
FLNS,monthly,26,4,5798915.0,1.7133415475136298,14,5288668.0,1.8786435450287293,0001,9919720.0,1.0015929885117725,0.0001,9918996.0,1.001666096044398
FLNS,monthly,27,4,5798915.0,1.7133415475136298,14,5288668.0,1.8786435450287293,0001,9919720.0,1.0015929885117725,0.0001,9918996.0,1.001666096044398
FLNS,monthly,28,4,5798915.0,1.7133415475136298,14,5288668.0,1.8786435450287293,0001,9919720.0,1.0015929885117725,0.0001,9918996.0,1.001666096044398
FLNS,monthly,29,4,5798915.0,1.7133415475136298,14,5288668.0,1.8786435450287293,000005,9929224.0,1.0006342892455644,0.0001,9918996.0,1.001666096044398
FLNS,monthly,30,4,5798915.0,1.7133415475136298,14,5288668.0,1.8786435450287293,0001,9919720.0,1.0015929885117725,0.0001,9918996.0,1.001666096044398
FLNS,monthly,31,4,5798915.0,1.7133415475136298,14,5288668.0,1.8786435450287293,0001,9919720.0,1.0015929885117725,0.0001,9918996.0,1.001666096044398
FLNS,monthly,32,4,5798915.0,1.7133415475136298,14,5288668.0,1.8786435450287293,0001,9919720.0,1.0015929885117725,0.0001,9918996.0,1.001666096044398
FLNS,monthly,33,4,5798915.0,1.7133415475136298,14,5288668.0,1.8786435450287293,0001,9919720.0,1.0015929885117725,0.0001,9918996.0,1.001666096044398
FLNS,monthly,34,4,5798915.0,1.7133415475136298,14,5288668.0,1.8786435450287293,0001,9919720.0,1.0015929885117725,0.0001,9918996.0,1.001666096044398
FLNS,monthly,35,4,5798915.0,1.7133415475136298,14,5288668.0,1.8786435450287293,0001,9919720.0,1.0015929885117725,0.0001,9918996.0,1.001666096044398
FLNS,monthly,36,4,5798915.0,1.7133415475136298,14,5288668.0,1.8786435450287293,0001,9919720.0,1.0015929885117725,0.0001,9918996.0,1.001666096044398
FLNS,monthly,37,4,5798915.0,1.7133415475136298,14,5288668.0,1.8786435450287293,0001,9919720.0,1.0015929885117725,0.0001,9918996.0,1.001666096044398
FLNS,monthly,38,4,5798915.0,1.7133415475136298,14,5288668.0,1.8786435450287293,0001,9919720.0,1.0015929885117725,0.0001,9918996.0,1.001666096044398
FLNS,monthly,39,4,5798915.0,1.7133415475136298,14,5288668.0,1.8786435450287293,0001,9919720.0,1.0015929885117725,0.0001,9918996.0,1.001666096044398
FLNS,monthly,40,4,5798915.0,1.7133415475136298,14,5288668.0,1.8786435450287293,0001,9919720.0,1.0015929885117725,0.0001,9918996.0,1.001666096044398
FLNS,monthly,41,4,5798915.0,1.7133415475136298,14,5288668.0,1.8786435450287293,0001,9919720.0,1.0015929885117725,0.0001,9918996.0,1.001666096044398
FLNS,monthly,42,4,5798915.0,1.7133415475136298,14,5288668.0,1.8786435450287293,00005,9925817.0,1.000977753267061,0.0001,9918996.0,1.001666096044398
FLNS,monthly,43,4,5798915.0,1.7133415475136298,14,5288668.0,1.8786435450287293,0001,9919720.0,1.0015929885117725,0.0001,9918996.0,1.001666096044398
FLNS,monthly,44,4,5798915.0,1.7133415475136298,14,5288668.0,1.8786435450287293,0001,9919720.0,1.0015929885117725,0.0001,9918996.0,1.001666096044398
FLNS,monthly,45,4,5798915.0,1.7133415475136298,14,5288668.0,1.8786435450287293,0001,9919720.0,1.0015929885117725,0.0001,9918996.0,1.001666096044398
FLNS,monthly,46,4,5798915.0,1.7133415475136298,14,5288668.0,1.8786435450287293,0001,9919720.0,1.0015929885117725,0.0001,9918996.0,1.001666096044398
FLNS,monthly,47,4,5798915.0,1.7133415475136298,14,5288668.0,1.8786435450287293,0001,9919720.0,1.0015929885117725,0.0001,9918996.0,1.001666096044398
FLNS,monthly,48,4,5798915.0,1.7133415475136298,14,5288668.0,1.8786435450287293,0001,9919720.0,1.0015929885117725,0.0001,9918996.0,1.001666096044398
FLNS,monthly,49,4,5798915.0,1.7133415475136298,14,5288668.0,1.8786435450287293,0001,9919720.0,1.0015929885117725,0.0001,9918996.0,1.001666096044398
FLNS,monthly,50,4,5798915.0,1.7133415475136298,14,5288668.0,1.8786435450287293,0001,9919720.0,1.0015929885117725,0.0001,9918996.0,1.001666096044398
FLNS,monthly,51,4,5798915.0,1.7133415475136298,14,5288668.0,1.8786435450287293,0001,9919720.0,1.0015929885117725,0.0001,9918996.0,1.001666096044398
FLNS,monthly,52,4,5798915.0,1.7133415475136298,14,5288668.0,1.8786435450287293,0001,9919720.0,1.0015929885117725,0.0001,9918996.0,1.001666096044398
FLNS,monthly,53,4,5798915.0,1.7133415475136298,14,5288668.0,1.8786435450287293,0001,9919720.0,1.0015929885117725,0.0001,9918996.0,1.001666096044398
FLNS,monthly,54,4,5798915.0,1.7133415475136298,14,5288668.0,1.8786435450287293,0001,9919720.0,1.0015929885117725,0.0001,9918996.0,1.001666096044398
FLNS,monthly,55,4,5798915.0,1.7133415475136298,14,5288668.0,1.8786435450287293,0001,9919720.0,1.0015929885117725,0.0001,9918996.0,1.001666096044398
FLNS,monthly,56,4,5798915.0,1.7133415475136298,14,5288668.0,1.8786435450287293,0001,9919720.0,1.0015929885117725,0.0001,9918996.0,1.001666096044398
FLNS,monthly,57,4,5798915.0,1.7133415475136298,14,5288668.0,1.8786435450287293,0001,9919720.0,1.0015929885117725,0.0001,9918996.0,1.001666096044398
FLNS,monthly,58,4,5798915.0,1.7133415475136298,14,5288668.0,1.8786435450287293,0001,9919720.0,1.0015929885117725,0.0001,9918996.0,1.001666096044398
FLNS,monthly,59,4,5798915.0,1.7133415475136298,14,5288668.0,1.8786435450287293,0001,9919720.0,1.0015929885117725,0.0001,9918996.0,1.001666096044398
FLNT,monthly,0,5,5118950.0,1.6829836196876313,18,5594711.0,1.539866670503624,000001,8608811.0,1.0007315760562057,-1,8615109.0,1.0
FLNT,monthly,1,5,5118950.0,1.6829836196876313,18,5594711.0,1.539866670503624,000001,8608811.0,1.0007315760562057,-1,8615109.0,1.0
FLNT,monthly,2,5,5118950.0,1.6829836196876313,16,5132482.0,1.6785463641177893,000001,8608811.0,1.0007315760562057,-1,8615109.0,1.0
FLNT,monthly,3,5,5118950.0,1.6829836196876313,18,5594711.0,1.539866670503624,000005,8636999.0,0.9974655548761786,-1,8615109.0,1.0
FLNT,monthly,4,5,5118950.0,1.6829836196876313,18,5594711.0,1.539866670503624,000001,8608811.0,1.0007315760562057,-1,8615109.0,1.0
FLNT,monthly,5,5,5118950.0,1.6829836196876313,16,5132482.0,1.6785463641177893,000001,8608811.0,1.0007315760562057,-1,8615109.0,1.0
FLNT,monthly,6,5,5118950.0,1.6829836196876313,18,5594711.0,1.539866670503624,000005,8636999.0,0.9974655548761786,-1,8615109.0,1.0
FLNT,monthly,7,5,5118950.0,1.6829836196876313,18,5594711.0,1.539866670503624,000005,8636999.0,0.9974655548761786,-1,8615109.0,1.0
FLNT,monthly,8,5,5118950.0,1.6829836196876313,18,5594711.0,1.539866670503624,000001,8608811.0,1.0007315760562057,-1,8615109.0,1.0
FLNT,monthly,9,5,5118950.0,1.6829836196876313,18,5594711.0,1.539866670503624,000001,8608811.0,1.0007315760562057,-1,8615109.0,1.0
FLNT,monthly,10,5,5118950.0,1.6829836196876313,18,5594711.0,1.539866670503624,000001,8608811.0,1.0007315760562057,-1,8615109.0,1.0
FLNT,monthly,11,5,5118950.0,1.6829836196876313,18,5594711.0,1.539866670503624,00001,8614571.0,1.000062452326413,-1,8615109.0,1.0
FLNT,monthly,12,5,5118950.0,1.6829836196876313,18,5594711.0,1.539866670503624,000001,8608811.0,1.0007315760562057,-1,8615109.0,1.0
FLNT,monthly,13,5,5118950.0,1.6829836196876313,18,5594711.0,1.539866670503624,000001,8608811.0,1.0007315760562057,-1,8615109.0,1.0
FLNT,monthly,14,5,5118950.0,1.6829836196876313,18,5594711.0,1.539866670503624,00005,8605761.0,1.001086249083608,-1,8615109.0,1.0
FLNT,monthly,15,5,5118950.0,1.6829836196876313,18,5594711.0,1.539866670503624,00005,8605761.0,1.001086249083608,-1,8615109.0,1.0
FLNT,monthly,16,5,5118950.0,1.6829836196876313,18,5594711.0,1.539866670503624,000001,8608811.0,1.0007315760562057,-1,8615109.0,1.0
FLNT,monthly,17,5,5118950.0,1.6829836196876313,18,5594711.0,1.539866670503624,00005,8605761.0,1.001086249083608,-1,8615109.0,1.0
FLNT,monthly,18,5,5118950.0,1.6829836196876313,18,5594711.0,1.539866670503624,00005,8605761.0,1.001086249083608,-1,8615109.0,1.0
FLNT,monthly,19,5,5118950.0,1.6829836196876313,18,5594711.0,1.539866670503624,000001,8608811.0,1.0007315760562057,-1,8615109.0,1.0
FLNT,monthly,20,5,5118950.0,1.6829836196876313,18,5594711.0,1.539866670503624,00001,8614571.0,1.000062452326413,-1,8615109.0,1.0
FLNT,monthly,21,5,5118950.0,1.6829836196876313,18,5594711.0,1.539866670503624,000001,8608811.0,1.0007315760562057,-1,8615109.0,1.0
FLNT,monthly,22,5,5118950.0,1.6829836196876313,18,5594711.0,1.539866670503624,000001,8608811.0,1.0007315760562057,-1,8615109.0,1.0
FLNT,monthly,23,5,5118950.0,1.6829836196876313,18,5594711.0,1.539866670503624,00001,8614571.0,1.000062452326413,-1,8615109.0,1.0
FLNT,monthly,24,5,5118950.0,1.6829836196876313,18,5594711.0,1.539866670503624,00001,8614571.0,1.000062452326413,-1,8615109.0,1.0
FLNT,monthly,25,5,5118950.0,1.6829836196876313,18,5594711.0,1.539866670503624,000001,8608811.0,1.0007315760562057,-1,8615109.0,1.0
FLNT,monthly,26,5,5118950.0,1.6829836196876313,18,5594711.0,1.539866670503624,000005,8636999.0,0.9974655548761786,-1,8615109.0,1.0
FLNT,monthly,27,5,5118950.0,1.6829836196876313,18,5594711.0,1.539866670503624,000001,8608811.0,1.0007315760562057,-1,8615109.0,1.0
FLNT,monthly,28,5,5118950.0,1.6829836196876313,18,5594711.0,1.539866670503624,000001,8608811.0,1.0007315760562057,-1,8615109.0,1.0
FLNT,monthly,29,5,5118950.0,1.6829836196876313,18,5594711.0,1.539866670503624,000001,8608811.0,1.0007315760562057,-1,8615109.0,1.0
FLNT,monthly,30,5,5118950.0,1.6829836196876313,18,5594711.0,1.539866670503624,000005,8636999.0,0.9974655548761786,-1,8615109.0,1.0
FLNT,monthly,31,5,5118950.0,1.6829836196876313,18,5594711.0,1.539866670503624,000001,8608811.0,1.0007315760562057,-1,8615109.0,1.0
FLNT,monthly,32,5,5118950.0,1.6829836196876313,18,5594711.0,1.539866670503624,000005,8636999.0,0.9974655548761786,-1,8615109.0,1.0
FLNT,monthly,33,5,5118950.0,1.6829836196876313,18,5594711.0,1.539866670503624,000001,8608811.0,1.0007315760562057,-1,8615109.0,1.0
FLNT,monthly,34,5,5118950.0,1.6829836196876313,18,5594711.0,1.539866670503624,00001,8614571.0,1.000062452326413,-1,8615109.0,1.0
FLNT,monthly,35,5,5118950.0,1.6829836196876313,18,5594711.0,1.539866670503624,00001,8614571.0,1.000062452326413,-1,8615109.0,1.0
FLNT,monthly,36,5,5118950.0,1.6829836196876313,18,5594711.0,1.539866670503624,000001,8608811.0,1.0007315760562057,-1,8615109.0,1.0
FLNT,monthly,37,5,5118950.0,1.6829836196876313,18,5594711.0,1.539866670503624,000001,8608811.0,1.0007315760562057,-1,8615109.0,1.0
FLNT,monthly,38,5,5118950.0,1.6829836196876313,18,5594711.0,1.539866670503624,00001,8614571.0,1.000062452326413,-1,8615109.0,1.0
FLNT,monthly,39,5,5118950.0,1.6829836196876313,18,5594711.0,1.539866670503624,000005,8636999.0,0.9974655548761786,-1,8615109.0,1.0
FLNT,monthly,40,5,5118950.0,1.6829836196876313,18,5594711.0,1.539866670503624,000005,8636999.0,0.9974655548761786,-1,8615109.0,1.0
FLNT,monthly,41,5,5118950.0,1.6829836196876313,18,5594711.0,1.539866670503624,000001,8608811.0,1.0007315760562057,-1,8615109.0,1.0
FLNT,monthly,42,5,5118950.0,1.6829836196876313,18,5594711.0,1.539866670503624,000001,8608811.0,1.0007315760562057,-1,8615109.0,1.0
FLNT,monthly,43,5,5118950.0,1.6829836196876313,18,5594711.0,1.539866670503624,000001,8608811.0,1.0007315760562057,-1,8615109.0,1.0
FLNT,monthly,44,5,5118950.0,1.6829836196876313,16,5132482.0,1.6785463641177893,000001,8608811.0,1.0007315760562057,-1,8615109.0,1.0
FLNT,monthly,45,5,5118950.0,1.6829836196876313,18,5594711.0,1.539866670503624,00001,8614571.0,1.000062452326413,-1,8615109.0,1.0
FLNT,monthly,46,5,5118950.0,1.6829836196876313,18,5594711.0,1.539866670503624,000001,8608811.0,1.0007315760562057,-1,8615109.0,1.0
FLNT,monthly,47,5,5118950.0,1.6829836196876313,16,5132482.0,1.6785463641177893,00005,8605761.0,1.001086249083608,-1,8615109.0,1.0
FLNT,monthly,48,5,5118950.0,1.6829836196876313,18,5594711.0,1.539866670503624,00001,8614571.0,1.000062452326413,-1,8615109.0,1.0
FLNT,monthly,49,5,5118950.0,1.6829836196876313,18,5594711.0,1.539866670503624,00001,8614571.0,1.000062452326413,-1,8615109.0,1.0
FLNT,monthly,50,5,5118950.0,1.6829836196876313,18,5594711.0,1.539866670503624,00001,8614571.0,1.000062452326413,-1,8615109.0,1.0
FLNT,monthly,51,5,5118950.0,1.6829836196876313,18,5594711.0,1.539866670503624,000005,8636999.0,0.9974655548761786,-1,8615109.0,1.0
FLNT,monthly,52,5,5118950.0,1.6829836196876313,18,5594711.0,1.539866670503624,000001,8608811.0,1.0007315760562057,-1,8615109.0,1.0
FLNT,monthly,53,5,5118950.0,1.6829836196876313,18,5594711.0,1.539866670503624,00005,8605761.0,1.001086249083608,-1,8615109.0,1.0
FLNT,monthly,54,5,5118950.0,1.6829836196876313,18,5594711.0,1.539866670503624,000001,8608811.0,1.0007315760562057,-1,8615109.0,1.0
FLNT,monthly,55,5,5118950.0,1.6829836196876313,18,5594711.0,1.539866670503624,000001,8608811.0,1.0007315760562057,-1,8615109.0,1.0
FLNT,monthly,56,5,5118950.0,1.6829836196876313,18,5594711.0,1.539866670503624,00005,8605761.0,1.001086249083608,-1,8615109.0,1.0
FLNT,monthly,57,5,5118950.0,1.6829836196876313,18,5594711.0,1.539866670503624,00001,8614571.0,1.000062452326413,-1,8615109.0,1.0
FLNT,monthly,58,5,5118950.0,1.6829836196876313,18,5594711.0,1.539866670503624,00001,8614571.0,1.000062452326413,-1,8615109.0,1.0
FLNT,monthly,59,5,5118950.0,1.6829836196876313,18,5594711.0,1.539866670503624,00001,8614571.0,1.000062452326413,-1,8615109.0,1.0
FSNS,monthly,0,4,5195413.0,1.7910449082681204,14,4939332.0,1.8839021146989108,00005,9179297.0,1.0137179350444812,-1,9305218.0,1.0
FSNS,monthly,1,4,5195413.0,1.7910449082681204,14,4939332.0,1.8839021146989108,000005,9298920.0,1.0006772829532893,-1,9305218.0,1.0
FSNS,monthly,2,4,5195413.0,1.7910449082681204,14,4939332.0,1.8839021146989108,00001,9278780.0,1.0028492969980967,-1,9305218.0,1.0
FSNS,monthly,3,4,5195413.0,1.7910449082681204,14,4939332.0,1.8839021146989108,00001,9278780.0,1.0028492969980967,-1,9305218.0,1.0
FSNS,monthly,4,4,5195413.0,1.7910449082681204,14,4939332.0,1.8839021146989108,00005,9179297.0,1.0137179350444812,-1,9305218.0,1.0
FSNS,monthly,5,4,5195413.0,1.7910449082681204,14,4939332.0,1.8839021146989108,000005,9298920.0,1.0006772829532893,-1,9305218.0,1.0
FSNS,monthly,6,4,5195413.0,1.7910449082681204,14,4939332.0,1.8839021146989108,00005,9179297.0,1.0137179350444812,-1,9305218.0,1.0
FSNS,monthly,7,4,5195413.0,1.7910449082681204,14,4939332.0,1.8839021146989108,00001,9278780.0,1.0028492969980967,-1,9305218.0,1.0
FSNS,monthly,8,4,5195413.0,1.7910449082681204,14,4939332.0,1.8839021146989108,00005,9179297.0,1.0137179350444812,-1,9305218.0,1.0
FSNS,monthly,9,4,5195413.0,1.7910449082681204,14,4939332.0,1.8839021146989108,0001,9123935.0,1.0198689490883046,0.0001,9156167.0,1.016278755072947
FSNS,monthly,10,4,5195413.0,1.7910449082681204,14,4939332.0,1.8839021146989108,00001,9278780.0,1.0028492969980967,-1,9305218.0,1.0
FSNS,monthly,11,4,5195413.0,1.7910449082681204,14,4939332.0,1.8839021146989108,00001,9278780.0,1.0028492969980967,-1,9305218.0,1.0
FSNS,monthly,12,4,5195413.0,1.7910449082681204,14,4939332.0,1.8839021146989108,00001,9278780.0,1.0028492969980967,-1,9305218.0,1.0
FSNS,monthly,13,4,5195413.0,1.7910449082681204,14,4939332.0,1.8839021146989108,00001,9278780.0,1.0028492969980967,-1,9305218.0,1.0
FSNS,monthly,14,4,5195413.0,1.7910449082681204,14,4939332.0,1.8839021146989108,00001,9278780.0,1.0028492969980967,-1,9305218.0,1.0
FSNS,monthly,15,4,5195413.0,1.7910449082681204,14,4939332.0,1.8839021146989108,00001,9278780.0,1.0028492969980967,-1,9305218.0,1.0
FSNS,monthly,16,4,5195413.0,1.7910449082681204,14,4939332.0,1.8839021146989108,00001,9278780.0,1.0028492969980967,-1,9305218.0,1.0
FSNS,monthly,17,4,5195413.0,1.7910449082681204,14,4939332.0,1.8839021146989108,000005,9298920.0,1.0006772829532893,-1,9305218.0,1.0
FSNS,monthly,18,4,5195413.0,1.7910449082681204,14,4939332.0,1.8839021146989108,00001,9278780.0,1.0028492969980967,-1,9305218.0,1.0
FSNS,monthly,19,4,5195413.0,1.7910449082681204,14,4939332.0,1.8839021146989108,00001,9278780.0,1.0028492969980967,-1,9305218.0,1.0
FSNS,monthly,20,4,5195413.0,1.7910449082681204,14,4939332.0,1.8839021146989108,00001,9278780.0,1.0028492969980967,-1,9305218.0,1.0
FSNS,monthly,21,4,5195413.0,1.7910449082681204,14,4939332.0,1.8839021146989108,00005,9179297.0,1.0137179350444812,-1,9305218.0,1.0
FSNS,monthly,22,4,5195413.0,1.7910449082681204,14,4939332.0,1.8839021146989108,00005,9179297.0,1.0137179350444812,-1,9305218.0,1.0
FSNS,monthly,23,4,5195413.0,1.7910449082681204,14,4939332.0,1.8839021146989108,000005,9298920.0,1.0006772829532893,-1,9305218.0,1.0
FSNS,monthly,24,4,5195413.0,1.7910449082681204,14,4939332.0,1.8839021146989108,00005,9179297.0,1.0137179350444812,-1,9305218.0,1.0
FSNS,monthly,25,4,5195413.0,1.7910449082681204,14,4939332.0,1.8839021146989108,00001,9278780.0,1.0028492969980967,-1,9305218.0,1.0
FSNS,monthly,26,4,5195413.0,1.7910449082681204,14,4939332.0,1.8839021146989108,00001,9278780.0,1.0028492969980967,-1,9305218.0,1.0
FSNS,monthly,27,4,5195413.0,1.7910449082681204,14,4939332.0,1.8839021146989108,00001,9278780.0,1.0028492969980967,-1,9305218.0,1.0
FSNS,monthly,28,4,5195413.0,1.7910449082681204,14,4939332.0,1.8839021146989108,00001,9278780.0,1.0028492969980967,-1,9305218.0,1.0
FSNS,monthly,29,4,5195413.0,1.7910449082681204,14,4939332.0,1.8839021146989108,00001,9278780.0,1.0028492969980967,-1,9305218.0,1.0
FSNS,monthly,30,4,5195413.0,1.7910449082681204,14,4939332.0,1.8839021146989108,00001,9278780.0,1.0028492969980967,-1,9305218.0,1.0
FSNS,monthly,31,4,5195413.0,1.7910449082681204,14,4939332.0,1.8839021146989108,000005,9298920.0,1.0006772829532893,-1,9305218.0,1.0
FSNS,monthly,32,4,5195413.0,1.7910449082681204,14,4939332.0,1.8839021146989108,00001,9278780.0,1.0028492969980967,-1,9305218.0,1.0
FSNS,monthly,33,4,5195413.0,1.7910449082681204,14,4939332.0,1.8839021146989108,00001,9278780.0,1.0028492969980967,-1,9305218.0,1.0
FSNS,monthly,34,4,5195413.0,1.7910449082681204,14,4939332.0,1.8839021146989108,00005,9179297.0,1.0137179350444812,-1,9305218.0,1.0
FSNS,monthly,35,4,5195413.0,1.7910449082681204,14,4939332.0,1.8839021146989108,00001,9278780.0,1.0028492969980967,-1,9305218.0,1.0
FSNS,monthly,36,4,5195413.0,1.7910449082681204,14,4939332.0,1.8839021146989108,00005,9179297.0,1.0137179350444812,-1,9305218.0,1.0
FSNS,monthly,37,4,5195413.0,1.7910449082681204,14,4939332.0,1.8839021146989108,00005,9179297.0,1.0137179350444812,-1,9305218.0,1.0
FSNS,monthly,38,4,5195413.0,1.7910449082681204,14,4939332.0,1.8839021146989108,00001,9278780.0,1.0028492969980967,-1,9305218.0,1.0
FSNS,monthly,39,4,5195413.0,1.7910449082681204,14,4939332.0,1.8839021146989108,00005,9179297.0,1.0137179350444812,-1,9305218.0,1.0
FSNS,monthly,40,4,5195413.0,1.7910449082681204,14,4939332.0,1.8839021146989108,000005,9298920.0,1.0006772829532893,-1,9305218.0,1.0
FSNS,monthly,41,4,5195413.0,1.7910449082681204,14,4939332.0,1.8839021146989108,00001,9278780.0,1.0028492969980967,-1,9305218.0,1.0
FSNS,monthly,42,4,5195413.0,1.7910449082681204,14,4939332.0,1.8839021146989108,00005,9179297.0,1.0137179350444812,-1,9305218.0,1.0
FSNS,monthly,43,4,5195413.0,1.7910449082681204,14,4939332.0,1.8839021146989108,00005,9179297.0,1.0137179350444812,-1,9305218.0,1.0
FSNS,monthly,44,4,5195413.0,1.7910449082681204,14,4939332.0,1.8839021146989108,00001,9278780.0,1.0028492969980967,-1,9305218.0,1.0
FSNS,monthly,45,4,5195413.0,1.7910449082681204,14,4939332.0,1.8839021146989108,00005,9179297.0,1.0137179350444812,-1,9305218.0,1.0
FSNS,monthly,46,4,5195413.0,1.7910449082681204,14,4939332.0,1.8839021146989108,00001,9278780.0,1.0028492969980967,-1,9305218.0,1.0
FSNS,monthly,47,4,5195413.0,1.7910449082681204,14,4939332.0,1.8839021146989108,000005,9298920.0,1.0006772829532893,-1,9305218.0,1.0
FSNS,monthly,48,4,5195413.0,1.7910449082681204,14,4939332.0,1.8839021146989108,00005,9179297.0,1.0137179350444812,-1,9305218.0,1.0
FSNS,monthly,49,4,5195413.0,1.7910449082681204,14,4939332.0,1.8839021146989108,00005,9179297.0,1.0137179350444812,-1,9305218.0,1.0
FSNS,monthly,50,4,5195413.0,1.7910449082681204,14,4939332.0,1.8839021146989108,00001,9278780.0,1.0028492969980967,0.0001,9156167.0,1.016278755072947
FSNS,monthly,51,4,5195413.0,1.7910449082681204,14,4939332.0,1.8839021146989108,000005,9298920.0,1.0006772829532893,-1,9305218.0,1.0
FSNS,monthly,52,4,5195413.0,1.7910449082681204,14,4939332.0,1.8839021146989108,00005,9179297.0,1.0137179350444812,-1,9305218.0,1.0
FSNS,monthly,53,4,5195413.0,1.7910449082681204,14,4939332.0,1.8839021146989108,00001,9278780.0,1.0028492969980967,-1,9305218.0,1.0
FSNS,monthly,54,4,5195413.0,1.7910449082681204,14,4939332.0,1.8839021146989108,00001,9278780.0,1.0028492969980967,-1,9305218.0,1.0
FSNS,monthly,55,4,5195413.0,1.7910449082681204,14,4939332.0,1.8839021146989108,00001,9278780.0,1.0028492969980967,-1,9305218.0,1.0
FSNS,monthly,56,4,5195413.0,1.7910449082681204,14,4939332.0,1.8839021146989108,00005,9179297.0,1.0137179350444812,0.0001,9156167.0,1.016278755072947
FSNS,monthly,57,4,5195413.0,1.7910449082681204,14,4939332.0,1.8839021146989108,000005,9298920.0,1.0006772829532893,-1,9305218.0,1.0
FSNS,monthly,58,4,5195413.0,1.7910449082681204,14,4939332.0,1.8839021146989108,00001,9278780.0,1.0028492969980967,-1,9305218.0,1.0
FSNS,monthly,59,4,5195413.0,1.7910449082681204,14,4939332.0,1.8839021146989108,00001,9278780.0,1.0028492969980967,-1,9305218.0,1.0
FSNT,monthly,0,4,4835245.0,1.836691625760432,16,5721123.0,1.5522920937025826,00001,8867438.0,1.0015129510913976,-1,8880854.0,1.0
FSNT,monthly,1,4,4835245.0,1.836691625760432,16,5721123.0,1.5522920937025826,00001,8867438.0,1.0015129510913976,-1,8880854.0,1.0
FSNT,monthly,2,4,4835245.0,1.836691625760432,16,5721123.0,1.5522920937025826,000005,8915490.0,0.9961150761203255,-1,8880854.0,1.0
FSNT,monthly,3,4,4835245.0,1.836691625760432,16,5721123.0,1.5522920937025826,000001,8874556.0,1.000709669306273,0.0001,8784220.0,1.0110008629109926
FSNT,monthly,4,4,4835245.0,1.836691625760432,14,4469702.0,1.986900692708373,000005,8915490.0,0.9961150761203255,-1,8880854.0,1.0
FSNT,monthly,5,4,4835245.0,1.836691625760432,16,5721123.0,1.5522920937025826,00001,8867438.0,1.0015129510913976,-1,8880854.0,1.0
FSNT,monthly,6,4,4835245.0,1.836691625760432,14,4469702.0,1.986900692708373,0001,8747863.0,1.015202684358454,-1,8880854.0,1.0
FSNT,monthly,7,4,4835245.0,1.836691625760432,18,6181806.0,1.436611566263969,00001,8867438.0,1.0015129510913976,-1,8880854.0,1.0
FSNT,monthly,8,4,4835245.0,1.836691625760432,16,5721123.0,1.5522920937025826,00001,8867438.0,1.0015129510913976,-1,8880854.0,1.0
FSNT,monthly,9,4,4835245.0,1.836691625760432,16,5721123.0,1.5522920937025826,0001,8747863.0,1.015202684358454,0.0001,8784220.0,1.0110008629109926
FSNT,monthly,10,4,4835245.0,1.836691625760432,14,4469702.0,1.986900692708373,00005,8798542.0,1.00935518634792,-1,8880854.0,1.0
FSNT,monthly,11,4,4835245.0,1.836691625760432,16,5721123.0,1.5522920937025826,0001,8747863.0,1.015202684358454,0.0001,8784220.0,1.0110008629109926
FSNT,monthly,12,4,4835245.0,1.836691625760432,16,5721123.0,1.5522920937025826,00005,8798542.0,1.00935518634792,-1,8880854.0,1.0
FSNT,monthly,13,4,4835245.0,1.836691625760432,16,5721123.0,1.5522920937025826,0001,8747863.0,1.015202684358454,0.0001,8784220.0,1.0110008629109926
FSNT,monthly,14,4,4835245.0,1.836691625760432,16,5721123.0,1.5522920937025826,00005,8798542.0,1.00935518634792,-1,8880854.0,1.0
FSNT,monthly,15,4,4835245.0,1.836691625760432,16,5721123.0,1.5522920937025826,000001,8874556.0,1.000709669306273,-1,8880854.0,1.0
FSNT,monthly,16,4,4835245.0,1.836691625760432,16,5721123.0,1.5522920937025826,00005,8798542.0,1.00935518634792,0.0001,8784220.0,1.0110008629109926
FSNT,monthly,17,4,4835245.0,1.836691625760432,16,5721123.0,1.5522920937025826,000001,8874556.0,1.000709669306273,-1,8880854.0,1.0
FSNT,monthly,18,4,4835245.0,1.836691625760432,16,5721123.0,1.5522920937025826,000005,8915490.0,0.9961150761203255,-1,8880854.0,1.0
FSNT,monthly,19,4,4835245.0,1.836691625760432,16,5721123.0,1.5522920937025826,0001,8747863.0,1.015202684358454,0.0001,8784220.0,1.0110008629109926
FSNT,monthly,20,4,4835245.0,1.836691625760432,16,5721123.0,1.5522920937025826,00005,8798542.0,1.00935518634792,-1,8880854.0,1.0
FSNT,monthly,21,4,4835245.0,1.836691625760432,16,5721123.0,1.5522920937025826,000005,8915490.0,0.9961150761203255,-1,8880854.0,1.0
FSNT,monthly,22,4,4835245.0,1.836691625760432,16,5721123.0,1.5522920937025826,00005,8798542.0,1.00935518634792,-1,8880854.0,1.0
FSNT,monthly,23,4,4835245.0,1.836691625760432,16,5721123.0,1.5522920937025826,00001,8867438.0,1.0015129510913976,-1,8880854.0,1.0
FSNT,monthly,24,4,4835245.0,1.836691625760432,14,4469702.0,1.986900692708373,0001,8747863.0,1.015202684358454,0.0001,8784220.0,1.0110008629109926
FSNT,monthly,25,4,4835245.0,1.836691625760432,14,4469702.0,1.986900692708373,00005,8798542.0,1.00935518634792,-1,8880854.0,1.0
FSNT,monthly,26,4,4835245.0,1.836691625760432,14,4469702.0,1.986900692708373,00005,8798542.0,1.00935518634792,0.0001,8784220.0,1.0110008629109926
FSNT,monthly,27,4,4835245.0,1.836691625760432,16,5721123.0,1.5522920937025826,00005,8798542.0,1.00935518634792,-1,8880854.0,1.0
FSNT,monthly,28,4,4835245.0,1.836691625760432,16,5721123.0,1.5522920937025826,00001,8867438.0,1.0015129510913976,-1,8880854.0,1.0
FSNT,monthly,29,4,4835245.0,1.836691625760432,16,5721123.0,1.5522920937025826,0001,8747863.0,1.015202684358454,0.0001,8784220.0,1.0110008629109926
FSNT,monthly,30,4,4835245.0,1.836691625760432,16,5721123.0,1.5522920937025826,000001,8874556.0,1.000709669306273,0.0001,8784220.0,1.0110008629109926
FSNT,monthly,31,4,4835245.0,1.836691625760432,16,5721123.0,1.5522920937025826,00001,8867438.0,1.0015129510913976,-1,8880854.0,1.0
FSNT,monthly,32,4,4835245.0,1.836691625760432,16,5721123.0,1.5522920937025826,0001,8747863.0,1.015202684358454,0.0001,8784220.0,1.0110008629109926
FSNT,monthly,33,4,4835245.0,1.836691625760432,16,5721123.0,1.5522920937025826,00001,8867438.0,1.0015129510913976,-1,8880854.0,1.0
FSNT,monthly,34,5,5890220.0,1.5077287435783384,16,5721123.0,1.5522920937025826,00001,8867438.0,1.0015129510913976,-1,8880854.0,1.0
FSNT,monthly,35,5,5890220.0,1.5077287435783384,16,5721123.0,1.5522920937025826,00001,8867438.0,1.0015129510913976,-1,8880854.0,1.0
FSNT,monthly,36,4,4835245.0,1.836691625760432,16,5721123.0,1.5522920937025826,0001,8747863.0,1.015202684358454,0.0001,8784220.0,1.0110008629109926
FSNT,monthly,37,4,4835245.0,1.836691625760432,14,4469702.0,1.986900692708373,00005,8798542.0,1.00935518634792,0.0001,8784220.0,1.0110008629109926
FSNT,monthly,38,4,4835245.0,1.836691625760432,16,5721123.0,1.5522920937025826,00005,8798542.0,1.00935518634792,-1,8880854.0,1.0
FSNT,monthly,39,4,4835245.0,1.836691625760432,14,4469702.0,1.986900692708373,0001,8747863.0,1.015202684358454,0.0001,8784220.0,1.0110008629109926
FSNT,monthly,40,4,4835245.0,1.836691625760432,16,5721123.0,1.5522920937025826,00001,8867438.0,1.0015129510913976,-1,8880854.0,1.0
FSNT,monthly,41,4,4835245.0,1.836691625760432,16,5721123.0,1.5522920937025826,000005,8915490.0,0.9961150761203255,-1,8880854.0,1.0
FSNT,monthly,42,4,4835245.0,1.836691625760432,16,5721123.0,1.5522920937025826,0001,8747863.0,1.015202684358454,-1,8880854.0,1.0
FSNT,monthly,43,4,4835245.0,1.836691625760432,16,5721123.0,1.5522920937025826,000005,8915490.0,0.9961150761203255,-1,8880854.0,1.0
FSNT,monthly,44,4,4835245.0,1.836691625760432,16,5721123.0,1.5522920937025826,00001,8867438.0,1.0015129510913976,-1,8880854.0,1.0
FSNT,monthly,45,4,4835245.0,1.836691625760432,16,5721123.0,1.5522920937025826,0001,8747863.0,1.015202684358454,0.0001,8784220.0,1.0110008629109926
FSNT,monthly,46,4,4835245.0,1.836691625760432,16,5721123.0,1.5522920937025826,0001,8747863.0,1.015202684358454,0.0001,8784220.0,1.0110008629109926
FSNT,monthly,47,4,4835245.0,1.836691625760432,16,5721123.0,1.5522920937025826,00001,8867438.0,1.0015129510913976,-1,8880854.0,1.0
FSNT,monthly,48,5,5890220.0,1.5077287435783384,16,5721123.0,1.5522920937025826,00005,8798542.0,1.00935518634792,-1,8880854.0,1.0
FSNT,monthly,49,4,4835245.0,1.836691625760432,16,5721123.0,1.5522920937025826,0001,8747863.0,1.015202684358454,0.0001,8784220.0,1.0110008629109926
FSNT,monthly,50,4,4835245.0,1.836691625760432,14,4469702.0,1.986900692708373,0001,8747863.0,1.015202684358454,0.0001,8784220.0,1.0110008629109926
FSNT,monthly,51,4,4835245.0,1.836691625760432,16,5721123.0,1.5522920937025826,00005,8798542.0,1.00935518634792,-1,8880854.0,1.0
FSNT,monthly,52,4,4835245.0,1.836691625760432,16,5721123.0,1.5522920937025826,0001,8747863.0,1.015202684358454,0.0001,8784220.0,1.0110008629109926
FSNT,monthly,53,4,4835245.0,1.836691625760432,16,5721123.0,1.5522920937025826,00005,8798542.0,1.00935518634792,-1,8880854.0,1.0
FSNT,monthly,54,4,4835245.0,1.836691625760432,16,5721123.0,1.5522920937025826,000001,8874556.0,1.000709669306273,-1,8880854.0,1.0
FSNT,monthly,55,4,4835245.0,1.836691625760432,16,5721123.0,1.5522920937025826,0001,8747863.0,1.015202684358454,0.0001,8784220.0,1.0110008629109926
FSNT,monthly,56,4,4835245.0,1.836691625760432,14,4469702.0,1.986900692708373,00005,8798542.0,1.00935518634792,-1,8880854.0,1.0
FSNT,monthly,57,4,4835245.0,1.836691625760432,14,4469702.0,1.986900692708373,00005,8798542.0,1.00935518634792,-1,8880854.0,1.0
FSNT,monthly,58,4,4835245.0,1.836691625760432,14,4469702.0,1.986900692708373,0001,8747863.0,1.015202684358454,0.0001,8784220.0,1.0110008629109926
FSNT,monthly,59,4,4835245.0,1.836691625760432,16,5721123.0,1.5522920937025826,00001,8867438.0,1.0015129510913976,-1,8880854.0,1.0
LHFLX,monthly,0,4,6181984.0,1.691403439413625,14,5823596.0,1.7954935404172954,00001,10358303.0,1.0094538651746334,-1,10456229.0,1.0
LHFLX,monthly,1,4,6181984.0,1.691403439413625,14,5823596.0,1.7954935404172954,000001,10449940.0,1.0006018216372534,-1,10456229.0,1.0
LHFLX,monthly,2,4,6181984.0,1.691403439413625,14,5823596.0,1.7954935404172954,00001,10358303.0,1.0094538651746334,-1,10456229.0,1.0
LHFLX,monthly,3,4,6181984.0,1.691403439413625,14,5823596.0,1.7954935404172954,000005,10447490.0,1.0008364688551987,-1,10456229.0,1.0
LHFLX,monthly,4,4,6181984.0,1.691403439413625,14,5823596.0,1.7954935404172954,000005,10447490.0,1.0008364688551987,-1,10456229.0,1.0
LHFLX,monthly,5,4,6181984.0,1.691403439413625,14,5823596.0,1.7954935404172954,000001,10449940.0,1.0006018216372534,-1,10456229.0,1.0
LHFLX,monthly,6,4,6181984.0,1.691403439413625,14,5823596.0,1.7954935404172954,000005,10447490.0,1.0008364688551987,-1,10456229.0,1.0
LHFLX,monthly,7,4,6181984.0,1.691403439413625,14,5823596.0,1.7954935404172954,000005,10447490.0,1.0008364688551987,-1,10456229.0,1.0
LHFLX,monthly,8,4,6181984.0,1.691403439413625,14,5823596.0,1.7954935404172954,000005,10447490.0,1.0008364688551987,-1,10456229.0,1.0
LHFLX,monthly,9,4,6181984.0,1.691403439413625,14,5823596.0,1.7954935404172954,00001,10358303.0,1.0094538651746334,-1,10456229.0,1.0
LHFLX,monthly,10,4,6181984.0,1.691403439413625,14,5823596.0,1.7954935404172954,00001,10358303.0,1.0094538651746334,-1,10456229.0,1.0
LHFLX,monthly,11,4,6181984.0,1.691403439413625,14,5823596.0,1.7954935404172954,000005,10447490.0,1.0008364688551987,-1,10456229.0,1.0
LHFLX,monthly,12,4,6181984.0,1.691403439413625,14,5823596.0,1.7954935404172954,00001,10358303.0,1.0094538651746334,-1,10456229.0,1.0
LHFLX,monthly,13,4,6181984.0,1.691403439413625,14,5823596.0,1.7954935404172954,000005,10447490.0,1.0008364688551987,-1,10456229.0,1.0
LHFLX,monthly,14,4,6181984.0,1.691403439413625,14,5823596.0,1.7954935404172954,00001,10358303.0,1.0094538651746334,-1,10456229.0,1.0
LHFLX,monthly,15,4,6181984.0,1.691403439413625,14,5823596.0,1.7954935404172954,00001,10358303.0,1.0094538651746334,-1,10456229.0,1.0
LHFLX,monthly,16,4,6181984.0,1.691403439413625,14,5823596.0,1.7954935404172954,00001,10358303.0,1.0094538651746334,-1,10456229.0,1.0
LHFLX,monthly,17,4,6181984.0,1.691403439413625,14,5823596.0,1.7954935404172954,000001,10449940.0,1.0006018216372534,-1,10456229.0,1.0
LHFLX,monthly,18,4,6181984.0,1.691403439413625,14,5823596.0,1.7954935404172954,00001,10358303.0,1.0094538651746334,-1,10456229.0,1.0
LHFLX,monthly,19,4,6181984.0,1.691403439413625,14,5823596.0,1.7954935404172954,000001,10449940.0,1.0006018216372534,-1,10456229.0,1.0
LHFLX,monthly,20,4,6181984.0,1.691403439413625,14,5823596.0,1.7954935404172954,000005,10447490.0,1.0008364688551987,-1,10456229.0,1.0
LHFLX,monthly,21,4,6181984.0,1.691403439413625,14,5823596.0,1.7954935404172954,00001,10358303.0,1.0094538651746334,-1,10456229.0,1.0
LHFLX,monthly,22,4,6181984.0,1.691403439413625,14,5823596.0,1.7954935404172954,000005,10447490.0,1.0008364688551987,-1,10456229.0,1.0
LHFLX,monthly,23,4,6181984.0,1.691403439413625,14,5823596.0,1.7954935404172954,000005,10447490.0,1.0008364688551987,-1,10456229.0,1.0
LHFLX,monthly,24,4,6181984.0,1.691403439413625,14,5823596.0,1.7954935404172954,000005,10447490.0,1.0008364688551987,-1,10456229.0,1.0
LHFLX,monthly,25,4,6181984.0,1.691403439413625,14,5823596.0,1.7954935404172954,00001,10358303.0,1.0094538651746334,-1,10456229.0,1.0
LHFLX,monthly,26,4,6181984.0,1.691403439413625,14,5823596.0,1.7954935404172954,00001,10358303.0,1.0094538651746334,-1,10456229.0,1.0
LHFLX,monthly,27,4,6181984.0,1.691403439413625,14,5823596.0,1.7954935404172954,00001,10358303.0,1.0094538651746334,-1,10456229.0,1.0
LHFLX,monthly,28,4,6181984.0,1.691403439413625,14,5823596.0,1.7954935404172954,000001,10449940.0,1.0006018216372534,-1,10456229.0,1.0
LHFLX,monthly,29,4,6181984.0,1.691403439413625,14,5823596.0,1.7954935404172954,000001,10449940.0,1.0006018216372534,-1,10456229.0,1.0
LHFLX,monthly,30,4,6181984.0,1.691403439413625,14,5823596.0,1.7954935404172954,000001,10449940.0,1.0006018216372534,-1,10456229.0,1.0
LHFLX,monthly,31,4,6181984.0,1.691403439413625,14,5823596.0,1.7954935404172954,000001,10449940.0,1.0006018216372534,-1,10456229.0,1.0
LHFLX,monthly,32,4,6181984.0,1.691403439413625,14,5823596.0,1.7954935404172954,00001,10358303.0,1.0094538651746334,-1,10456229.0,1.0
LHFLX,monthly,33,4,6181984.0,1.691403439413625,14,5823596.0,1.7954935404172954,000005,10447490.0,1.0008364688551987,-1,10456229.0,1.0
LHFLX,monthly,34,4,6181984.0,1.691403439413625,14,5823596.0,1.7954935404172954,000005,10447490.0,1.0008364688551987,-1,10456229.0,1.0
LHFLX,monthly,35,4,6181984.0,1.691403439413625,14,5823596.0,1.7954935404172954,000005,10447490.0,1.0008364688551987,-1,10456229.0,1.0
LHFLX,monthly,36,4,6181984.0,1.691403439413625,14,5823596.0,1.7954935404172954,00001,10358303.0,1.0094538651746334,-1,10456229.0,1.0
LHFLX,monthly,37,4,6181984.0,1.691403439413625,14,5823596.0,1.7954935404172954,00001,10358303.0,1.0094538651746334,-1,10456229.0,1.0
LHFLX,monthly,38,4,6181984.0,1.691403439413625,14,5823596.0,1.7954935404172954,00001,10358303.0,1.0094538651746334,-1,10456229.0,1.0
LHFLX,monthly,39,4,6181984.0,1.691403439413625,14,5823596.0,1.7954935404172954,00001,10358303.0,1.0094538651746334,-1,10456229.0,1.0
LHFLX,monthly,40,4,6181984.0,1.691403439413625,14,5823596.0,1.7954935404172954,000001,10449940.0,1.0006018216372534,-1,10456229.0,1.0
LHFLX,monthly,41,4,6181984.0,1.691403439413625,14,5823596.0,1.7954935404172954,000005,10447490.0,1.0008364688551987,-1,10456229.0,1.0
LHFLX,monthly,42,4,6181984.0,1.691403439413625,14,5823596.0,1.7954935404172954,000001,10449940.0,1.0006018216372534,-1,10456229.0,1.0
LHFLX,monthly,43,4,6181984.0,1.691403439413625,14,5823596.0,1.7954935404172954,00001,10358303.0,1.0094538651746334,-1,10456229.0,1.0
LHFLX,monthly,44,5,7625804.0,1.3711641421678291,14,5823596.0,1.7954935404172954,000001,10449940.0,1.0006018216372534,-1,10456229.0,1.0
LHFLX,monthly,45,4,6181984.0,1.691403439413625,14,5823596.0,1.7954935404172954,000005,10447490.0,1.0008364688551987,-1,10456229.0,1.0
LHFLX,monthly,46,4,6181984.0,1.691403439413625,14,5823596.0,1.7954935404172954,00001,10358303.0,1.0094538651746334,-1,10456229.0,1.0
LHFLX,monthly,47,4,6181984.0,1.691403439413625,14,5823596.0,1.7954935404172954,000005,10447490.0,1.0008364688551987,-1,10456229.0,1.0
LHFLX,monthly,48,4,6181984.0,1.691403439413625,14,5823596.0,1.7954935404172954,000005,10447490.0,1.0008364688551987,-1,10456229.0,1.0
LHFLX,monthly,49,4,6181984.0,1.691403439413625,14,5823596.0,1.7954935404172954,00001,10358303.0,1.0094538651746334,-1,10456229.0,1.0
LHFLX,monthly,50,4,6181984.0,1.691403439413625,14,5823596.0,1.7954935404172954,00001,10358303.0,1.0094538651746334,-1,10456229.0,1.0
LHFLX,monthly,51,4,6181984.0,1.691403439413625,14,5823596.0,1.7954935404172954,00001,10358303.0,1.0094538651746334,-1,10456229.0,1.0
LHFLX,monthly,52,4,6181984.0,1.691403439413625,14,5823596.0,1.7954935404172954,00001,10358303.0,1.0094538651746334,-1,10456229.0,1.0
LHFLX,monthly,53,4,6181984.0,1.691403439413625,14,5823596.0,1.7954935404172954,00001,10358303.0,1.0094538651746334,-1,10456229.0,1.0
LHFLX,monthly,54,4,6181984.0,1.691403439413625,14,5823596.0,1.7954935404172954,000005,10447490.0,1.0008364688551987,-1,10456229.0,1.0
LHFLX,monthly,55,4,6181984.0,1.691403439413625,14,5823596.0,1.7954935404172954,000001,10449940.0,1.0006018216372534,-1,10456229.0,1.0
LHFLX,monthly,56,4,6181984.0,1.691403439413625,14,5823596.0,1.7954935404172954,00001,10358303.0,1.0094538651746334,-1,10456229.0,1.0
LHFLX,monthly,57,4,6181984.0,1.691403439413625,14,5823596.0,1.7954935404172954,00001,10358303.0,1.0094538651746334,-1,10456229.0,1.0
LHFLX,monthly,58,4,6181984.0,1.691403439413625,14,5823596.0,1.7954935404172954,00001,10358303.0,1.0094538651746334,-1,10456229.0,1.0
LHFLX,monthly,59,4,6181984.0,1.691403439413625,14,5823596.0,1.7954935404172954,000005,10447490.0,1.0008364688551987,-1,10456229.0,1.0
PRECC,monthly,0,4,5170803.0,1.6131183106376321,14,4912573.0,1.6979120717391885,00001,8692083.0,0.9596223367862456,-1,8341117.0,1.0
PRECC,monthly,1,3,4284404.0,1.9468558520625039,14,4912573.0,1.6979120717391885,00001,8692083.0,0.9596223367862456,-1,8341117.0,1.0
PRECC,monthly,2,4,5170803.0,1.6131183106376321,14,4912573.0,1.6979120717391885,000005,8750678.0,0.9531966551620343,-1,8341117.0,1.0
PRECC,monthly,3,3,4284404.0,1.9468558520625039,12,4251108.0,1.9621042325906564,00001,8692083.0,0.9596223367862456,-1,8341117.0,1.0
PRECC,monthly,4,4,5170803.0,1.6131183106376321,14,4912573.0,1.6979120717391885,00001,8692083.0,0.9596223367862456,-1,8341117.0,1.0
PRECC,monthly,5,4,5170803.0,1.6131183106376321,14,4912573.0,1.6979120717391885,000005,8750678.0,0.9531966551620343,-1,8341117.0,1.0
PRECC,monthly,6,4,5170803.0,1.6131183106376321,14,4912573.0,1.6979120717391885,00001,8692083.0,0.9596223367862456,-1,8341117.0,1.0
PRECC,monthly,7,3,4284404.0,1.9468558520625039,14,4912573.0,1.6979120717391885,00001,8692083.0,0.9596223367862456,-1,8341117.0,1.0
PRECC,monthly,8,3,4284404.0,1.9468558520625039,14,4912573.0,1.6979120717391885,00001,8692083.0,0.9596223367862456,-1,8341117.0,1.0
PRECC,monthly,9,4,5170803.0,1.6131183106376321,14,4912573.0,1.6979120717391885,00001,8692083.0,0.9596223367862456,-1,8341117.0,1.0
PRECC,monthly,10,3,4284404.0,1.9468558520625039,14,4912573.0,1.6979120717391885,00001,8692083.0,0.9596223367862456,-1,8341117.0,1.0
PRECC,monthly,11,3,4284404.0,1.9468558520625039,14,4912573.0,1.6979120717391885,00001,8692083.0,0.9596223367862456,-1,8341117.0,1.0
PRECC,monthly,12,4,5170803.0,1.6131183106376321,14,4912573.0,1.6979120717391885,000005,8750678.0,0.9531966551620343,-1,8341117.0,1.0
PRECC,monthly,13,3,4284404.0,1.9468558520625039,14,4912573.0,1.6979120717391885,000005,8750678.0,0.9531966551620343,-1,8341117.0,1.0
PRECC,monthly,14,4,5170803.0,1.6131183106376321,14,4912573.0,1.6979120717391885,00001,8692083.0,0.9596223367862456,-1,8341117.0,1.0
PRECC,monthly,15,4,5170803.0,1.6131183106376321,12,4251108.0,1.9621042325906564,00001,8692083.0,0.9596223367862456,-1,8341117.0,1.0
PRECC,monthly,16,3,4284404.0,1.9468558520625039,12,4251108.0,1.9621042325906564,000005,8750678.0,0.9531966551620343,-1,8341117.0,1.0
PRECC,monthly,17,3,4284404.0,1.9468558520625039,14,4912573.0,1.6979120717391885,00001,8692083.0,0.9596223367862456,-1,8341117.0,1.0
PRECC,monthly,18,3,4284404.0,1.9468558520625039,14,4912573.0,1.6979120717391885,00001,8692083.0,0.9596223367862456,-1,8341117.0,1.0
PRECC,monthly,19,4,5170803.0,1.6131183106376321,14,4912573.0,1.6979120717391885,00001,8692083.0,0.9596223367862456,-1,8341117.0,1.0
PRECC,monthly,20,4,5170803.0,1.6131183106376321,14,4912573.0,1.6979120717391885,00001,8692083.0,0.9596223367862456,-1,8341117.0,1.0
PRECC,monthly,21,3,4284404.0,1.9468558520625039,14,4912573.0,1.6979120717391885,00001,8692083.0,0.9596223367862456,-1,8341117.0,1.0
PRECC,monthly,22,4,5170803.0,1.6131183106376321,14,4912573.0,1.6979120717391885,00001,8692083.0,0.9596223367862456,-1,8341117.0,1.0
PRECC,monthly,23,4,5170803.0,1.6131183106376321,12,4251108.0,1.9621042325906564,00001,8692083.0,0.9596223367862456,-1,8341117.0,1.0
PRECC,monthly,24,4,5170803.0,1.6131183106376321,14,4912573.0,1.6979120717391885,00001,8692083.0,0.9596223367862456,-1,8341117.0,1.0
PRECC,monthly,25,4,5170803.0,1.6131183106376321,14,4912573.0,1.6979120717391885,00001,8692083.0,0.9596223367862456,-1,8341117.0,1.0
PRECC,monthly,26,4,5170803.0,1.6131183106376321,14,4912573.0,1.6979120717391885,00001,8692083.0,0.9596223367862456,-1,8341117.0,1.0
PRECC,monthly,27,4,5170803.0,1.6131183106376321,12,4251108.0,1.9621042325906564,00001,8692083.0,0.9596223367862456,-1,8341117.0,1.0
PRECC,monthly,28,3,4284404.0,1.9468558520625039,14,4912573.0,1.6979120717391885,000005,8750678.0,0.9531966551620343,-1,8341117.0,1.0
PRECC,monthly,29,4,5170803.0,1.6131183106376321,12,4251108.0,1.9621042325906564,00001,8692083.0,0.9596223367862456,-1,8341117.0,1.0
PRECC,monthly,30,3,4284404.0,1.9468558520625039,14,4912573.0,1.6979120717391885,00001,8692083.0,0.9596223367862456,-1,8341117.0,1.0
PRECC,monthly,31,4,5170803.0,1.6131183106376321,14,4912573.0,1.6979120717391885,000005,8750678.0,0.9531966551620343,-1,8341117.0,1.0
PRECC,monthly,32,3,4284404.0,1.9468558520625039,14,4912573.0,1.6979120717391885,000005,8750678.0,0.9531966551620343,-1,8341117.0,1.0
PRECC,monthly,33,4,5170803.0,1.6131183106376321,14,4912573.0,1.6979120717391885,00001,8692083.0,0.9596223367862456,-1,8341117.0,1.0
PRECC,monthly,34,3,4284404.0,1.9468558520625039,14,4912573.0,1.6979120717391885,00001,8692083.0,0.9596223367862456,-1,8341117.0,1.0
PRECC,monthly,35,3,4284404.0,1.9468558520625039,14,4912573.0,1.6979120717391885,00001,8692083.0,0.9596223367862456,-1,8341117.0,1.0
PRECC,monthly,36,3,4284404.0,1.9468558520625039,14,4912573.0,1.6979120717391885,00001,8692083.0,0.9596223367862456,-1,8341117.0,1.0
PRECC,monthly,37,4,5170803.0,1.6131183106376321,14,4912573.0,1.6979120717391885,00001,8692083.0,0.9596223367862456,-1,8341117.0,1.0
PRECC,monthly,38,4,5170803.0,1.6131183106376321,14,4912573.0,1.6979120717391885,00001,8692083.0,0.9596223367862456,-1,8341117.0,1.0
PRECC,monthly,39,4,5170803.0,1.6131183106376321,14,4912573.0,1.6979120717391885,00001,8692083.0,0.9596223367862456,-1,8341117.0,1.0
PRECC,monthly,40,3,4284404.0,1.9468558520625039,14,4912573.0,1.6979120717391885,00001,8692083.0,0.9596223367862456,-1,8341117.0,1.0
PRECC,monthly,41,4,5170803.0,1.6131183106376321,14,4912573.0,1.6979120717391885,00001,8692083.0,0.9596223367862456,-1,8341117.0,1.0
PRECC,monthly,42,3,4284404.0,1.9468558520625039,14,4912573.0,1.6979120717391885,00001,8692083.0,0.9596223367862456,-1,8341117.0,1.0
PRECC,monthly,43,4,5170803.0,1.6131183106376321,12,4251108.0,1.9621042325906564,00001,8692083.0,0.9596223367862456,-1,8341117.0,1.0
PRECC,monthly,44,4,5170803.0,1.6131183106376321,14,4912573.0,1.6979120717391885,00001,8692083.0,0.9596223367862456,-1,8341117.0,1.0
PRECC,monthly,45,4,5170803.0,1.6131183106376321,14,4912573.0,1.6979120717391885,00001,8692083.0,0.9596223367862456,-1,8341117.0,1.0
PRECC,monthly,46,3,4284404.0,1.9468558520625039,14,4912573.0,1.6979120717391885,00001,8692083.0,0.9596223367862456,-1,8341117.0,1.0
PRECC,monthly,47,3,4284404.0,1.9468558520625039,12,4251108.0,1.9621042325906564,00001,8692083.0,0.9596223367862456,-1,8341117.0,1.0
PRECC,monthly,48,4,5170803.0,1.6131183106376321,14,4912573.0,1.6979120717391885,000005,8750678.0,0.9531966551620343,-1,8341117.0,1.0
PRECC,monthly,49,3,4284404.0,1.9468558520625039,14,4912573.0,1.6979120717391885,00001,8692083.0,0.9596223367862456,-1,8341117.0,1.0
PRECC,monthly,50,3,4284404.0,1.9468558520625039,14,4912573.0,1.6979120717391885,00001,8692083.0,0.9596223367862456,-1,8341117.0,1.0
PRECC,monthly,51,4,5170803.0,1.6131183106376321,14,4912573.0,1.6979120717391885,000005,8750678.0,0.9531966551620343,-1,8341117.0,1.0
PRECC,monthly,52,3,4284404.0,1.9468558520625039,14,4912573.0,1.6979120717391885,00001,8692083.0,0.9596223367862456,-1,8341117.0,1.0
PRECC,monthly,53,4,5170803.0,1.6131183106376321,14,4912573.0,1.6979120717391885,00001,8692083.0,0.9596223367862456,-1,8341117.0,1.0
PRECC,monthly,54,3,4284404.0,1.9468558520625039,14,4912573.0,1.6979120717391885,000005,8750678.0,0.9531966551620343,-1,8341117.0,1.0
PRECC,monthly,55,3,4284404.0,1.9468558520625039,14,4912573.0,1.6979120717391885,000001,8334828.0,1.000754544664869,-1,8341117.0,1.0
PRECC,monthly,56,3,4284404.0,1.9468558520625039,12,4251108.0,1.9621042325906564,00001,8692083.0,0.9596223367862456,-1,8341117.0,1.0
PRECC,monthly,57,3,4284404.0,1.9468558520625039,14,4912573.0,1.6979120717391885,00001,8692083.0,0.9596223367862456,-1,8341117.0,1.0
PRECC,monthly,58,4,5170803.0,1.6131183106376321,14,4912573.0,1.6979120717391885,00001,8692083.0,0.9596223367862456,-1,8341117.0,1.0
PRECC,monthly,59,4,5170803.0,1.6131183106376321,14,4912573.0,1.6979120717391885,000005,8750678.0,0.9531966551620343,-1,8341117.0,1.0
PRECL,monthly,0,4,6504196.0,1.6377727546955843,14,6102204.0,1.745663534028033,000001,10645899.0,1.0006101880170006,-1,10652395.0,1.0
PRECL,monthly,1,3,5281740.0,2.0168344144164614,14,6102204.0,1.745663534028033,000005,10637335.0,1.0014157681411744,-1,10652395.0,1.0
PRECL,monthly,2,4,6504196.0,1.6377727546955843,14,6102204.0,1.745663534028033,000001,10645899.0,1.0006101880170006,-1,10652395.0,1.0
PRECL,monthly,3,4,6504196.0,1.6377727546955843,14,6102204.0,1.745663534028033,000005,10637335.0,1.0014157681411744,-1,10652395.0,1.0
PRECL,monthly,4,4,6504196.0,1.6377727546955843,14,6102204.0,1.745663534028033,000005,10637335.0,1.0014157681411744,-1,10652395.0,1.0
PRECL,monthly,5,4,6504196.0,1.6377727546955843,14,6102204.0,1.745663534028033,000001,10645899.0,1.0006101880170006,-1,10652395.0,1.0
PRECL,monthly,6,4,6504196.0,1.6377727546955843,14,6102204.0,1.745663534028033,000001,10645899.0,1.0006101880170006,-1,10652395.0,1.0
PRECL,monthly,7,4,6504196.0,1.6377727546955843,14,6102204.0,1.745663534028033,000005,10637335.0,1.0014157681411744,-1,10652395.0,1.0
PRECL,monthly,8,4,6504196.0,1.6377727546955843,14,6102204.0,1.745663534028033,000001,10645899.0,1.0006101880170006,-1,10652395.0,1.0
PRECL,monthly,9,4,6504196.0,1.6377727546955843,14,6102204.0,1.745663534028033,000001,10645899.0,1.0006101880170006,-1,10652395.0,1.0
PRECL,monthly,10,4,6504196.0,1.6377727546955843,14,6102204.0,1.745663534028033,000001,10645899.0,1.0006101880170006,-1,10652395.0,1.0
PRECL,monthly,11,4,6504196.0,1.6377727546955843,14,6102204.0,1.745663534028033,000005,10637335.0,1.0014157681411744,-1,10652395.0,1.0
PRECL,monthly,12,4,6504196.0,1.6377727546955843,14,6102204.0,1.745663534028033,000005,10637335.0,1.0014157681411744,-1,10652395.0,1.0
PRECL,monthly,13,4,6504196.0,1.6377727546955843,14,6102204.0,1.745663534028033,000001,10645899.0,1.0006101880170006,-1,10652395.0,1.0
PRECL,monthly,14,4,6504196.0,1.6377727546955843,14,6102204.0,1.745663534028033,000005,10637335.0,1.0014157681411744,-1,10652395.0,1.0
PRECL,monthly,15,4,6504196.0,1.6377727546955843,14,6102204.0,1.745663534028033,00001,10632935.0,1.00183016260327,-1,10652395.0,1.0
PRECL,monthly,16,3,5281740.0,2.0168344144164614,14,6102204.0,1.745663534028033,000001,10645899.0,1.0006101880170006,-1,10652395.0,1.0
PRECL,monthly,17,4,6504196.0,1.6377727546955843,14,6102204.0,1.745663534028033,000001,10645899.0,1.0006101880170006,-1,10652395.0,1.0
PRECL,monthly,18,4,6504196.0,1.6377727546955843,16,7114415.0,1.4972973884711533,000005,10637335.0,1.0014157681411744,-1,10652395.0,1.0
PRECL,monthly,19,4,6504196.0,1.6377727546955843,14,6102204.0,1.745663534028033,000005,10637335.0,1.0014157681411744,-1,10652395.0,1.0
PRECL,monthly,20,4,6504196.0,1.6377727546955843,14,6102204.0,1.745663534028033,000005,10637335.0,1.0014157681411744,-1,10652395.0,1.0
PRECL,monthly,21,3,5281740.0,2.0168344144164614,14,6102204.0,1.745663534028033,000005,10637335.0,1.0014157681411744,-1,10652395.0,1.0
PRECL,monthly,22,4,6504196.0,1.6377727546955843,14,6102204.0,1.745663534028033,000001,10645899.0,1.0006101880170006,-1,10652395.0,1.0
PRECL,monthly,23,4,6504196.0,1.6377727546955843,14,6102204.0,1.745663534028033,000001,10645899.0,1.0006101880170006,-1,10652395.0,1.0
PRECL,monthly,24,3,5281740.0,2.0168344144164614,14,6102204.0,1.745663534028033,000001,10645899.0,1.0006101880170006,-1,10652395.0,1.0
PRECL,monthly,25,4,6504196.0,1.6377727546955843,14,6102204.0,1.745663534028033,000005,10637335.0,1.0014157681411744,-1,10652395.0,1.0
PRECL,monthly,26,3,5281740.0,2.0168344144164614,14,6102204.0,1.745663534028033,000001,10645899.0,1.0006101880170006,-1,10652395.0,1.0
PRECL,monthly,27,4,6504196.0,1.6377727546955843,14,6102204.0,1.745663534028033,000001,10645899.0,1.0006101880170006,-1,10652395.0,1.0
PRECL,monthly,28,4,6504196.0,1.6377727546955843,14,6102204.0,1.745663534028033,000001,10645899.0,1.0006101880170006,-1,10652395.0,1.0
PRECL,monthly,29,4,6504196.0,1.6377727546955843,14,6102204.0,1.745663534028033,000005,10637335.0,1.0014157681411744,-1,10652395.0,1.0
PRECL,monthly,30,4,6504196.0,1.6377727546955843,14,6102204.0,1.745663534028033,000005,10637335.0,1.0014157681411744,-1,10652395.0,1.0
PRECL,monthly,31,4,6504196.0,1.6377727546955843,14,6102204.0,1.745663534028033,000001,10645899.0,1.0006101880170006,-1,10652395.0,1.0
PRECL,monthly,32,4,6504196.0,1.6377727546955843,14,6102204.0,1.745663534028033,000001,10645899.0,1.0006101880170006,-1,10652395.0,1.0
PRECL,monthly,33,4,6504196.0,1.6377727546955843,16,7114415.0,1.4972973884711533,000001,10645899.0,1.0006101880170006,-1,10652395.0,1.0
PRECL,monthly,34,4,6504196.0,1.6377727546955843,14,6102204.0,1.745663534028033,000001,10645899.0,1.0006101880170006,-1,10652395.0,1.0
PRECL,monthly,35,4,6504196.0,1.6377727546955843,14,6102204.0,1.745663534028033,000001,10645899.0,1.0006101880170006,-1,10652395.0,1.0
PRECL,monthly,36,3,5281740.0,2.0168344144164614,14,6102204.0,1.745663534028033,000001,10645899.0,1.0006101880170006,-1,10652395.0,1.0
PRECL,monthly,37,4,6504196.0,1.6377727546955843,14,6102204.0,1.745663534028033,000001,10645899.0,1.0006101880170006,-1,10652395.0,1.0
PRECL,monthly,38,4,6504196.0,1.6377727546955843,14,6102204.0,1.745663534028033,000005,10637335.0,1.0014157681411744,-1,10652395.0,1.0
PRECL,monthly,39,4,6504196.0,1.6377727546955843,14,6102204.0,1.745663534028033,000005,10637335.0,1.0014157681411744,-1,10652395.0,1.0
PRECL,monthly,40,4,6504196.0,1.6377727546955843,14,6102204.0,1.745663534028033,000005,10637335.0,1.0014157681411744,-1,10652395.0,1.0
PRECL,monthly,41,4,6504196.0,1.6377727546955843,14,6102204.0,1.745663534028033,000005,10637335.0,1.0014157681411744,-1,10652395.0,1.0
PRECL,monthly,42,4,6504196.0,1.6377727546955843,14,6102204.0,1.745663534028033,000001,10645899.0,1.0006101880170006,-1,10652395.0,1.0
PRECL,monthly,43,3,5281740.0,2.0168344144164614,14,6102204.0,1.745663534028033,000005,10637335.0,1.0014157681411744,-1,10652395.0,1.0
PRECL,monthly,44,3,5281740.0,2.0168344144164614,14,6102204.0,1.745663534028033,000005,10637335.0,1.0014157681411744,-1,10652395.0,1.0
PRECL,monthly,45,4,6504196.0,1.6377727546955843,14,6102204.0,1.745663534028033,000001,10645899.0,1.0006101880170006,-1,10652395.0,1.0
PRECL,monthly,46,4,6504196.0,1.6377727546955843,14,6102204.0,1.745663534028033,000001,10645899.0,1.0006101880170006,-1,10652395.0,1.0
PRECL,monthly,47,4,6504196.0,1.6377727546955843,16,7114415.0,1.4972973884711533,000001,10645899.0,1.0006101880170006,-1,10652395.0,1.0
PRECL,monthly,48,4,6504196.0,1.6377727546955843,14,6102204.0,1.745663534028033,000001,10645899.0,1.0006101880170006,-1,10652395.0,1.0
PRECL,monthly,49,4,6504196.0,1.6377727546955843,14,6102204.0,1.745663534028033,000001,10645899.0,1.0006101880170006,-1,10652395.0,1.0
PRECL,monthly,50,4,6504196.0,1.6377727546955843,14,6102204.0,1.745663534028033,000001,10645899.0,1.0006101880170006,-1,10652395.0,1.0
PRECL,monthly,51,4,6504196.0,1.6377727546955843,14,6102204.0,1.745663534028033,000005,10637335.0,1.0014157681411744,-1,10652395.0,1.0
PRECL,monthly,52,4,6504196.0,1.6377727546955843,14,6102204.0,1.745663534028033,00001,10632935.0,1.00183016260327,-1,10652395.0,1.0
PRECL,monthly,53,4,6504196.0,1.6377727546955843,14,6102204.0,1.745663534028033,000001,10645899.0,1.0006101880170006,-1,10652395.0,1.0
PRECL,monthly,54,4,6504196.0,1.6377727546955843,14,6102204.0,1.745663534028033,000001,10645899.0,1.0006101880170006,-1,10652395.0,1.0
PRECL,monthly,55,4,6504196.0,1.6377727546955843,14,6102204.0,1.745663534028033,000001,10645899.0,1.0006101880170006,-1,10652395.0,1.0
PRECL,monthly,56,4,6504196.0,1.6377727546955843,14,6102204.0,1.745663534028033,000005,10637335.0,1.0014157681411744,-1,10652395.0,1.0
PRECL,monthly,57,3,5281740.0,2.0168344144164614,14,6102204.0,1.745663534028033,000005,10637335.0,1.0014157681411744,-1,10652395.0,1.0
PRECL,monthly,58,4,6504196.0,1.6377727546955843,14,6102204.0,1.745663534028033,000001,10645899.0,1.0006101880170006,-1,10652395.0,1.0
PRECL,monthly,59,4,6504196.0,1.6377727546955843,14,6102204.0,1.745663534028033,000005,10637335.0,1.0014157681411744,-1,10652395.0,1.0
PS,monthly,0,7,7572412.0,0.9997476365522636,22,5958370.0,1.2705657755392834,000001,7564212.0,1.0008314150898996,-1,7570501.0,1.0
PS,monthly,1,7,7572412.0,0.9997476365522636,22,5958370.0,1.2705657755392834,000001,7564212.0,1.0008314150898996,-1,7570501.0,1.0
PS,monthly,2,7,7572412.0,0.9997476365522636,24,7384777.0,1.025149574591081,000001,7564212.0,1.0008314150898996,-1,7570501.0,1.0
PS,monthly,3,7,7572412.0,0.9997476365522636,22,5958370.0,1.2705657755392834,000001,7564212.0,1.0008314150898996,-1,7570501.0,1.0
PS,monthly,4,7,7572412.0,0.9997476365522636,22,5958370.0,1.2705657755392834,000005,7585863.0,0.9979749172902279,-1,7570501.0,1.0
PS,monthly,5,7,7572412.0,0.9997476365522636,22,5958370.0,1.2705657755392834,000001,7564212.0,1.0008314150898996,-1,7570501.0,1.0
PS,monthly,6,7,7572412.0,0.9997476365522636,22,5958370.0,1.2705657755392834,000001,7564212.0,1.0008314150898996,-1,7570501.0,1.0
PS,monthly,7,7,7572412.0,0.9997476365522636,22,5958370.0,1.2705657755392834,000001,7564212.0,1.0008314150898996,-1,7570501.0,1.0
PS,monthly,8,7,7572412.0,0.9997476365522636,24,7384777.0,1.025149574591081,000001,7564212.0,1.0008314150898996,-1,7570501.0,1.0
PS,monthly,9,7,7572412.0,0.9997476365522636,22,5958370.0,1.2705657755392834,000001,7564212.0,1.0008314150898996,-1,7570501.0,1.0
PS,monthly,10,7,7572412.0,0.9997476365522636,22,5958370.0,1.2705657755392834,000001,7564212.0,1.0008314150898996,-1,7570501.0,1.0
PS,monthly,11,7,7572412.0,0.9997476365522636,22,5958370.0,1.2705657755392834,000001,7564212.0,1.0008314150898996,-1,7570501.0,1.0
PS,monthly,12,7,7572412.0,0.9997476365522636,22,5958370.0,1.2705657755392834,000001,7564212.0,1.0008314150898996,-1,7570501.0,1.0
PS,monthly,13,7,7572412.0,0.9997476365522636,24,7384777.0,1.025149574591081,000001,7564212.0,1.0008314150898996,-1,7570501.0,1.0
PS,monthly,14,7,7572412.0,0.9997476365522636,22,5958370.0,1.2705657755392834,000005,7585863.0,0.9979749172902279,-1,7570501.0,1.0
PS,monthly,15,7,7572412.0,0.9997476365522636,22,5958370.0,1.2705657755392834,000001,7564212.0,1.0008314150898996,-1,7570501.0,1.0
PS,monthly,16,7,7572412.0,0.9997476365522636,22,5958370.0,1.2705657755392834,000001,7564212.0,1.0008314150898996,-1,7570501.0,1.0
PS,monthly,17,7,7572412.0,0.9997476365522636,22,5958370.0,1.2705657755392834,000001,7564212.0,1.0008314150898996,-1,7570501.0,1.0
PS,monthly,18,7,7572412.0,0.9997476365522636,22,5958370.0,1.2705657755392834,000005,7585863.0,0.9979749172902279,-1,7570501.0,1.0
PS,monthly,19,7,7572412.0,0.9997476365522636,22,5958370.0,1.2705657755392834,000001,7564212.0,1.0008314150898996,-1,7570501.0,1.0
PS,monthly,20,7,7572412.0,0.9997476365522636,22,5958370.0,1.2705657755392834,000001,7564212.0,1.0008314150898996,-1,7570501.0,1.0
PS,monthly,21,7,7572412.0,0.9997476365522636,22,5958370.0,1.2705657755392834,000001,7564212.0,1.0008314150898996,-1,7570501.0,1.0
PS,monthly,22,7,7572412.0,0.9997476365522636,22,5958370.0,1.2705657755392834,000001,7564212.0,1.0008314150898996,-1,7570501.0,1.0
PS,monthly,23,7,7572412.0,0.9997476365522636,22,5958370.0,1.2705657755392834,000001,7564212.0,1.0008314150898996,-1,7570501.0,1.0
PS,monthly,24,7,7572412.0,0.9997476365522636,22,5958370.0,1.2705657755392834,000001,7564212.0,1.0008314150898996,-1,7570501.0,1.0
PS,monthly,25,7,7572412.0,0.9997476365522636,22,5958370.0,1.2705657755392834,000005,7585863.0,0.9979749172902279,-1,7570501.0,1.0
PS,monthly,26,7,7572412.0,0.9997476365522636,22,5958370.0,1.2705657755392834,000001,7564212.0,1.0008314150898996,-1,7570501.0,1.0
PS,monthly,27,7,7572412.0,0.9997476365522636,22,5958370.0,1.2705657755392834,000001,7564212.0,1.0008314150898996,-1,7570501.0,1.0
PS,monthly,28,7,7572412.0,0.9997476365522636,24,7384777.0,1.025149574591081,000001,7564212.0,1.0008314150898996,-1,7570501.0,1.0
PS,monthly,29,7,7572412.0,0.9997476365522636,24,7384777.0,1.025149574591081,000001,7564212.0,1.0008314150898996,-1,7570501.0,1.0
PS,monthly,30,7,7572412.0,0.9997476365522636,22,5958370.0,1.2705657755392834,000001,7564212.0,1.0008314150898996,-1,7570501.0,1.0
PS,monthly,31,7,7572412.0,0.9997476365522636,24,7384777.0,1.025149574591081,000001,7564212.0,1.0008314150898996,-1,7570501.0,1.0
PS,monthly,32,7,7572412.0,0.9997476365522636,24,7384777.0,1.025149574591081,000001,7564212.0,1.0008314150898996,-1,7570501.0,1.0
PS,monthly,33,7,7572412.0,0.9997476365522636,22,5958370.0,1.2705657755392834,000005,7585863.0,0.9979749172902279,-1,7570501.0,1.0
PS,monthly,34,7,7572412.0,0.9997476365522636,22,5958370.0,1.2705657755392834,000001,7564212.0,1.0008314150898996,-1,7570501.0,1.0
PS,monthly,35,7,7572412.0,0.9997476365522636,24,7384777.0,1.025149574591081,000001,7564212.0,1.0008314150898996,-1,7570501.0,1.0
PS,monthly,36,7,7572412.0,0.9997476365522636,22,5958370.0,1.2705657755392834,000001,7564212.0,1.0008314150898996,-1,7570501.0,1.0
PS,monthly,37,7,7572412.0,0.9997476365522636,24,7384777.0,1.025149574591081,000001,7564212.0,1.0008314150898996,-1,7570501.0,1.0
PS,monthly,38,7,7572412.0,0.9997476365522636,22,5958370.0,1.2705657755392834,000001,7564212.0,1.0008314150898996,-1,7570501.0,1.0
PS,monthly,39,7,7572412.0,0.9997476365522636,24,7384777.0,1.025149574591081,000001,7564212.0,1.0008314150898996,-1,7570501.0,1.0
PS,monthly,40,7,7572412.0,0.9997476365522636,22,5958370.0,1.2705657755392834,000001,7564212.0,1.0008314150898996,-1,7570501.0,1.0
PS,monthly,41,7,7572412.0,0.9997476365522636,22,5958370.0,1.2705657755392834,000001,7564212.0,1.0008314150898996,-1,7570501.0,1.0
PS,monthly,42,7,7572412.0,0.9997476365522636,22,5958370.0,1.2705657755392834,000005,7585863.0,0.9979749172902279,-1,7570501.0,1.0
PS,monthly,43,7,7572412.0,0.9997476365522636,22,5958370.0,1.2705657755392834,000001,7564212.0,1.0008314150898996,-1,7570501.0,1.0
PS,monthly,44,7,7572412.0,0.9997476365522636,22,5958370.0,1.2705657755392834,000001,7564212.0,1.0008314150898996,-1,7570501.0,1.0
PS,monthly,45,7,7572412.0,0.9997476365522636,22,5958370.0,1.2705657755392834,000001,7564212.0,1.0008314150898996,-1,7570501.0,1.0
PS,monthly,46,7,7572412.0,0.9997476365522636,22,5958370.0,1.2705657755392834,000001,7564212.0,1.0008314150898996,-1,7570501.0,1.0
PS,monthly,47,7,7572412.0,0.9997476365522636,22,5958370.0,1.2705657755392834,000001,7564212.0,1.0008314150898996,-1,7570501.0,1.0
PS,monthly,48,7,7572412.0,0.9997476365522636,22,5958370.0,1.2705657755392834,000001,7564212.0,1.0008314150898996,-1,7570501.0,1.0
PS,monthly,49,7,7572412.0,0.9997476365522636,22,5958370.0,1.2705657755392834,000005,7585863.0,0.9979749172902279,-1,7570501.0,1.0
PS,monthly,50,7,7572412.0,0.9997476365522636,22,5958370.0,1.2705657755392834,000005,7585863.0,0.9979749172902279,-1,7570501.0,1.0
PS,monthly,51,7,7572412.0,0.9997476365522636,24,7384777.0,1.025149574591081,000001,7564212.0,1.0008314150898996,-1,7570501.0,1.0
PS,monthly,52,7,7572412.0,0.9997476365522636,22,5958370.0,1.2705657755392834,000001,7564212.0,1.0008314150898996,-1,7570501.0,1.0
PS,monthly,53,7,7572412.0,0.9997476365522636,24,7384777.0,1.025149574591081,000001,7564212.0,1.0008314150898996,-1,7570501.0,1.0
PS,monthly,54,7,7572412.0,0.9997476365522636,22,5958370.0,1.2705657755392834,000001,7564212.0,1.0008314150898996,-1,7570501.0,1.0
PS,monthly,55,7,7572412.0,0.9997476365522636,24,7384777.0,1.025149574591081,000001,7564212.0,1.0008314150898996,-1,7570501.0,1.0
PS,monthly,56,7,7572412.0,0.9997476365522636,22,5958370.0,1.2705657755392834,000001,7564212.0,1.0008314150898996,-1,7570501.0,1.0
PS,monthly,57,7,7572412.0,0.9997476365522636,22,5958370.0,1.2705657755392834,000001,7564212.0,1.0008314150898996,-1,7570501.0,1.0
PS,monthly,58,7,7572412.0,0.9997476365522636,22,5958370.0,1.2705657755392834,000005,7585863.0,0.9979749172902279,-1,7570501.0,1.0
PS,monthly,59,7,7572412.0,0.9997476365522636,22,5958370.0,1.2705657755392834,000001,7564212.0,1.0008314150898996,-1,7570501.0,1.0
QFLX,monthly,0,4,6201333.0,1.6814070458722343,14,5807509.0,1.7954281258970068,000001,10420676.0,1.0006035117107566,-1,10426965.0,1.0
QFLX,monthly,1,4,6201333.0,1.6814070458722343,14,5807509.0,1.7954281258970068,00001,10319208.0,1.010442371158717,-1,10426965.0,1.0
QFLX,monthly,2,4,6201333.0,1.6814070458722343,14,5807509.0,1.7954281258970068,00001,10319208.0,1.010442371158717,-1,10426965.0,1.0
QFLX,monthly,3,4,6201333.0,1.6814070458722343,14,5807509.0,1.7954281258970068,00001,10319208.0,1.010442371158717,-1,10426965.0,1.0
QFLX,monthly,4,4,6201333.0,1.6814070458722343,14,5807509.0,1.7954281258970068,000005,10415309.0,1.001119121861867,-1,10426965.0,1.0
QFLX,monthly,5,4,6201333.0,1.6814070458722343,14,5807509.0,1.7954281258970068,000001,10420676.0,1.0006035117107566,-1,10426965.0,1.0
QFLX,monthly,6,3,5006601.0,2.082643494059143,14,5807509.0,1.7954281258970068,000005,10415309.0,1.001119121861867,-1,10426965.0,1.0
QFLX,monthly,7,4,6201333.0,1.6814070458722343,14,5807509.0,1.7954281258970068,000005,10415309.0,1.001119121861867,-1,10426965.0,1.0
QFLX,monthly,8,4,6201333.0,1.6814070458722343,14,5807509.0,1.7954281258970068,00001,10319208.0,1.010442371158717,-1,10426965.0,1.0
QFLX,monthly,9,4,6201333.0,1.6814070458722343,14,5807509.0,1.7954281258970068,000005,10415309.0,1.001119121861867,-1,10426965.0,1.0
QFLX,monthly,10,4,6201333.0,1.6814070458722343,14,5807509.0,1.7954281258970068,00001,10319208.0,1.010442371158717,-1,10426965.0,1.0
QFLX,monthly,11,4,6201333.0,1.6814070458722343,14,5807509.0,1.7954281258970068,00001,10319208.0,1.010442371158717,-1,10426965.0,1.0
QFLX,monthly,12,4,6201333.0,1.6814070458722343,14,5807509.0,1.7954281258970068,00001,10319208.0,1.010442371158717,-1,10426965.0,1.0
QFLX,monthly,13,4,6201333.0,1.6814070458722343,14,5807509.0,1.7954281258970068,00001,10319208.0,1.010442371158717,-1,10426965.0,1.0
QFLX,monthly,14,4,6201333.0,1.6814070458722343,14,5807509.0,1.7954281258970068,000001,10420676.0,1.0006035117107566,-1,10426965.0,1.0
QFLX,monthly,15,4,6201333.0,1.6814070458722343,14,5807509.0,1.7954281258970068,000005,10415309.0,1.001119121861867,-1,10426965.0,1.0
QFLX,monthly,16,4,6201333.0,1.6814070458722343,14,5807509.0,1.7954281258970068,000001,10420676.0,1.0006035117107566,-1,10426965.0,1.0
QFLX,monthly,17,4,6201333.0,1.6814070458722343,14,5807509.0,1.7954281258970068,000005,10415309.0,1.001119121861867,-1,10426965.0,1.0
QFLX,monthly,18,4,6201333.0,1.6814070458722343,14,5807509.0,1.7954281258970068,00001,10319208.0,1.010442371158717,-1,10426965.0,1.0
QFLX,monthly,19,4,6201333.0,1.6814070458722343,14,5807509.0,1.7954281258970068,000005,10415309.0,1.001119121861867,-1,10426965.0,1.0
QFLX,monthly,20,4,6201333.0,1.6814070458722343,14,5807509.0,1.7954281258970068,00001,10319208.0,1.010442371158717,-1,10426965.0,1.0
QFLX,monthly,21,3,5006601.0,2.082643494059143,14,5807509.0,1.7954281258970068,00001,10319208.0,1.010442371158717,-1,10426965.0,1.0
QFLX,monthly,22,4,6201333.0,1.6814070458722343,14,5807509.0,1.7954281258970068,000005,10415309.0,1.001119121861867,-1,10426965.0,1.0
QFLX,monthly,23,4,6201333.0,1.6814070458722343,14,5807509.0,1.7954281258970068,000005,10415309.0,1.001119121861867,-1,10426965.0,1.0
QFLX,monthly,24,4,6201333.0,1.6814070458722343,14,5807509.0,1.7954281258970068,000005,10415309.0,1.001119121861867,-1,10426965.0,1.0
QFLX,monthly,25,4,6201333.0,1.6814070458722343,14,5807509.0,1.7954281258970068,00001,10319208.0,1.010442371158717,-1,10426965.0,1.0
QFLX,monthly,26,4,6201333.0,1.6814070458722343,14,5807509.0,1.7954281258970068,00001,10319208.0,1.010442371158717,-1,10426965.0,1.0
QFLX,monthly,27,4,6201333.0,1.6814070458722343,16,6932955.0,1.5039712503542861,000005,10415309.0,1.001119121861867,-1,10426965.0,1.0
QFLX,monthly,28,4,6201333.0,1.6814070458722343,14,5807509.0,1.7954281258970068,000005,10415309.0,1.001119121861867,-1,10426965.0,1.0
QFLX,monthly,29,4,6201333.0,1.6814070458722343,14,5807509.0,1.7954281258970068,000005,10415309.0,1.001119121861867,-1,10426965.0,1.0
QFLX,monthly,30,4,6201333.0,1.6814070458722343,14,5807509.0,1.7954281258970068,000005,10415309.0,1.001119121861867,-1,10426965.0,1.0
QFLX,monthly,31,3,5006601.0,2.082643494059143,14,5807509.0,1.7954281258970068,00001,10319208.0,1.010442371158717,-1,10426965.0,1.0
QFLX,monthly,32,4,6201333.0,1.6814070458722343,14,5807509.0,1.7954281258970068,00001,10319208.0,1.010442371158717,-1,10426965.0,1.0
QFLX,monthly,33,4,6201333.0,1.6814070458722343,14,5807509.0,1.7954281258970068,000005,10415309.0,1.001119121861867,-1,10426965.0,1.0
QFLX,monthly,34,4,6201333.0,1.6814070458722343,14,5807509.0,1.7954281258970068,000005,10415309.0,1.001119121861867,-1,10426965.0,1.0
QFLX,monthly,35,4,6201333.0,1.6814070458722343,14,5807509.0,1.7954281258970068,00001,10319208.0,1.010442371158717,-1,10426965.0,1.0
QFLX,monthly,36,4,6201333.0,1.6814070458722343,18,7596658.0,1.372572649709912,000005,10415309.0,1.001119121861867,-1,10426965.0,1.0
QFLX,monthly,37,4,6201333.0,1.6814070458722343,14,5807509.0,1.7954281258970068,00001,10319208.0,1.010442371158717,-1,10426965.0,1.0
QFLX,monthly,38,4,6201333.0,1.6814070458722343,14,5807509.0,1.7954281258970068,00001,10319208.0,1.010442371158717,-1,10426965.0,1.0
QFLX,monthly,39,3,5006601.0,2.082643494059143,14,5807509.0,1.7954281258970068,000005,10415309.0,1.001119121861867,-1,10426965.0,1.0
QFLX,monthly,40,4,6201333.0,1.6814070458722343,14,5807509.0,1.7954281258970068,000005,10415309.0,1.001119121861867,-1,10426965.0,1.0
QFLX,monthly,41,4,6201333.0,1.6814070458722343,14,5807509.0,1.7954281258970068,00001,10319208.0,1.010442371158717,-1,10426965.0,1.0
QFLX,monthly,42,4,6201333.0,1.6814070458722343,14,5807509.0,1.7954281258970068,00001,10319208.0,1.010442371158717,-1,10426965.0,1.0
QFLX,monthly,43,4,6201333.0,1.6814070458722343,14,5807509.0,1.7954281258970068,000005,10415309.0,1.001119121861867,-1,10426965.0,1.0
QFLX,monthly,44,4,6201333.0,1.6814070458722343,14,5807509.0,1.7954281258970068,000005,10415309.0,1.001119121861867,-1,10426965.0,1.0
QFLX,monthly,45,4,6201333.0,1.6814070458722343,14,5807509.0,1.7954281258970068,000005,10415309.0,1.001119121861867,-1,10426965.0,1.0
QFLX,monthly,46,4,6201333.0,1.6814070458722343,14,5807509.0,1.7954281258970068,000001,10420676.0,1.0006035117107566,-1,10426965.0,1.0
QFLX,monthly,47,3,5006601.0,2.082643494059143,14,5807509.0,1.7954281258970068,00001,10319208.0,1.010442371158717,-1,10426965.0,1.0
QFLX,monthly,48,3,5006601.0,2.082643494059143,14,5807509.0,1.7954281258970068,00001,10319208.0,1.010442371158717,-1,10426965.0,1.0
QFLX,monthly,49,4,6201333.0,1.6814070458722343,14,5807509.0,1.7954281258970068,00001,10319208.0,1.010442371158717,-1,10426965.0,1.0
QFLX,monthly,50,3,5006601.0,2.082643494059143,14,5807509.0,1.7954281258970068,00001,10319208.0,1.010442371158717,-1,10426965.0,1.0
QFLX,monthly,51,3,5006601.0,2.082643494059143,14,5807509.0,1.7954281258970068,00001,10319208.0,1.010442371158717,-1,10426965.0,1.0
QFLX,monthly,52,4,6201333.0,1.6814070458722343,14,5807509.0,1.7954281258970068,000005,10415309.0,1.001119121861867,-1,10426965.0,1.0
QFLX,monthly,53,4,6201333.0,1.6814070458722343,14,5807509.0,1.7954281258970068,000005,10415309.0,1.001119121861867,-1,10426965.0,1.0
QFLX,monthly,54,4,6201333.0,1.6814070458722343,14,5807509.0,1.7954281258970068,00001,10319208.0,1.010442371158717,-1,10426965.0,1.0
QFLX,monthly,55,4,6201333.0,1.6814070458722343,14,5807509.0,1.7954281258970068,000001,10420676.0,1.0006035117107566,-1,10426965.0,1.0
QFLX,monthly,56,4,6201333.0,1.6814070458722343,14,5807509.0,1.7954281258970068,00001,10319208.0,1.010442371158717,-1,10426965.0,1.0
QFLX,monthly,57,4,6201333.0,1.6814070458722343,14,5807509.0,1.7954281258970068,00001,10319208.0,1.010442371158717,-1,10426965.0,1.0
QFLX,monthly,58,4,6201333.0,1.6814070458722343,14,5807509.0,1.7954281258970068,00001,10319208.0,1.010442371158717,-1,10426965.0,1.0
QFLX,monthly,59,3,5006601.0,2.082643494059143,14,5807509.0,1.7954281258970068,000005,10415309.0,1.001119121861867,-1,10426965.0,1.0
SHFLX,monthly,0,4,6288906.0,1.6880217322376896,16,7086680.0,1.4979948297369148,000005,10609885.0,1.0005584414911188,-1,10615810.0,1.0
SHFLX,monthly,1,4,6288906.0,1.6880217322376896,16,7086680.0,1.4979948297369148,00001,10611201.0,1.000434352341455,-1,10615810.0,1.0
SHFLX,monthly,2,4,6288906.0,1.6880217322376896,14,6009918.0,1.7663818374892968,00001,10611201.0,1.000434352341455,-1,10615810.0,1.0
SHFLX,monthly,3,4,6288906.0,1.6880217322376896,16,7086680.0,1.4979948297369148,00001,10611201.0,1.000434352341455,-1,10615810.0,1.0
SHFLX,monthly,4,4,6288906.0,1.6880217322376896,14,6009918.0,1.7663818374892968,000005,10609885.0,1.0005584414911188,-1,10615810.0,1.0
SHFLX,monthly,5,4,6288906.0,1.6880217322376896,16,7086680.0,1.4979948297369148,000001,10609521.0,1.0005927694567927,-1,10615810.0,1.0
SHFLX,monthly,6,4,6288906.0,1.6880217322376896,16,7086680.0,1.4979948297369148,00001,10611201.0,1.000434352341455,-1,10615810.0,1.0
SHFLX,monthly,7,4,6288906.0,1.6880217322376896,14,6009918.0,1.7663818374892968,00001,10611201.0,1.000434352341455,-1,10615810.0,1.0
SHFLX,monthly,8,4,6288906.0,1.6880217322376896,14,6009918.0,1.7663818374892968,000005,10609885.0,1.0005584414911188,-1,10615810.0,1.0
SHFLX,monthly,9,4,6288906.0,1.6880217322376896,14,6009918.0,1.7663818374892968,00001,10611201.0,1.000434352341455,-1,10615810.0,1.0
SHFLX,monthly,10,4,6288906.0,1.6880217322376896,14,6009918.0,1.7663818374892968,000005,10609885.0,1.0005584414911188,-1,10615810.0,1.0
SHFLX,monthly,11,4,6288906.0,1.6880217322376896,14,6009918.0,1.7663818374892968,00001,10611201.0,1.000434352341455,-1,10615810.0,1.0
SHFLX,monthly,12,4,6288906.0,1.6880217322376896,14,6009918.0,1.7663818374892968,00001,10611201.0,1.000434352341455,-1,10615810.0,1.0
SHFLX,monthly,13,4,6288906.0,1.6880217322376896,14,6009918.0,1.7663818374892968,00001,10611201.0,1.000434352341455,-1,10615810.0,1.0
SHFLX,monthly,14,4,6288906.0,1.6880217322376896,14,6009918.0,1.7663818374892968,00001,10611201.0,1.000434352341455,-1,10615810.0,1.0
SHFLX,monthly,15,4,6288906.0,1.6880217322376896,16,7086680.0,1.4979948297369148,00001,10611201.0,1.000434352341455,-1,10615810.0,1.0
SHFLX,monthly,16,4,6288906.0,1.6880217322376896,14,6009918.0,1.7663818374892968,000005,10609885.0,1.0005584414911188,-1,10615810.0,1.0
SHFLX,monthly,17,5,7850432.0,1.3522580668172146,14,6009918.0,1.7663818374892968,000005,10609885.0,1.0005584414911188,-1,10615810.0,1.0
SHFLX,monthly,18,4,6288906.0,1.6880217322376896,16,7086680.0,1.4979948297369148,000005,10609885.0,1.0005584414911188,-1,10615810.0,1.0
SHFLX,monthly,19,4,6288906.0,1.6880217322376896,14,6009918.0,1.7663818374892968,00001,10611201.0,1.000434352341455,-1,10615810.0,1.0
SHFLX,monthly,20,4,6288906.0,1.6880217322376896,14,6009918.0,1.7663818374892968,00001,10611201.0,1.000434352341455,-1,10615810.0,1.0
SHFLX,monthly,21,4,6288906.0,1.6880217322376896,16,7086680.0,1.4979948297369148,000005,10609885.0,1.0005584414911188,-1,10615810.0,1.0
SHFLX,monthly,22,4,6288906.0,1.6880217322376896,16,7086680.0,1.4979948297369148,00001,10611201.0,1.000434352341455,-1,10615810.0,1.0
SHFLX,monthly,23,4,6288906.0,1.6880217322376896,14,6009918.0,1.7663818374892968,00001,10611201.0,1.000434352341455,-1,10615810.0,1.0
SHFLX,monthly,24,4,6288906.0,1.6880217322376896,14,6009918.0,1.7663818374892968,00001,10611201.0,1.000434352341455,-1,10615810.0,1.0
SHFLX,monthly,25,4,6288906.0,1.6880217322376896,16,7086680.0,1.4979948297369148,00001,10611201.0,1.000434352341455,-1,10615810.0,1.0
SHFLX,monthly,26,4,6288906.0,1.6880217322376896,16,7086680.0,1.4979948297369148,00001,10611201.0,1.000434352341455,-1,10615810.0,1.0
SHFLX,monthly,27,4,6288906.0,1.6880217322376896,14,6009918.0,1.7663818374892968,00001,10611201.0,1.000434352341455,-1,10615810.0,1.0
SHFLX,monthly,28,4,6288906.0,1.6880217322376896,14,6009918.0,1.7663818374892968,00001,10611201.0,1.000434352341455,-1,10615810.0,1.0
SHFLX,monthly,29,4,6288906.0,1.6880217322376896,16,7086680.0,1.4979948297369148,000005,10609885.0,1.0005584414911188,-1,10615810.0,1.0
SHFLX,monthly,30,5,7850432.0,1.3522580668172146,16,7086680.0,1.4979948297369148,000005,10609885.0,1.0005584414911188,-1,10615810.0,1.0
SHFLX,monthly,31,4,6288906.0,1.6880217322376896,16,7086680.0,1.4979948297369148,000001,10609521.0,1.0005927694567927,-1,10615810.0,1.0
SHFLX,monthly,32,4,6288906.0,1.6880217322376896,16,7086680.0,1.4979948297369148,00001,10611201.0,1.000434352341455,-1,10615810.0,1.0
SHFLX,monthly,33,4,6288906.0,1.6880217322376896,14,6009918.0,1.7663818374892968,00001,10611201.0,1.000434352341455,-1,10615810.0,1.0
SHFLX,monthly,34,4,6288906.0,1.6880217322376896,14,6009918.0,1.7663818374892968,00001,10611201.0,1.000434352341455,-1,10615810.0,1.0
SHFLX,monthly,35,4,6288906.0,1.6880217322376896,14,6009918.0,1.7663818374892968,00001,10611201.0,1.000434352341455,-1,10615810.0,1.0
SHFLX,monthly,36,4,6288906.0,1.6880217322376896,16,7086680.0,1.4979948297369148,00001,10611201.0,1.000434352341455,-1,10615810.0,1.0
SHFLX,monthly,37,4,6288906.0,1.6880217322376896,16,7086680.0,1.4979948297369148,00001,10611201.0,1.000434352341455,-1,10615810.0,1.0
SHFLX,monthly,38,4,6288906.0,1.6880217322376896,14,6009918.0,1.7663818374892968,000005,10609885.0,1.0005584414911188,-1,10615810.0,1.0
SHFLX,monthly,39,4,6288906.0,1.6880217322376896,16,7086680.0,1.4979948297369148,00001,10611201.0,1.000434352341455,-1,10615810.0,1.0
SHFLX,monthly,40,4,6288906.0,1.6880217322376896,14,6009918.0,1.7663818374892968,00001,10611201.0,1.000434352341455,-1,10615810.0,1.0
SHFLX,monthly,41,4,6288906.0,1.6880217322376896,14,6009918.0,1.7663818374892968,00001,10611201.0,1.000434352341455,-1,10615810.0,1.0
SHFLX,monthly,42,4,6288906.0,1.6880217322376896,16,7086680.0,1.4979948297369148,000005,10609885.0,1.0005584414911188,-1,10615810.0,1.0
SHFLX,monthly,43,4,6288906.0,1.6880217322376896,16,7086680.0,1.4979948297369148,000005,10609885.0,1.0005584414911188,-1,10615810.0,1.0
SHFLX,monthly,44,4,6288906.0,1.6880217322376896,16,7086680.0,1.4979948297369148,000001,10609521.0,1.0005927694567927,-1,10615810.0,1.0
SHFLX,monthly,45,4,6288906.0,1.6880217322376896,14,6009918.0,1.7663818374892968,00001,10611201.0,1.000434352341455,-1,10615810.0,1.0
SHFLX,monthly,46,5,7850432.0,1.3522580668172146,16,7086680.0,1.4979948297369148,000005,10609885.0,1.0005584414911188,-1,10615810.0,1.0
SHFLX,monthly,47,4,6288906.0,1.6880217322376896,16,7086680.0,1.4979948297369148,00001,10611201.0,1.000434352341455,-1,10615810.0,1.0
SHFLX,monthly,48,4,6288906.0,1.6880217322376896,14,6009918.0,1.7663818374892968,00001,10611201.0,1.000434352341455,-1,10615810.0,1.0
SHFLX,monthly,49,4,6288906.0,1.6880217322376896,14,6009918.0,1.7663818374892968,00001,10611201.0,1.000434352341455,-1,10615810.0,1.0
SHFLX,monthly,50,4,6288906.0,1.6880217322376896,14,6009918.0,1.7663818374892968,000005,10609885.0,1.0005584414911188,-1,10615810.0,1.0
SHFLX,monthly,51,4,6288906.0,1.6880217322376896,16,7086680.0,1.4979948297369148,000005,10609885.0,1.0005584414911188,-1,10615810.0,1.0
SHFLX,monthly,52,4,6288906.0,1.6880217322376896,14,6009918.0,1.7663818374892968,00001,10611201.0,1.000434352341455,-1,10615810.0,1.0
SHFLX,monthly,53,4,6288906.0,1.6880217322376896,14,6009918.0,1.7663818374892968,00001,10611201.0,1.000434352341455,-1,10615810.0,1.0
SHFLX,monthly,54,4,6288906.0,1.6880217322376896,16,7086680.0,1.4979948297369148,00001,10611201.0,1.000434352341455,-1,10615810.0,1.0
SHFLX,monthly,55,4,6288906.0,1.6880217322376896,14,6009918.0,1.7663818374892968,00001,10611201.0,1.000434352341455,-1,10615810.0,1.0
SHFLX,monthly,56,4,6288906.0,1.6880217322376896,14,6009918.0,1.7663818374892968,000005,10609885.0,1.0005584414911188,-1,10615810.0,1.0
SHFLX,monthly,57,4,6288906.0,1.6880217322376896,14,6009918.0,1.7663818374892968,00001,10611201.0,1.000434352341455,-1,10615810.0,1.0
SHFLX,monthly,58,4,6288906.0,1.6880217322376896,14,6009918.0,1.7663818374892968,00001,10611201.0,1.000434352341455,-1,10615810.0,1.0
SHFLX,monthly,59,4,6288906.0,1.6880217322376896,14,6009918.0,1.7663818374892968,00001,10611201.0,1.000434352341455,-1,10615810.0,1.0
TMQ,monthly,0,4,5075429.0,1.855653384176983,16,5929717.0,1.5883113814706502,000001,9411948.0,1.0006681932369368,-1,9418237.0,1.0
TMQ,monthly,1,4,5075429.0,1.855653384176983,16,5929717.0,1.5883113814706502,00001,9394292.0,1.002548888197216,-1,9418237.0,1.0
TMQ,monthly,2,4,5075429.0,1.855653384176983,16,5929717.0,1.5883113814706502,000005,9409002.0,1.0009815068590697,-1,9418237.0,1.0
TMQ,monthly,3,4,5075429.0,1.855653384176983,16,5929717.0,1.5883113814706502,00001,9394292.0,1.002548888197216,-1,9418237.0,1.0
TMQ,monthly,4,4,5075429.0,1.855653384176983,16,5929717.0,1.5883113814706502,000005,9409002.0,1.0009815068590697,-1,9418237.0,1.0
TMQ,monthly,5,5,6415618.0,1.4680171107444364,16,5929717.0,1.5883113814706502,00001,9394292.0,1.002548888197216,-1,9418237.0,1.0
TMQ,monthly,6,4,5075429.0,1.855653384176983,16,5929717.0,1.5883113814706502,00001,9394292.0,1.002548888197216,-1,9418237.0,1.0
TMQ,monthly,7,4,5075429.0,1.855653384176983,16,5929717.0,1.5883113814706502,000001,9411948.0,1.0006681932369368,-1,9418237.0,1.0
TMQ,monthly,8,4,5075429.0,1.855653384176983,16,5929717.0,1.5883113814706502,00001,9394292.0,1.002548888197216,-1,9418237.0,1.0
TMQ,monthly,9,4,5075429.0,1.855653384176983,16,5929717.0,1.5883113814706502,000005,9409002.0,1.0009815068590697,-1,9418237.0,1.0
TMQ,monthly,10,4,5075429.0,1.855653384176983,16,5929717.0,1.5883113814706502,000005,9409002.0,1.0009815068590697,-1,9418237.0,1.0
TMQ,monthly,11,5,6415618.0,1.4680171107444364,16,5929717.0,1.5883113814706502,000001,9411948.0,1.0006681932369368,-1,9418237.0,1.0
TMQ,monthly,12,4,5075429.0,1.855653384176983,16,5929717.0,1.5883113814706502,00001,9394292.0,1.002548888197216,-1,9418237.0,1.0
TMQ,monthly,13,4,5075429.0,1.855653384176983,16,5929717.0,1.5883113814706502,00001,9394292.0,1.002548888197216,-1,9418237.0,1.0
TMQ,monthly,14,4,5075429.0,1.855653384176983,16,5929717.0,1.5883113814706502,000005,9409002.0,1.0009815068590697,-1,9418237.0,1.0
TMQ,monthly,15,4,5075429.0,1.855653384176983,16,5929717.0,1.5883113814706502,000005,9409002.0,1.0009815068590697,-1,9418237.0,1.0
TMQ,monthly,16,4,5075429.0,1.855653384176983,16,5929717.0,1.5883113814706502,00001,9394292.0,1.002548888197216,-1,9418237.0,1.0
TMQ,monthly,17,5,6415618.0,1.4680171107444364,16,5929717.0,1.5883113814706502,000005,9409002.0,1.0009815068590697,-1,9418237.0,1.0
TMQ,monthly,18,4,5075429.0,1.855653384176983,16,5929717.0,1.5883113814706502,000005,9409002.0,1.0009815068590697,-1,9418237.0,1.0
TMQ,monthly,19,4,5075429.0,1.855653384176983,16,5929717.0,1.5883113814706502,000001,9411948.0,1.0006681932369368,-1,9418237.0,1.0
TMQ,monthly,20,4,5075429.0,1.855653384176983,16,5929717.0,1.5883113814706502,000005,9409002.0,1.0009815068590697,-1,9418237.0,1.0
TMQ,monthly,21,4,5075429.0,1.855653384176983,16,5929717.0,1.5883113814706502,000001,9411948.0,1.0006681932369368,-1,9418237.0,1.0
TMQ,monthly,22,4,5075429.0,1.855653384176983,16,5929717.0,1.5883113814706502,000001,9411948.0,1.0006681932369368,-1,9418237.0,1.0
TMQ,monthly,23,5,6415618.0,1.4680171107444364,18,6429309.0,1.4648910170595315,000001,9411948.0,1.0006681932369368,-1,9418237.0,1.0
TMQ,monthly,24,4,5075429.0,1.855653384176983,16,5929717.0,1.5883113814706502,000005,9409002.0,1.0009815068590697,-1,9418237.0,1.0
TMQ,monthly,25,5,6415618.0,1.4680171107444364,16,5929717.0,1.5883113814706502,000005,9409002.0,1.0009815068590697,-1,9418237.0,1.0
TMQ,monthly,26,4,5075429.0,1.855653384176983,16,5929717.0,1.5883113814706502,000001,9411948.0,1.0006681932369368,-1,9418237.0,1.0
TMQ,monthly,27,4,5075429.0,1.855653384176983,16,5929717.0,1.5883113814706502,00001,9394292.0,1.002548888197216,-1,9418237.0,1.0
TMQ,monthly,28,4,5075429.0,1.855653384176983,16,5929717.0,1.5883113814706502,000005,9409002.0,1.0009815068590697,-1,9418237.0,1.0
TMQ,monthly,29,4,5075429.0,1.855653384176983,16,5929717.0,1.5883113814706502,000005,9409002.0,1.0009815068590697,-1,9418237.0,1.0
TMQ,monthly,30,4,5075429.0,1.855653384176983,16,5929717.0,1.5883113814706502,00001,9394292.0,1.002548888197216,-1,9418237.0,1.0
TMQ,monthly,31,4,5075429.0,1.855653384176983,18,6429309.0,1.4648910170595315,000005,9409002.0,1.0009815068590697,-1,9418237.0,1.0
TMQ,monthly,32,5,6415618.0,1.4680171107444364,16,5929717.0,1.5883113814706502,00001,9394292.0,1.002548888197216,-1,9418237.0,1.0
TMQ,monthly,33,4,5075429.0,1.855653384176983,16,5929717.0,1.5883113814706502,000005,9409002.0,1.0009815068590697,-1,9418237.0,1.0
TMQ,monthly,34,4,5075429.0,1.855653384176983,16,5929717.0,1.5883113814706502,000005,9409002.0,1.0009815068590697,-1,9418237.0,1.0
TMQ,monthly,35,4,5075429.0,1.855653384176983,16,5929717.0,1.5883113814706502,000001,9411948.0,1.0006681932369368,-1,9418237.0,1.0
TMQ,monthly,36,4,5075429.0,1.855653384176983,16,5929717.0,1.5883113814706502,000005,9409002.0,1.0009815068590697,-1,9418237.0,1.0
TMQ,monthly,37,5,6415618.0,1.4680171107444364,16,5929717.0,1.5883113814706502,000001,9411948.0,1.0006681932369368,-1,9418237.0,1.0
TMQ,monthly,38,4,5075429.0,1.855653384176983,16,5929717.0,1.5883113814706502,000005,9409002.0,1.0009815068590697,-1,9418237.0,1.0
TMQ,monthly,39,4,5075429.0,1.855653384176983,16,5929717.0,1.5883113814706502,00001,9394292.0,1.002548888197216,-1,9418237.0,1.0
TMQ,monthly,40,4,5075429.0,1.855653384176983,16,5929717.0,1.5883113814706502,000005,9409002.0,1.0009815068590697,-1,9418237.0,1.0
TMQ,monthly,41,4,5075429.0,1.855653384176983,16,5929717.0,1.5883113814706502,00001,9394292.0,1.002548888197216,-1,9418237.0,1.0
TMQ,monthly,42,4,5075429.0,1.855653384176983,16,5929717.0,1.5883113814706502,000005,9409002.0,1.0009815068590697,-1,9418237.0,1.0
TMQ,monthly,43,4,5075429.0,1.855653384176983,16,5929717.0,1.5883113814706502,000005,9409002.0,1.0009815068590697,-1,9418237.0,1.0
TMQ,monthly,44,5,6415618.0,1.4680171107444364,16,5929717.0,1.5883113814706502,000005,9409002.0,1.0009815068590697,-1,9418237.0,1.0
TMQ,monthly,45,5,6415618.0,1.4680171107444364,16,5929717.0,1.5883113814706502,000001,9411948.0,1.0006681932369368,-1,9418237.0,1.0
TMQ,monthly,46,4,5075429.0,1.855653384176983,18,6429309.0,1.4648910170595315,000005,9409002.0,1.0009815068590697,-1,9418237.0,1.0
TMQ,monthly,47,4,5075429.0,1.855653384176983,16,5929717.0,1.5883113814706502,000005,9409002.0,1.0009815068590697,-1,9418237.0,1.0
TMQ,monthly,48,4,5075429.0,1.855653384176983,16,5929717.0,1.5883113814706502,000005,9409002.0,1.0009815068590697,-1,9418237.0,1.0
TMQ,monthly,49,4,5075429.0,1.855653384176983,16,5929717.0,1.5883113814706502,00001,9394292.0,1.002548888197216,-1,9418237.0,1.0
TMQ,monthly,50,5,6415618.0,1.4680171107444364,16,5929717.0,1.5883113814706502,000005,9409002.0,1.0009815068590697,-1,9418237.0,1.0
TMQ,monthly,51,5,6415618.0,1.4680171107444364,16,5929717.0,1.5883113814706502,000005,9409002.0,1.0009815068590697,-1,9418237.0,1.0
TMQ,monthly,52,4,5075429.0,1.855653384176983,16,5929717.0,1.5883113814706502,000005,9409002.0,1.0009815068590697,-1,9418237.0,1.0
TMQ,monthly,53,4,5075429.0,1.855653384176983,16,5929717.0,1.5883113814706502,000005,9409002.0,1.0009815068590697,-1,9418237.0,1.0
TMQ,monthly,54,4,5075429.0,1.855653384176983,16,5929717.0,1.5883113814706502,00001,9394292.0,1.002548888197216,-1,9418237.0,1.0
TMQ,monthly,55,4,5075429.0,1.855653384176983,16,5929717.0,1.5883113814706502,000005,9409002.0,1.0009815068590697,-1,9418237.0,1.0
TMQ,monthly,56,5,6415618.0,1.4680171107444364,16,5929717.0,1.5883113814706502,000001,9411948.0,1.0006681932369368,-1,9418237.0,1.0
TMQ,monthly,57,5,6415618.0,1.4680171107444364,16,5929717.0,1.5883113814706502,000005,9409002.0,1.0009815068590697,-1,9418237.0,1.0
TMQ,monthly,58,4,5075429.0,1.855653384176983,16,5929717.0,1.5883113814706502,00001,9394292.0,1.002548888197216,-1,9418237.0,1.0
TMQ,monthly,59,4,5075429.0,1.855653384176983,16,5929717.0,1.5883113814706502,000001,9411948.0,1.0006681932369368,-1,9418237.0,1.0
TS,monthly,0,6,5887951.0,1.307287543663322,20,5328253.0,1.4446095183543275,000001,7690956.0,1.0008177136886494,-1,7697245.0,1.0
TS,monthly,1,6,5887951.0,1.307287543663322,20,5328253.0,1.4446095183543275,000001,7690956.0,1.0008177136886494,-1,7697245.0,1.0
TS,monthly,2,6,5887951.0,1.307287543663322,20,5328253.0,1.4446095183543275,000001,7690956.0,1.0008177136886494,-1,7697245.0,1.0
TS,monthly,3,6,5887951.0,1.307287543663322,20,5328253.0,1.4446095183543275,000001,7690956.0,1.0008177136886494,-1,7697245.0,1.0
TS,monthly,4,6,5887951.0,1.307287543663322,20,5328253.0,1.4446095183543275,000001,7690956.0,1.0008177136886494,-1,7697245.0,1.0
TS,monthly,5,6,5887951.0,1.307287543663322,22,6005972.0,1.281598548910984,000001,7690956.0,1.0008177136886494,-1,7697245.0,1.0
TS,monthly,6,6,5887951.0,1.307287543663322,22,6005972.0,1.281598548910984,000001,7690956.0,1.0008177136886494,-1,7697245.0,1.0
TS,monthly,7,6,5887951.0,1.307287543663322,20,5328253.0,1.4446095183543275,000001,7690956.0,1.0008177136886494,-1,7697245.0,1.0
TS,monthly,8,6,5887951.0,1.307287543663322,22,6005972.0,1.281598548910984,000001,7690956.0,1.0008177136886494,-1,7697245.0,1.0
TS,monthly,9,6,5887951.0,1.307287543663322,22,6005972.0,1.281598548910984,000001,7690956.0,1.0008177136886494,-1,7697245.0,1.0
TS,monthly,10,6,5887951.0,1.307287543663322,22,6005972.0,1.281598548910984,000001,7690956.0,1.0008177136886494,-1,7697245.0,1.0
TS,monthly,11,6,5887951.0,1.307287543663322,20,5328253.0,1.4446095183543275,000001,7690956.0,1.0008177136886494,-1,7697245.0,1.0
TS,monthly,12,6,5887951.0,1.307287543663322,20,5328253.0,1.4446095183543275,000001,7690956.0,1.0008177136886494,-1,7697245.0,1.0
TS,monthly,13,6,5887951.0,1.307287543663322,20,5328253.0,1.4446095183543275,000001,7690956.0,1.0008177136886494,-1,7697245.0,1.0
TS,monthly,14,6,5887951.0,1.307287543663322,20,5328253.0,1.4446095183543275,000001,7690956.0,1.0008177136886494,-1,7697245.0,1.0
TS,monthly,15,6,5887951.0,1.307287543663322,20,5328253.0,1.4446095183543275,000001,7690956.0,1.0008177136886494,-1,7697245.0,1.0
TS,monthly,16,6,5887951.0,1.307287543663322,20,5328253.0,1.4446095183543275,000001,7690956.0,1.0008177136886494,-1,7697245.0,1.0
TS,monthly,17,6,5887951.0,1.307287543663322,20,5328253.0,1.4446095183543275,000001,7690956.0,1.0008177136886494,-1,7697245.0,1.0
TS,monthly,18,6,5887951.0,1.307287543663322,20,5328253.0,1.4446095183543275,000001,7690956.0,1.0008177136886494,-1,7697245.0,1.0
TS,monthly,19,6,5887951.0,1.307287543663322,20,5328253.0,1.4446095183543275,000001,7690956.0,1.0008177136886494,-1,7697245.0,1.0
TS,monthly,20,6,5887951.0,1.307287543663322,20,5328253.0,1.4446095183543275,000001,7690956.0,1.0008177136886494,-1,7697245.0,1.0
TS,monthly,21,6,5887951.0,1.307287543663322,22,6005972.0,1.281598548910984,000001,7690956.0,1.0008177136886494,-1,7697245.0,1.0
TS,monthly,22,6,5887951.0,1.307287543663322,22,6005972.0,1.281598548910984,000001,7690956.0,1.0008177136886494,-1,7697245.0,1.0
TS,monthly,23,6,5887951.0,1.307287543663322,22,6005972.0,1.281598548910984,000001,7690956.0,1.0008177136886494,-1,7697245.0,1.0
TS,monthly,24,6,5887951.0,1.307287543663322,22,6005972.0,1.281598548910984,000001,7690956.0,1.0008177136886494,-1,7697245.0,1.0
TS,monthly,25,6,5887951.0,1.307287543663322,22,6005972.0,1.281598548910984,000001,7690956.0,1.0008177136886494,-1,7697245.0,1.0
TS,monthly,26,6,5887951.0,1.307287543663322,20,5328253.0,1.4446095183543275,000001,7690956.0,1.0008177136886494,-1,7697245.0,1.0
TS,monthly,27,6,5887951.0,1.307287543663322,20,5328253.0,1.4446095183543275,000001,7690956.0,1.0008177136886494,-1,7697245.0,1.0
TS,monthly,28,6,5887951.0,1.307287543663322,20,5328253.0,1.4446095183543275,000001,7690956.0,1.0008177136886494,-1,7697245.0,1.0
TS,monthly,29,6,5887951.0,1.307287543663322,20,5328253.0,1.4446095183543275,000001,7690956.0,1.0008177136886494,-1,7697245.0,1.0
TS,monthly,30,5,4348976.0,1.769898247311551,20,5328253.0,1.4446095183543275,000001,7690956.0,1.0008177136886494,-1,7697245.0,1.0
TS,monthly,31,6,5887951.0,1.307287543663322,22,6005972.0,1.281598548910984,000001,7690956.0,1.0008177136886494,-1,7697245.0,1.0
TS,monthly,32,6,5887951.0,1.307287543663322,22,6005972.0,1.281598548910984,000001,7690956.0,1.0008177136886494,-1,7697245.0,1.0
TS,monthly,33,6,5887951.0,1.307287543663322,22,6005972.0,1.281598548910984,000001,7690956.0,1.0008177136886494,-1,7697245.0,1.0
TS,monthly,34,6,5887951.0,1.307287543663322,20,5328253.0,1.4446095183543275,000001,7690956.0,1.0008177136886494,-1,7697245.0,1.0
TS,monthly,35,6,5887951.0,1.307287543663322,22,6005972.0,1.281598548910984,000001,7690956.0,1.0008177136886494,-1,7697245.0,1.0
TS,monthly,36,6,5887951.0,1.307287543663322,22,6005972.0,1.281598548910984,000001,7690956.0,1.0008177136886494,-1,7697245.0,1.0
TS,monthly,37,6,5887951.0,1.307287543663322,22,6005972.0,1.281598548910984,000001,7690956.0,1.0008177136886494,-1,7697245.0,1.0
TS,monthly,38,6,5887951.0,1.307287543663322,22,6005972.0,1.281598548910984,000001,7690956.0,1.0008177136886494,-1,7697245.0,1.0
TS,monthly,39,6,5887951.0,1.307287543663322,22,6005972.0,1.281598548910984,000001,7690956.0,1.0008177136886494,-1,7697245.0,1.0
TS,monthly,40,6,5887951.0,1.307287543663322,20,5328253.0,1.4446095183543275,000001,7690956.0,1.0008177136886494,-1,7697245.0,1.0
TS,monthly,41,6,5887951.0,1.307287543663322,20,5328253.0,1.4446095183543275,000001,7690956.0,1.0008177136886494,-1,7697245.0,1.0
TS,monthly,42,6,5887951.0,1.307287543663322,20,5328253.0,1.4446095183543275,000001,7690956.0,1.0008177136886494,-1,7697245.0,1.0
TS,monthly,43,6,5887951.0,1.307287543663322,20,5328253.0,1.4446095183543275,000001,7690956.0,1.0008177136886494,-1,7697245.0,1.0
TS,monthly,44,6,5887951.0,1.307287543663322,20,5328253.0,1.4446095183543275,000001,7690956.0,1.0008177136886494,-1,7697245.0,1.0
TS,monthly,45,6,5887951.0,1.307287543663322,22,6005972.0,1.281598548910984,000001,7690956.0,1.0008177136886494,-1,7697245.0,1.0
TS,monthly,46,6,5887951.0,1.307287543663322,20,5328253.0,1.4446095183543275,000001,7690956.0,1.0008177136886494,-1,7697245.0,1.0
TS,monthly,47,6,5887951.0,1.307287543663322,20,5328253.0,1.4446095183543275,000001,7690956.0,1.0008177136886494,-1,7697245.0,1.0
TS,monthly,48,6,5887951.0,1.307287543663322,22,6005972.0,1.281598548910984,000001,7690956.0,1.0008177136886494,-1,7697245.0,1.0
TS,monthly,49,6,5887951.0,1.307287543663322,22,6005972.0,1.281598548910984,000001,7690956.0,1.0008177136886494,-1,7697245.0,1.0
TS,monthly,50,6,5887951.0,1.307287543663322,22,6005972.0,1.281598548910984,000001,7690956.0,1.0008177136886494,-1,7697245.0,1.0
TS,monthly,51,6,5887951.0,1.307287543663322,22,6005972.0,1.281598548910984,000001,7690956.0,1.0008177136886494,-1,7697245.0,1.0
TS,monthly,52,6,5887951.0,1.307287543663322,20,5328253.0,1.4446095183543275,000001,7690956.0,1.0008177136886494,-1,7697245.0,1.0
TS,monthly,53,6,5887951.0,1.307287543663322,20,5328253.0,1.4446095183543275,000001,7690956.0,1.0008177136886494,-1,7697245.0,1.0
TS,monthly,54,6,5887951.0,1.307287543663322,20,5328253.0,1.4446095183543275,000001,7690956.0,1.0008177136886494,-1,7697245.0,1.0
TS,monthly,55,6,5887951.0,1.307287543663322,20,5328253.0,1.4446095183543275,000001,7690956.0,1.0008177136886494,-1,7697245.0,1.0
TS,monthly,56,6,5887951.0,1.307287543663322,22,6005972.0,1.281598548910984,000001,7690956.0,1.0008177136886494,-1,7697245.0,1.0
TS,monthly,57,6,5887951.0,1.307287543663322,22,6005972.0,1.281598548910984,000001,7690956.0,1.0008177136886494,-1,7697245.0,1.0
TS,monthly,58,6,5887951.0,1.307287543663322,20,5328253.0,1.4446095183543275,000001,7690956.0,1.0008177136886494,-1,7697245.0,1.0
TS,monthly,59,6,5887951.0,1.307287543663322,20,5328253.0,1.4446095183543275,000001,7690956.0,1.0008177136886494,-1,7697245.0,1.0
