set,time,mean,variance,ns_con_var
orig_FLNS,0,53.04957620841068,420.8270186761198,28.158805851530694
orig_FLNS,1,53.44072936924245,431.73707040708445,27.841000964845616
orig_FLNS,2,54.59633041148777,400.8372220774976,26.033988900157986
orig_FLNS,3,54.720903934512656,395.49112604075566,24.672473090231648
orig_FLNS,4,55.55132279389475,434.1373040951972,28.89699508162604
orig_FLNS,5,54.33338075081765,529.7703530601588,33.88942625504982
orig_FLNS,6,53.012146154906155,515.0461376863311,31.204146538682426
orig_FLNS,7,53.02884541798228,498.8190518899317,28.669286057574908
orig_FLNS,8,53.98072934038565,398.0229118724337,25.280610439572435
orig_FLNS,9,54.226869050876964,374.5261811225414,26.137831985234683
orig_FLNS,10,54.06269108138179,396.5378958284277,28.885471657954426
orig_FLNS,11,53.23388603811347,419.4932171735203,28.45808330076375
orig_FLNS,12,53.27754614969597,419.2275846074951,27.749048901545088
orig_FLNS,13,53.016477848624774,401.52784461457287,26.95756306644664
orig_FLNS,14,53.88358866394722,381.52765515891394,26.399864885957193
orig_FLNS,15,55.2451895113123,395.97006295349155,26.611198829464186
orig_FLNS,16,54.85903851553621,420.467874649611,28.437655813093496
orig_FLNS,17,54.26864680479848,491.06369544052404,32.04656161264094
orig_FLNS,18,53.58388398156042,533.8720423900745,32.45121097275345
orig_FLNS,19,52.862330261491756,485.76005423552107,28.302983587361926
orig_FLNS,20,53.93107335276319,410.9566959649746,24.980339034566462
orig_FLNS,21,54.59972689496696,433.9992566987129,27.119976392946278
orig_FLNS,22,54.01505832949538,401.6654105570991,29.108033550507056
orig_FLNS,23,52.621240120624726,400.79252664522784,28.09748334765978
orig_FLNS,24,52.80005971664135,453.1884341609967,30.048976653420073
orig_FLNS,25,53.54305390275113,413.7760208744598,28.090277864314885
orig_FLNS,26,54.16532220777872,442.1247643431566,28.899226626389385
orig_FLNS,27,55.58172430281887,446.5886870618982,28.72286889723894
orig_FLNS,28,55.83744346948284,457.1303555959724,29.807568933103386
orig_FLNS,29,54.40046439040922,515.5729159708746,32.54949088070695
orig_FLNS,30,53.51103251197948,528.4466770829098,32.87859289214477
orig_FLNS,31,53.159489643588984,512.0840017373366,28.05654546009701
orig_FLNS,32,54.07049213502,423.26850299110237,25.771184711672806
orig_FLNS,33,54.7866164032953,370.5547774465792,26.56056292451746
orig_FLNS,34,54.18432929072232,352.8666259951019,27.585647173146047
orig_FLNS,35,53.58747142001152,421.2153325646863,29.142111072037242
orig_FLNS,36,53.081592627291975,414.5141766442419,28.178934483697144
orig_FLNS,37,53.457791015991695,438.50985885872683,28.651358527728334
orig_FLNS,38,54.59684399485246,423.4606895540443,26.81609516545035
orig_FLNS,39,55.1735177712336,404.32911325271215,26.568162292375348
orig_FLNS,40,55.6859417207247,428.8363433904985,28.500836676332447
orig_FLNS,41,54.51817372766771,521.1629395879593,32.81497665443199
orig_FLNS,42,53.23909988473139,535.7576279278849,32.44921577456395
orig_FLNS,43,53.48591217647446,510.035757539949,28.730107362677355
orig_FLNS,44,54.05945062639259,425.49568267423336,25.51871935912496
orig_FLNS,45,54.6839335695299,368.27871927900543,26.076767147578412
orig_FLNS,46,53.39741138685064,350.3924419907824,27.601992887713816
orig_FLNS,47,53.34747347784449,405.0708950455659,28.111842347360334
orig_FLNS,48,53.06249781428646,427.12898055409653,28.767954551998994
orig_FLNS,49,53.77133830936416,442.0231064859018,28.995973178866663
orig_FLNS,50,54.81009276331452,380.9952779807675,26.16102953061402
orig_FLNS,51,55.22766618224703,353.76950031341903,24.875961092216084
orig_FLNS,52,55.4310285347567,411.40775626933936,27.327990113414092
orig_FLNS,53,54.78751708063938,495.2761157231163,32.38500042210208
orig_FLNS,54,53.203943160487036,529.067251564036,32.10739692918142
orig_FLNS,55,52.80556373001736,464.0921507093568,27.63619850601171
orig_FLNS,56,54.14255202034671,446.85104583145204,26.243529336904356
orig_FLNS,57,54.17028038384869,382.9947562364898,26.04406942770877
orig_FLNS,58,53.25326188156024,368.9794155379768,27.054113010314953
orig_FLNS,59,52.42544626878431,390.6471264337267,28.18527136750869
orig_FLNT,0,232.48146099357902,1296.3026141106093,23.37560488871056
orig_FLNT,1,232.69697416557787,1301.276359368186,23.649213919428064
orig_FLNT,2,233.51315046949338,1274.4841722960612,23.20947336473052
orig_FLNT,3,234.25457587014134,1154.9912664418246,23.954842903204817
orig_FLNT,4,235.48829310512306,1098.597785254164,27.284191472399204
orig_FLNT,5,237.6333854426881,1292.5346277790034,24.462117264601773
orig_FLNT,6,237.8358369885457,1365.402296395295,23.661170774054717
orig_FLNT,7,239.6821751364399,1499.361903994944,24.37239368426039
orig_FLNT,8,238.1629250771025,1289.401793733447,23.373169019323868
orig_FLNT,9,236.0131897321524,1163.9071161017453,22.653503876199668
orig_FLNT,10,233.66107486956096,1121.7174309840427,22.743871269055507
orig_FLNT,11,233.0835394069668,1152.5638569381413,23.31220879150087
orig_FLNT,12,233.41702000778304,1321.2275804660123,22.188409934960237
orig_FLNT,13,233.86195236614202,1390.4285570194693,22.05234412676351
orig_FLNT,14,233.31524213419178,1279.2613904448006,21.312155388667616
orig_FLNT,15,234.2388524312049,1165.2515596336864,24.658780197941507
orig_FLNT,16,235.511470378065,1110.2592486679678,25.619452831938275
orig_FLNT,17,237.04390654258248,1282.5702911581584,28.670605198371373
orig_FLNT,18,238.18304630630467,1412.3696509013932,26.161556533286106
orig_FLNT,19,238.8085124106054,1402.1128753714163,25.41304435135851
orig_FLNT,20,237.9563738158544,1327.91787159043,25.101960672118846
orig_FLNT,21,236.35747243755318,1239.353620161305,23.09787563010392
orig_FLNT,22,233.35223795274857,1129.9365700224337,24.965541965887397
orig_FLNT,23,232.51397762879844,1178.63109627974,22.558139978631807
orig_FLNT,24,232.4388144278309,1324.4261335548097,24.141368929851897
orig_FLNT,25,233.34486730928418,1378.1401717583258,22.955999799998352
orig_FLNT,26,234.01421346097916,1317.8936708799492,23.72322073890195
orig_FLNT,27,234.69389559456167,1137.4918846298692,25.427083955765223
orig_FLNT,28,235.31616326877153,1110.4476796782144,24.594549181217616
orig_FLNT,29,237.06412780940445,1233.2228799424781,25.5022251198972
orig_FLNT,30,238.63112091727692,1371.7769037991827,23.587911018306137
orig_FLNT,31,239.0070602427901,1454.3239876684343,25.589995810214184
orig_FLNT,32,237.72045287668112,1327.5963816179926,24.70860515543098
orig_FLNT,33,235.86880740846703,1129.6043450526233,23.819134135144353
orig_FLNT,34,233.9829474305917,1087.2597968859334,24.49838865975387
orig_FLNT,35,232.75643239728785,1174.355881991311,24.347469018549585
orig_FLNT,36,232.33431562272062,1301.4674313090754,23.983720137788715
orig_FLNT,37,233.2100495652963,1325.0716267413197,21.9729014632095
orig_FLNT,38,234.04608563499983,1334.2246261181351,24.407140939901865
orig_FLNT,39,234.64187551176218,1202.5779840340952,26.4526148596541
orig_FLNT,40,234.9651510289265,1050.3308799379238,24.712002998356812
orig_FLNT,41,236.40034627405777,1256.616682088813,23.98224277450001
orig_FLNT,42,238.1712006627151,1387.4423157278304,25.902517686787565
orig_FLNT,43,238.90212824698116,1413.1799966752246,23.798285374318066
orig_FLNT,44,237.6158378192392,1244.3749119000877,23.136993851958337
orig_FLNT,45,236.01291775065442,1149.2703206229373,22.79810071117191
orig_FLNT,46,233.24520266852218,1084.3675644399732,23.545141035940212
orig_FLNT,47,232.04775539553196,1162.3875605852752,23.647993328199846
orig_FLNT,48,232.7656894840318,1341.157489939488,22.407384454731822
orig_FLNT,49,234.41478058940046,1365.5791714943628,23.424198596317428
orig_FLNT,50,234.76682824421476,1235.6609561246125,23.558924985435315
orig_FLNT,51,233.36264021143765,1129.0577143399137,23.40044108194086
orig_FLNT,52,235.2797255651111,1108.275731951391,27.529848830790993
orig_FLNT,53,236.14196527470034,1150.1609114936994,23.462781470676394
orig_FLNT,54,238.97260950085067,1394.1903929653151,22.94280950399896
orig_FLNT,55,238.59252085960287,1438.8104775320858,23.7606295289802
orig_FLNT,56,239.0228065547882,1374.1082595168757,24.000948347915426
orig_FLNT,57,236.87819181663178,1136.5397650995212,20.309680753611307
orig_FLNT,58,234.15414731789974,1141.7766510093616,23.127104698746
orig_FLNT,59,232.61525611748004,1148.390160304725,21.311108822236513
orig_FSNS,0,166.45359347012584,8126.449920859506,144.94147075153805
orig_FSNS,1,167.3656506033282,6521.67467964646,138.28608697968076
orig_FSNS,2,166.53925518107096,5373.1016456927555,124.04318417443505
orig_FSNS,3,161.17519272288544,5714.004071742564,130.92343121306217
orig_FSNS,4,157.56542002348027,6599.137360623972,160.88213983696218
orig_FSNS,5,152.98863810696693,6903.726310026992,151.10210827933847
orig_FSNS,6,152.8625110837926,6382.170888481524,128.57851836369437
orig_FSNS,7,154.59238693408466,5046.738332191368,120.29984836766451
orig_FSNS,8,160.21830069767918,4600.381886640395,110.30446940810859
orig_FSNS,9,163.98090971268897,5689.270880165735,111.48578460433417
orig_FSNS,10,165.17725588283946,7598.800255812,127.88611493483201
orig_FSNS,11,165.02128729808157,8620.994542655239,147.52581142295435
orig_FSNS,12,167.73088875664612,8169.847304937916,149.5367545310699
orig_FSNS,13,167.36316917408251,6352.622000627581,138.39002723404704
orig_FSNS,14,165.3194867114675,5403.7197188824675,126.12349146628736
orig_FSNS,15,161.53987021769316,5587.662870991155,139.3853696100105
orig_FSNS,16,156.35754727956598,6533.267962572403,166.74436484352432
orig_FSNS,17,153.08483327614417,7068.335318027757,154.2972236845195
orig_FSNS,18,152.4674452107615,6334.077392235179,141.030715181429
orig_FSNS,19,154.45355321239663,5163.88702656321,127.52581949189756
orig_FSNS,20,159.96033884000443,4701.0363962681895,112.23749993836678
orig_FSNS,21,163.6499293576661,5650.348049820725,112.12180069600011
orig_FSNS,22,165.74371350150534,7591.219028364176,126.40770290007535
orig_FSNS,23,165.76806553515408,8924.09117629152,137.97055966877883
orig_FSNS,24,167.27702996901493,8321.690225312976,151.63658198028716
orig_FSNS,25,167.75823626077678,6466.975783663059,142.03351755569128
orig_FSNS,26,165.22086070885706,5370.792631117476,136.97812090508904
orig_FSNS,27,161.75065724722512,5609.764753754683,146.0224648928566
orig_FSNS,28,157.7063612329996,6483.0237240924425,161.80390525857626
orig_FSNS,29,153.5511771610015,6935.066463980496,147.46279683967055
orig_FSNS,30,153.804076487424,6328.360513088627,129.28925827820203
orig_FSNS,31,155.06144161807896,5064.180194190426,128.85223541282775
orig_FSNS,32,159.85489371761324,4588.387780731796,115.02959946595493
orig_FSNS,33,164.17064087118467,5534.782663622821,113.98967906377281
orig_FSNS,34,165.94254114671313,7538.684966913802,132.68541154987759
orig_FSNS,35,165.64782402192017,8682.687747808748,140.17860281005784
orig_FSNS,36,167.38997185775452,8281.14486359387,144.34695662991552
orig_FSNS,37,167.1784558068896,6458.395044389973,143.127765859409
orig_FSNS,38,165.70811796968806,5390.764476195862,129.8594262289598
orig_FSNS,39,161.69589120109632,5709.67930282439,136.03611025516642
orig_FSNS,40,157.60054345226683,6533.888184025654,153.3210898116844
orig_FSNS,41,153.0528302487455,6918.309865366414,152.6503637551521
orig_FSNS,42,153.07898980002307,6326.328573742202,134.06258404594985
orig_FSNS,43,156.17192387563108,5067.331236932777,121.56064586406116
orig_FSNS,44,160.32772504863752,4662.633618880383,110.48505115724116
orig_FSNS,45,163.97921920824558,5541.827893835955,113.17338593429268
orig_FSNS,46,164.5608249878922,7494.613411987815,132.19086197398028
orig_FSNS,47,166.1061491637648,8851.073513040921,137.19589020856233
orig_FSNS,48,166.65556069595928,8249.396747968158,145.7315880304887
orig_FSNS,49,167.85522557901513,6510.465349242269,141.62131003476034
orig_FSNS,50,166.96953455605927,5303.436809486555,124.63457351823519
orig_FSNS,51,162.11391981576773,5681.510915876614,132.17515542330355
orig_FSNS,52,157.3619788713186,6600.657579636419,162.3582664894528
orig_FSNS,53,154.47019245661104,6995.326649726005,136.37419867455452
orig_FSNS,54,153.21035990299396,6322.374795661309,128.11891841518414
orig_FSNS,55,155.84923240331076,5231.907426829576,123.42605382569162
orig_FSNS,56,160.45598727608643,4621.146781439206,115.86604149661952
orig_FSNS,57,164.02069358985747,5668.4093804135055,104.39511645887164
orig_FSNS,58,164.75004457772658,7640.535802694738,126.290077022352
orig_FSNS,59,165.79374564886487,8952.370512063024,132.60851518100148
orig_FSNT,0,241.54099675808808,14558.182353350692,132.2427329895181
orig_FSNT,1,242.26406177688318,11190.770801122859,126.38539358818801
orig_FSNT,2,240.81323832010784,8803.128631754234,111.95900058446009
orig_FSNT,3,235.00697439078786,9450.875045239694,115.82912982744996
orig_FSNT,4,231.06375710820643,11766.772003188153,139.25270200553152
orig_FSNT,5,228.24645398101183,13396.763438432732,127.473019221659
orig_FSNT,6,228.5542069919585,12387.793809616298,108.91497322121229
orig_FSNT,7,230.5951953185856,9284.67019332149,102.90609985970588
orig_FSNT,8,235.0320649614633,7838.054554454455,95.43787213982186
orig_FSNT,9,237.61688501219473,9466.917299814953,98.8933812984176
orig_FSNT,10,238.6362577355516,13108.91769629046,115.81483209306974
orig_FSNT,11,239.53573747611225,15530.436501390657,134.8721929772029
orig_FSNT,12,242.78308907833483,14635.24785262142,137.76124388329214
orig_FSNT,13,242.4539927319826,11002.873522777689,126.55950812591342
orig_FSNT,14,239.87065083230493,8854.413913770688,114.08060113932254
orig_FSNT,15,235.30524027092358,9316.752161471477,123.32504136544975
orig_FSNT,16,230.28967075613264,11728.65692986002,143.3805515491219
orig_FSNT,17,227.96058527184235,13443.98619424289,131.48867759827772
orig_FSNT,18,228.30397591152027,12258.543286496317,118.71674859969247
orig_FSNT,19,230.25154515846006,9316.627252066433,108.11990338091822
orig_FSNT,20,234.69435668498932,7866.6933084423745,97.66559018172602
orig_FSNT,21,237.52641180187857,9485.18161604468,100.34383005906761
orig_FSNT,22,239.329179181144,13080.452770255415,114.62004924533049
orig_FSNT,23,240.2207316878233,15886.899994717485,126.79043116814219
orig_FSNT,24,242.20088311937639,14809.396101075507,139.79712209822355
orig_FSNT,25,242.55980942134252,11144.123708367224,130.4804768634098
orig_FSNT,26,239.74860995218592,8812.617969685296,122.94137328912424
orig_FSNT,27,235.5918030096145,9344.82331373688,128.34721923775368
orig_FSNT,28,231.40729168751002,11668.8161633163,140.4374208939475
orig_FSNT,29,228.78892738032744,13383.97392554405,125.06405675368354
orig_FSNT,30,229.26747884779286,12266.56441288377,110.34985282678157
orig_FSNT,31,230.76259289870364,9188.168761097491,109.75615838696723
orig_FSNT,32,234.53768847693607,7760.537116415218,99.90730997783515
orig_FSNT,33,237.8628642368962,9353.543633239986,101.76940771443742
orig_FSNT,34,239.35290141837834,13099.528945164953,121.05576779133663
orig_FSNT,35,240.07538763911936,15617.821085222788,128.92719337535797
orig_FSNT,36,242.26584269075968,14796.812432135228,132.91942256784932
orig_FSNT,37,242.07519218497634,11125.314005547549,130.632608926318
orig_FSNT,38,240.2075859122559,8795.52233609517,116.91196090777314
orig_FSNT,39,235.48285314465136,9416.415089502958,120.0335862654588
orig_FSNT,40,231.15204217945308,11731.208609385694,133.43004313905251
orig_FSNT,41,228.27857408789433,13360.745642718715,127.96400877178922
orig_FSNT,42,228.929617684978,12309.066704818677,113.05514229503883
orig_FSNT,43,231.8327514774573,9249.635662766146,104.417505699722
orig_FSNT,44,235.09398680387326,7885.971219034898,95.69079119881471
orig_FSNT,45,237.9696995911449,9367.133257311598,100.7744088579427
orig_FSNT,46,238.217285598463,12974.996459719208,119.56865097998134
orig_FSNT,47,240.38118489136252,15789.794748216525,125.82565965676882
orig_FSNT,48,241.9601355619071,14736.59374836071,132.4056072288033
orig_FSNT,49,242.99411861040355,11170.384565688184,128.89480151843873
orig_FSNT,50,241.40320752241792,8734.620423141312,113.06191971647787
orig_FSNT,51,235.72732710052867,9446.537511048953,117.68194241019523
orig_FSNT,52,230.8967156379598,11770.658078804707,141.61137275446353
orig_FSNT,53,229.08009001426367,13449.519040785668,117.08864686834852
orig_FSNT,54,229.16379402792884,12343.84531407342,108.34526203329047
orig_FSNT,55,231.50303114279237,9438.058715796324,104.61984845652503
orig_FSNT,56,235.26590646422088,7822.80378019504,100.61779107232337
orig_FSNT,57,237.99194760696693,9486.422294323114,93.23399208719759
orig_FSNT,58,238.59948481866948,13125.004371846573,114.54093759030442
orig_FSNT,59,240.41341001080545,15961.18298534336,121.5210683075371
orig_LHFLX,0,88.1332185585825,4369.806267086041,196.53188720626267
orig_LHFLX,1,86.0592869098492,3819.5611794527176,163.81199035498202
orig_LHFLX,2,86.50166792410919,3254.414226281332,120.37667714036338
orig_LHFLX,3,88.44631402427964,3238.212158147913,107.08318747160513
orig_LHFLX,4,87.48025016503139,3185.809445656888,130.60172325835248
orig_LHFLX,5,91.75716809855876,3802.1676920466666,148.12350099528817
orig_LHFLX,6,91.60167364086881,3696.9101687544776,149.9599480018089
orig_LHFLX,7,87.27137886912682,3182.540903758302,135.05453392320075
orig_LHFLX,8,84.92355276763995,2806.021212861788,128.76494990716532
orig_LHFLX,9,85.90033631386557,3300.3403994324417,166.7855488106572
orig_LHFLX,10,86.72005902371164,3851.846728459152,212.95708391160278
orig_LHFLX,11,88.28357331334844,4495.333021350523,231.97308363021864
orig_LHFLX,12,88.40370187534432,4475.34290962904,210.185215343283
orig_LHFLX,13,88.3416434365986,3998.71987536315,161.27877678650304
orig_LHFLX,14,86.24457090196664,3214.4601963217533,122.41299947192437
orig_LHFLX,15,86.9943963189931,3156.7646580218748,118.26302649739696
orig_LHFLX,16,89.66241264264731,3491.3443208574463,128.44909351933285
orig_LHFLX,17,89.9443811902861,3591.194324763923,146.38735917878918
orig_LHFLX,18,91.53835686872931,3645.419624891244,155.55761467613365
orig_LHFLX,19,87.12237075525184,3191.6472774436793,131.34059991791875
orig_LHFLX,20,85.60194719020303,2985.9258873733515,135.89052977188655
orig_LHFLX,21,84.14033450752926,3361.584178417279,178.4648743421875
orig_LHFLX,22,85.68557300988368,3844.17528574656,192.96620490010193
orig_LHFLX,23,87.46149295710799,4260.683269243969,200.7081049337985
orig_LHFLX,24,88.04581139806228,4808.688729594285,230.1015633173566
orig_LHFLX,25,88.05677148159455,3940.084588696419,168.01485035505925
orig_LHFLX,26,86.31844633671386,3421.460318578208,141.3524950108571
orig_LHFLX,27,85.57460290684102,3172.552285182664,121.06173368495452
orig_LHFLX,28,88.20285094386561,3179.3455992526538,124.3653381721808
orig_LHFLX,29,91.6975428320201,3798.3816373348573,149.8798938703501
orig_LHFLX,30,90.86431613553617,3538.057628288955,148.55627926663308
orig_LHFLX,31,87.76262543276738,3244.6412800623266,142.8864957519001
orig_LHFLX,32,84.55116500596442,2879.538008157723,137.84608617606267
orig_LHFLX,33,84.28254397412856,3199.8772084649677,162.4301128697041
orig_LHFLX,34,86.96197168121823,3824.1481910643843,207.54629861169582
orig_LHFLX,35,86.15667715549587,4179.88329581669,208.66897992929265
orig_LHFLX,36,88.62146476307471,4504.682126154219,205.12166671187077
orig_LHFLX,37,85.87028257461655,3895.9616493751305,164.65039266388936
orig_LHFLX,38,88.31250158502321,3555.511575798507,130.17982375379927
orig_LHFLX,39,85.45098551102738,2981.4535718760767,108.1112946335802
orig_LHFLX,40,87.64255046966744,3168.4708326721707,123.31419546802074
orig_LHFLX,41,91.84898145903526,3846.2724779276555,146.1855191048234
orig_LHFLX,42,90.51562583635125,3526.1910593929993,146.01122626643752
orig_LHFLX,43,87.11387494180524,3190.817272661478,136.02896193724223
orig_LHFLX,44,83.35682246415413,2741.88300029757,122.61241062618018
orig_LHFLX,45,84.87417423987469,3229.8041223283244,168.20995339251837
orig_LHFLX,46,86.71224503865551,3787.2938455724975,203.74731997706655
orig_LHFLX,47,87.03861105620504,4331.345474724028,206.67713853805282
orig_LHFLX,48,88.69661945422445,4468.986245518958,202.5856735403271
orig_LHFLX,49,87.40592153237651,4010.994301559085,179.61309065274756
orig_LHFLX,50,85.27694772977964,3135.0431330015263,118.54177198946293
orig_LHFLX,51,86.40492727535677,2856.425982961074,102.10293951761557
orig_LHFLX,52,89.7580037301148,3402.753778171069,120.57595094304286
orig_LHFLX,53,90.34142310169254,3497.1841093231005,145.42397615547847
orig_LHFLX,54,92.17620857500123,3748.93451878668,155.28470647493793
orig_LHFLX,55,87.16516661589719,3090.8035161837356,128.8288741410909
orig_LHFLX,56,86.60498923400785,3132.6014505511407,140.89936483442798
orig_LHFLX,57,84.93996216767782,3272.7675713935355,177.53027153485277
orig_LHFLX,58,87.41852461621696,3921.3051958123438,174.40221828401334
orig_LHFLX,59,88.05693700768921,4287.920221947868,204.91464891731013
orig_PRECC,0,2.2652241071895327e-08,1.1330331582862338e-15,8.887027627005762e-17
orig_PRECC,1,2.2959611732984253e-08,1.0300315242632684e-15,7.104570342077304e-17
orig_PRECC,2,2.2726783481435666e-08,9.812447963539782e-16,6.297309323287423e-17
orig_PRECC,3,2.299493991533733e-08,9.190927556461607e-16,6.988827438599778e-17
orig_PRECC,4,2.3359751590613388e-08,9.879157702368816e-16,9.218458726190203e-17
orig_PRECC,5,2.3914696314394008e-08,1.0806165137333892e-15,8.416531831059782e-17
orig_PRECC,6,2.462999200771924e-08,1.1440589755484864e-15,8.611276864614718e-17
orig_PRECC,7,2.3412163352001615e-08,1.206315308463102e-15,8.546427260508068e-17
orig_PRECC,8,2.1984826872177794e-08,1.0926570277075665e-15,7.909796398183795e-17
orig_PRECC,9,2.2164893186389225e-08,1.070984935676519e-15,6.844044865942511e-17
orig_PRECC,10,2.2518014121682657e-08,1.0889685829960585e-15,7.614685172664291e-17
orig_PRECC,11,2.2570714738563727e-08,1.0972076013617567e-15,8.402469635856364e-17
orig_PRECC,12,2.2783717246063375e-08,1.1575913456959791e-15,8.304447246645493e-17
orig_PRECC,13,2.30849615903769e-08,1.1473969678473662e-15,7.158805721468469e-17
orig_PRECC,14,2.1985126636346374e-08,9.041259351564517e-16,6.121931884800847e-17
orig_PRECC,15,2.2817600594374303e-08,9.924122202221749e-16,7.636590210556074e-17
orig_PRECC,16,2.3488429217564306e-08,1.038456345556732e-15,8.816329209341131e-17
orig_PRECC,17,2.370344593639431e-08,1.1003987275511895e-15,9.935003944409511e-17
orig_PRECC,18,2.4411464808081973e-08,1.1889585304357715e-15,1.0062646667815898e-16
orig_PRECC,19,2.3118891568288544e-08,1.1293029777718128e-15,9.128699472410549e-17
orig_PRECC,20,2.2507636224730605e-08,1.1828215851829146e-15,9.544376853078223e-17
orig_PRECC,21,2.1962516656084792e-08,1.15066757031215e-15,8.013327826756847e-17
orig_PRECC,22,2.225606700912124e-08,1.05625218626154e-15,7.327316618881895e-17
orig_PRECC,23,2.2844785257826924e-08,1.1067632175768637e-15,8.122063827347526e-17
orig_PRECC,24,2.2977431482871486e-08,1.15681280874275e-15,8.144012175241923e-17
orig_PRECC,25,2.264571128604259e-08,1.0385056390144455e-15,7.112224542636848e-17
orig_PRECC,26,2.231977523829217e-08,1.0847410210856365e-15,7.628528906575244e-17
orig_PRECC,27,2.200442393114957e-08,9.467286379343744e-16,7.66989814592595e-17
orig_PRECC,28,2.3583194241973648e-08,9.470680938445903e-16,7.461318758550987e-17
orig_PRECC,29,2.460264802842044e-08,1.1073484300732213e-15,9.746196410648391e-17
orig_PRECC,30,2.4732368784055456e-08,1.1022801726922e-15,8.645179093023673e-17
orig_PRECC,31,2.358669800038563e-08,1.225186590036362e-15,9.968470973693225e-17
orig_PRECC,32,2.239161576451543e-08,1.1034634365208272e-15,8.634765165027794e-17
orig_PRECC,33,2.184663491806978e-08,1.0555639363571983e-15,7.490801666154047e-17
orig_PRECC,34,2.2509490241027345e-08,1.1324928292595734e-15,8.602268549829107e-17
orig_PRECC,35,2.1997587281402318e-08,1.0648005553239333e-15,9.18123375254365e-17
orig_PRECC,36,2.3209344249583707e-08,1.2206915038083318e-15,9.535893579754373e-17
orig_PRECC,37,2.2128931180022318e-08,1.073642650008831e-15,7.156430712132842e-17
orig_PRECC,38,2.2665186413539565e-08,1.0427895233022331e-15,7.220850776303103e-17
orig_PRECC,39,2.239363780288969e-08,9.02236354339775e-16,7.727866953492896e-17
orig_PRECC,40,2.3270696733360748e-08,8.67829411583283e-16,7.076423796039345e-17
orig_PRECC,41,2.4636356334740424e-08,1.071232338838725e-15,7.865227060367621e-17
orig_PRECC,42,2.4740035071400123e-08,1.186769779329611e-15,9.778429663306828e-17
orig_PRECC,43,2.3754852553358193e-08,1.1991856675137929e-15,8.573176070374261e-17
orig_PRECC,44,2.177045283338826e-08,9.743458191830258e-16,7.726571114060371e-17
orig_PRECC,45,2.231531206182871e-08,1.0871303617614216e-15,8.018580571726138e-17
orig_PRECC,46,2.2432126567623737e-08,1.079126042796429e-15,8.364395192516965e-17
orig_PRECC,47,2.2671262053334034e-08,1.067208193895539e-15,8.078107636374067e-17
orig_PRECC,48,2.2921286612770434e-08,1.194456476773449e-15,8.088711937846888e-17
orig_PRECC,49,2.221947524718775e-08,1.1389285057630062e-15,8.120664825801305e-17
orig_PRECC,50,2.197345109181608e-08,9.315936490978576e-16,6.293995592620015e-17
orig_PRECC,51,2.2785845610152792e-08,8.534325178552321e-16,6.708519266011666e-17
orig_PRECC,52,2.3650825737787963e-08,9.93476683445929e-16,8.551631617651788e-17
orig_PRECC,53,2.4600428701037388e-08,9.627912063985656e-16,6.909305258434249e-17
orig_PRECC,54,2.4076784592961158e-08,1.2071451878330415e-15,8.295633950529542e-17
orig_PRECC,55,2.350685742872225e-08,1.1217823490355341e-15,9.097155247291098e-17
orig_PRECC,56,2.2967574905058695e-08,1.3502481686668475e-15,9.262370314547824e-17
orig_PRECC,57,2.186268899654119e-08,1.0728473082150452e-15,7.266155378863881e-17
orig_PRECC,58,2.2379186335724067e-08,1.1190065314483526e-15,7.463138981909905e-17
orig_PRECC,59,2.3096926279838968e-08,1.1042564177828214e-15,7.293063324166022e-17
orig_PRECL,0,1.2391866528177785e-08,2.622894685458447e-16,3.565375851649453e-17
orig_PRECL,1,1.1410816123209321e-08,2.068094183502175e-16,3.0108458942619136e-17
orig_PRECL,2,1.1739779186879296e-08,2.046440686569311e-16,2.8606298055518314e-17
orig_PRECL,3,1.225453199574197e-08,2.322915066345915e-16,3.649227213744026e-17
orig_PRECL,4,1.1389185842251654e-08,2.581746784894802e-16,4.811870264579892e-17
orig_PRECL,5,1.2278328201178479e-08,3.1811262285902404e-16,5.855576247581909e-17
orig_PRECL,6,1.1650572286326917e-08,2.6342402071372207e-16,5.307908482331276e-17
orig_PRECL,7,1.1812406395856018e-08,2.5675875461912443e-16,4.459162010155665e-17
orig_PRECL,8,1.258480024731268e-08,2.4288887667426452e-16,4.057845619352971e-17
orig_PRECL,9,1.2450150652224732e-08,2.2601303166924555e-16,3.2819148755714966e-17
orig_PRECL,10,1.2370928217143843e-08,2.3579757960959407e-16,2.844658346571201e-17
orig_PRECL,11,1.270623206928199e-08,2.528950788527386e-16,4.0960285006871393e-17
orig_PRECL,12,1.2441436015845216e-08,2.6181024514044067e-16,4.055135456944239e-17
orig_PRECL,13,1.2049610438876898e-08,2.344182879205999e-16,3.210937865275957e-17
orig_PRECL,14,1.2524118505552887e-08,2.602894483281549e-16,3.8878964603382675e-17
orig_PRECL,15,1.1651134581897435e-08,2.302388658226955e-16,2.511683086483351e-17
orig_PRECL,16,1.2115312905777822e-08,2.879103011853317e-16,5.2932946567743334e-17
orig_PRECL,17,1.2024417159517592e-08,5.135775230764915e-16,2.2131377284005028e-16
orig_PRECL,18,1.174962928724766e-08,3.363057082492118e-16,1.090826295874791e-16
orig_PRECL,19,1.1968438452746041e-08,2.776135138290273e-16,5.798527736059108e-17
orig_PRECL,20,1.227743530972655e-08,2.341232718562803e-16,3.830730670091637e-17
orig_PRECL,21,1.2160806000123227e-08,2.255059824248218e-16,3.583652884228148e-17
orig_PRECL,22,1.2149436037678204e-08,2.392054655283698e-16,3.1451614694812017e-17
orig_PRECL,23,1.2096723995006907e-08,2.2964941217908473e-16,3.502909583759973e-17
orig_PRECL,24,1.2164100077731602e-08,2.4204989856370727e-16,3.4970100004379545e-17
orig_PRECL,25,1.235080615765858e-08,2.473903159058919e-16,3.494162474578731e-17
orig_PRECL,26,1.2289997566601448e-08,2.6133501653347306e-16,3.363128215358573e-17
orig_PRECL,27,1.2006153557586803e-08,2.377938983427463e-16,2.9887671940435936e-17
orig_PRECL,28,1.1294837820782914e-08,2.145000525841975e-16,2.9175737218705954e-17
orig_PRECL,29,1.148262047545399e-08,2.931658909519591e-16,5.87815029284259e-17
orig_PRECL,30,1.1516719957542386e-08,2.8449399406044806e-16,6.740488553685356e-17
orig_PRECL,31,1.1786436811475252e-08,2.5400608521384493e-16,5.482216260109533e-17
orig_PRECL,32,1.1885212959492157e-08,2.2933382736845485e-16,3.990684450333593e-17
orig_PRECL,33,1.2344402834238497e-08,2.4112574933089396e-16,3.156757341478193e-17
orig_PRECL,34,1.245755160080116e-08,2.5162113887080337e-16,4.1154372777403334e-17
orig_PRECL,35,1.2458077432192327e-08,2.618116115060092e-16,3.6506475434305634e-17
orig_PRECL,36,1.2023605727728317e-08,2.540321297753124e-16,3.814073643811644e-17
orig_PRECL,37,1.2212653606368303e-08,2.4117672047409397e-16,3.688856122847986e-17
orig_PRECL,38,1.2467725716512111e-08,2.62581500408279e-16,3.724093091029724e-17
orig_PRECL,39,1.1649565561330528e-08,2.363377756528851e-16,4.342274270433582e-17
orig_PRECL,40,1.147098895477365e-08,2.471527569660378e-16,5.0854983060995973e-17
orig_PRECL,41,1.1578597413793e-08,2.8201936763575543e-16,7.043791772217728e-17
orig_PRECL,42,1.1164773148752045e-08,2.1489025648436526e-16,3.7814271938023453e-17
orig_PRECL,43,1.1530238787060455e-08,2.1520209604058328e-16,3.555088077022299e-17
orig_PRECL,44,1.1967424295466597e-08,2.2709777424364987e-16,3.597251406688591e-17
orig_PRECL,45,1.1957609393375435e-08,2.211293322188907e-16,3.7140852800484655e-17
orig_PRECL,46,1.2536530497079873e-08,2.341610388768471e-16,3.65927788423943e-17
orig_PRECL,47,1.1936878546622254e-08,2.3860719982889085e-16,3.307357197600008e-17
orig_PRECL,48,1.2588220389958746e-08,2.8348988085082383e-16,3.83168950832297e-17
orig_PRECL,49,1.2605686852262217e-08,2.4974827464397926e-16,3.5638978048129773e-17
orig_PRECL,50,1.2013897595201348e-08,2.268229610652695e-16,3.6921280612147146e-17
orig_PRECL,51,1.1558374191379956e-08,2.245052874940742e-16,4.414531637474753e-17
orig_PRECL,52,1.1881223094096889e-08,2.920116627913728e-16,5.966382784604824e-17
orig_PRECL,53,1.098737468172741e-08,2.499984707687205e-16,4.8185480551999724e-17
orig_PRECL,54,1.2576016092523265e-08,3.1464746104881233e-16,5.966966386321313e-17
orig_PRECL,55,1.1733546270607663e-08,2.448680155930479e-16,4.125742711691695e-17
orig_PRECL,56,1.2143170004734336e-08,2.4192885551450275e-16,3.605457941419921e-17
orig_PRECL,57,1.251652044162151e-08,2.4480202854830664e-16,3.7399869710202264e-17
orig_PRECL,58,1.2730827061625233e-08,2.5633805571296696e-16,4.030803962913429e-17
orig_PRECL,59,1.2027255969683961e-08,2.1068388386653864e-16,3.051866555002719e-17
orig_PS,0,98518.40375777826,43589952.07191355,2102710.6407922357
orig_PS,1,98521.96418118449,43566797.00622158,2108982.6816295986
orig_PS,2,98524.59551873845,42908192.000455074,2070159.4152865498
orig_PS,3,98527.52940785381,43743819.19600835,2037212.1831764255
orig_PS,4,98530.74779581065,42556835.18165018,2013459.9649906796
orig_PS,5,98540.7410637684,43549714.69741632,1990082.191114132
orig_PS,6,98552.22138532264,44000802.671380326,1982173.5337363149
orig_PS,7,98552.49402685938,43994651.367504805,1981455.8667783737
orig_PS,8,98538.87225200582,44690666.01913629,2003454.5725585292
orig_PS,9,98528.11037285633,44031325.53963519,2042525.32517064
orig_PS,10,98520.31013942925,43413798.417431585,2066127.2296517184
orig_PS,11,98517.73374590198,42903017.34936416,2085058.321947565
orig_PS,12,98518.90738595018,42768525.67584944,2096356.7092624602
orig_PS,13,98523.25226267466,43050428.34525446,2089295.6169638191
orig_PS,14,98524.6145195808,43758544.51790417,2074608.7824413795
orig_PS,15,98527.18732366941,43239683.7949865,2038873.0095069828
orig_PS,16,98533.1233769036,43454523.00922625,2014262.3603209597
orig_PS,17,98541.90596789238,43890032.99652065,1994156.4125090654
orig_PS,18,98550.9343102224,43709218.2899658,1981162.6491738863
orig_PS,19,98551.6410786693,45548970.20922966,1987816.9207939997
orig_PS,20,98539.15082243588,44135291.23263977,2001615.2784392855
orig_PS,21,98527.69009638662,43946344.94676209,2043955.702857061
orig_PS,22,98519.42832586211,42909359.429446824,2068816.7654622972
orig_PS,23,98518.05167186366,43424256.759518124,2092117.8203916037
orig_PS,24,98519.54439430904,43169670.65883812,2105367.4516646406
orig_PS,25,98522.04180875968,42858566.317985505,2101214.03080527
orig_PS,26,98523.03168031196,43640675.62183295,2089252.6632836927
orig_PS,27,98524.66450393626,43942376.57559761,2043451.9666457959
orig_PS,28,98530.75817306887,43306523.7232367,2017683.8537100712
orig_PS,29,98543.17671964728,42539599.05341156,1993689.501966328
orig_PS,30,98550.89499011767,43061711.71527973,1982642.0256784535
orig_PS,31,98550.58206234114,44494867.27702806,1987231.3923074647
orig_PS,32,98538.24394647173,44452495.38120456,2013134.953124451
orig_PS,33,98526.0473733049,43272567.24439693,2045983.2271401458
orig_PS,34,98517.46829108027,42528429.66987141,2071014.543941053
orig_PS,35,98514.79720895302,43131050.517378666,2090109.0782443825
orig_PS,36,98518.0979168115,43007552.003318265,2116278.6031371537
orig_PS,37,98520.62230053231,42832661.217342325,2102194.2849704013
orig_PS,38,98522.69921865096,43573335.82630144,2072539.7122282288
orig_PS,39,98526.01826727166,43687422.06041703,2040311.6590084406
orig_PS,40,98529.13570098497,43318998.26852597,2011359.1202291558
orig_PS,41,98540.80070748732,44088868.80249672,1995527.4320545192
orig_PS,42,98551.80288299435,43671937.30480812,1971889.3439531866
orig_PS,43,98550.03127921997,43639188.688984744,1987573.4193404277
orig_PS,44,98536.92029126988,44146741.330089144,2007312.8483319231
orig_PS,45,98526.49025788474,43998087.523226395,2039557.1237803067
orig_PS,46,98518.80755727057,42997113.36390355,2070346.911744819
orig_PS,47,98517.01701458536,42984552.043654345,2086010.508608427
orig_PS,48,98519.06706652702,43291120.40245492,2098055.8717585416
orig_PS,49,98520.10887010008,41901348.057686396,2106111.514680604
orig_PS,50,98522.30863608226,42883297.322396316,2072041.977025819
orig_PS,51,98527.32202979056,43231537.33762906,2042280.1241453332
orig_PS,52,98532.12341153611,43893235.79871537,2011631.9593519245
orig_PS,53,98543.5040758347,43697647.05630233,1992561.9410237323
orig_PS,54,98554.12102897551,44236458.00136051,1970954.1624758998
orig_PS,55,98552.91292534846,44125042.63109379,1984031.777196514
orig_PS,56,98541.95013384083,44016328.11819069,1996287.879394503
orig_PS,57,98528.55988743105,43908580.79660185,2040375.505908318
orig_PS,58,98521.59455542611,43876368.41480294,2068080.0348190237
orig_PS,59,98520.52174215391,43144052.32795137,2108020.914547224
orig_QFLX,0,3.5227184928577964e-05,6.993264645064028e-10,3.142821149610304e-11
orig_QFLX,1,3.440058295038692e-05,6.111633857339982e-10,2.6194219798105558e-11
orig_QFLX,2,3.4574021023819524e-05,5.209971357087647e-10,1.9237634300362293e-11
orig_QFLX,3,3.53507416813243e-05,5.184489528109455e-10,1.7101245212951783e-11
orig_QFLX,4,3.497104774554975e-05,5.097297235097989e-10,2.0875134311684504e-11
orig_QFLX,5,3.6684490518873244e-05,6.081036365224984e-10,2.3675736203678017e-11
orig_QFLX,6,3.6625569732251776e-05,5.910543636505998e-10,2.3966496505352036e-11
orig_QFLX,7,3.489580382622761e-05,5.087023075366999e-10,2.158114677528372e-11
orig_QFLX,8,3.3957189183280946e-05,4.4848160406562443e-10,2.0583032270975105e-11
orig_QFLX,9,3.43396491323294e-05,5.279936114034311e-10,2.6660693516311014e-11
orig_QFLX,10,3.465767077351165e-05,6.167349889740875e-10,3.404257337730683e-11
orig_QFLX,11,3.52812848609985e-05,7.197657351412808e-10,3.708265675930966e-11
orig_QFLX,12,3.533637361613034e-05,7.161511512848506e-10,3.361104753434171e-11
orig_QFLX,13,3.5314829076734675e-05,6.397255241736805e-10,2.5794877429286126e-11
orig_QFLX,14,3.4469972608545526e-05,5.146875884028907e-10,1.9569396973655403e-11
orig_QFLX,15,3.476922571402027e-05,5.054699201132481e-10,1.8895059328419375e-11
orig_QFLX,16,3.584204124687922e-05,5.586817933429842e-10,2.053332250499425e-11
orig_QFLX,17,3.595952645641699e-05,5.743793435063195e-10,2.3400489831959577e-11
orig_QFLX,18,3.660054713688115e-05,5.828026591269076e-10,2.4860604717591584e-11
orig_QFLX,19,3.483613185555762e-05,5.101598942940379e-10,2.099334029211532e-11
orig_QFLX,20,3.422743701117006e-05,4.77303807404761e-10,2.1720769867228525e-11
orig_QFLX,21,3.3635833941254295e-05,5.377764151232779e-10,2.8531361778583772e-11
orig_QFLX,22,3.42467860773173e-05,6.153614796427186e-10,3.085101072040482e-11
orig_QFLX,23,3.495464880370348e-05,6.821231979634646e-10,3.208759728894347e-11
orig_QFLX,24,3.519365478107537e-05,7.693987131332172e-10,3.6793853334850497e-11
orig_QFLX,25,3.519944432238319e-05,6.30448383850101e-10,2.6872821381421663e-11
orig_QFLX,26,3.4499216974975824e-05,5.478031957758655e-10,2.2593273382770715e-11
orig_QFLX,27,3.4202521353622365e-05,5.079144310861892e-10,1.934415674032888e-11
orig_QFLX,28,3.5260040061511154e-05,5.086967352036793e-10,1.98812383419964e-11
orig_QFLX,29,3.66602531419103e-05,6.075259227445275e-10,2.3956387602773533e-11
orig_QFLX,30,3.6332519908111555e-05,5.655401210633681e-10,2.3740122129920383e-11
orig_QFLX,31,3.5092578319329425e-05,5.186123113353447e-10,2.2835599837922533e-11
orig_QFLX,32,3.380746638812975e-05,4.602944779904677e-10,2.2033367605937195e-11
orig_QFLX,33,3.3693357555021694e-05,5.118712619190434e-10,2.5961881295816315e-11
orig_QFLX,34,3.475569176216725e-05,6.122453475884954e-10,3.31780382944935e-11
orig_QFLX,35,3.443278054845283e-05,6.691968207041672e-10,3.3361209054280175e-11
orig_QFLX,36,3.542080490975287e-05,7.210079118785811e-10,3.28062993259163e-11
orig_QFLX,37,3.4323948129486275e-05,6.234529272068976e-10,2.633435871539229e-11
orig_QFLX,38,3.52967577241554e-05,5.69232156082468e-10,2.080690522450414e-11
orig_QFLX,39,3.415370188956021e-05,4.77340531544049e-10,1.7272280468639538e-11
orig_QFLX,40,3.503445513481323e-05,5.070487922981362e-10,1.971098210000966e-11
orig_QFLX,41,3.672011374455307e-05,6.152276343374727e-10,2.336834291315739e-11
orig_QFLX,42,3.619259376398544e-05,5.636762897071405e-10,2.3330068704946268e-11
orig_QFLX,43,3.48327496935245e-05,5.100382071497088e-10,2.1739115885898937e-11
orig_QFLX,44,3.3330636824890016e-05,4.3824223569510805e-10,1.9598159403829225e-11
orig_QFLX,45,3.392939944460715e-05,5.16696723928323e-10,2.6887255254110158e-11
orig_QFLX,46,3.465666923309251e-05,6.06319276327145e-10,3.257187687249418e-11
orig_QFLX,47,3.478567472302185e-05,6.934109055162391e-10,3.304534014609384e-11
orig_QFLX,48,3.5453093875340363e-05,7.15166114109717e-10,3.239364142856319e-11
orig_QFLX,49,3.49387454142629e-05,6.418138294273321e-10,2.8719577894760513e-11
orig_QFLX,50,3.408484702234511e-05,5.018824075518202e-10,1.894642257468631e-11
orig_QFLX,51,3.45342967940389e-05,4.5739888367347376e-10,1.6307167915029458e-11
orig_QFLX,52,3.5879742713291374e-05,5.445441226836557e-10,1.9271175963829135e-11
orig_QFLX,53,3.6117493511220395e-05,5.593989894764606e-10,2.324367366583212e-11
orig_QFLX,54,3.6855752212785345e-05,5.993440646198958e-10,2.4817802890514713e-11
orig_QFLX,55,3.485394199571544e-05,4.940023856369732e-10,2.0587262440932845e-11
orig_QFLX,56,3.463004753180647e-05,5.006622875849574e-10,2.251866974167436e-11
orig_QFLX,57,3.395708240108571e-05,5.23497459387437e-10,2.837776954355404e-11
orig_QFLX,58,3.493878131622381e-05,6.277509246398521e-10,2.7878738412559833e-11
orig_QFLX,59,3.5192477459218054e-05,6.865115088946246e-10,3.275987433433995e-11
orig_SHFLX,0,16.5319078354917,712.3342774532405,92.46445428806672
orig_SHFLX,1,17.558753937587603,648.0322215611402,87.11186985635938
orig_SHFLX,2,18.152600136513342,446.7163063208589,78.97689539171338
orig_SHFLX,3,19.12002036093906,421.5344129187059,79.63958311640843
orig_SHFLX,4,19.834070207359673,528.3532854287845,90.11275077603878
orig_SHFLX,5,20.338015539760075,558.2952768807412,104.14086286371342
orig_SHFLX,6,19.92601309201046,535.9385020924026,95.91448306020452
orig_SHFLX,7,19.066763591696656,499.09160888174654,82.71449569087154
orig_SHFLX,8,18.728127285414942,427.2487561027108,64.21159222031554
orig_SHFLX,9,17.501921254722983,412.4051667530245,66.31601460200406
orig_SHFLX,10,16.56851384478386,485.1557539347539,84.69124114771593
orig_SHFLX,11,16.151805963128023,600.6220457837088,81.73246520381193
orig_SHFLX,12,16.280702880684338,681.5993875190771,92.42722742497243
orig_SHFLX,13,17.2553315417825,563.725282434591,80.06621926656202
orig_SHFLX,14,18.371482877726514,462.68882702524024,89.8151088904962
orig_SHFLX,15,19.097861279258826,435.3263815318877,86.33326655944533
orig_SHFLX,16,20.02731979085218,508.26232628167224,93.55430167999133
orig_SHFLX,17,20.192058646679,554.0443702941556,103.92778641143181
orig_SHFLX,18,20.070920601663932,551.957960936966,104.76472993157394
orig_SHFLX,19,19.136764322946547,471.3459253081578,80.68895508222786
orig_SHFLX,20,18.4844837601124,426.2247144525573,63.940840764480825
orig_SHFLX,21,17.94181427463686,479.5999961368798,69.74858961408228
orig_SHFLX,22,16.888403931159843,521.6696483644984,87.12084011066955
orig_SHFLX,23,16.14021861554295,588.5237394586946,81.72105963342209
orig_SHFLX,24,16.39909784001147,744.7194794216268,91.40550505213812
orig_SHFLX,25,17.8207605695077,629.0125939372089,95.65460734441055
orig_SHFLX,26,18.837759347312247,559.6564931930521,101.96871211443293
orig_SHFLX,27,19.558245292660903,481.30051907782865,88.32488639463135
orig_SHFLX,28,20.315395013144045,529.3711005059753,99.70142481768121
orig_SHFLX,29,20.206023477345568,575.2705514714391,102.44959834860425
orig_SHFLX,30,20.007504223390526,533.5254735122878,96.60642106466636
orig_SHFLX,31,19.04359312374344,474.96999201288014,79.14612720646149
orig_SHFLX,32,18.800631882142305,441.47657680820384,68.98517074671722
orig_SHFLX,33,17.774807157510214,440.5419649082425,71.24694188204828
orig_SHFLX,34,16.300235148413723,421.12436184300225,77.7166311536453
orig_SHFLX,35,16.343091805236863,615.6311211663557,88.54452583582196
orig_SHFLX,36,16.563083316195325,683.2823765225133,89.11394114413035
orig_SHFLX,37,18.000873428110957,663.8767889394592,88.32851245735391
orig_SHFLX,38,18.584624398581163,498.10789669953476,93.29688321824347
orig_SHFLX,39,19.077218358919442,453.029969502648,88.22289965561123
orig_SHFLX,40,20.21722779876497,503.8074929093552,91.64759650846746
orig_SHFLX,41,20.31673041704032,567.3753302605921,101.09211006490861
orig_SHFLX,42,19.789981026077108,550.3130395090715,95.20869023369407
orig_SHFLX,43,19.347199940080408,498.44691775954993,83.43770663620609
orig_SHFLX,44,18.619288087528073,414.7236622112291,61.62233312913794
orig_SHFLX,45,17.623225839578332,430.67730682749624,69.0594037300467
orig_SHFLX,46,16.544810085108846,459.37141463027217,79.47988680445673
orig_SHFLX,47,16.041415375998888,552.2019573026752,77.33945646065776
orig_SHFLX,48,16.702168797578082,763.0873910414953,86.9154692959054
orig_SHFLX,49,17.951608804379706,743.1777398931218,93.49785330083435
orig_SHFLX,50,18.416068546093054,519.7744319882652,89.75022452797663
orig_SHFLX,51,19.146155408780004,446.4581866025397,92.28628929376632
orig_SHFLX,52,20.199421109105096,530.670307934273,96.50895719205992
orig_SHFLX,53,20.22784861032685,550.7472000045534,105.93123359996171
orig_SHFLX,54,19.8961027196968,554.2844983115917,98.30313064001376
orig_SHFLX,55,19.113811611963857,470.05441618987714,78.19730755210612
orig_SHFLX,56,18.992376877453054,455.91116248977863,68.2986055217527
orig_SHFLX,57,17.73053750685392,440.269681164603,71.24937127259226
orig_SHFLX,58,16.550971083475098,501.5528490430272,84.08707672773896
orig_SHFLX,59,16.284239274682857,617.9676272665448,84.24188703731245
orig_TMQ,0,23.43273629582865,245.63207943290743,1.9425553434718836
orig_TMQ,1,23.797032348940885,247.5945583564256,1.7638732459287532
orig_TMQ,2,24.065193844576815,244.2563531675273,1.7202818526014017
orig_TMQ,3,24.362973800745824,228.3889308788495,1.7423552786583376
orig_TMQ,4,24.692076863134172,213.3548404908873,1.9003938964464133
orig_TMQ,5,25.708551885068303,223.96076770427877,2.0595449279311153
orig_TMQ,6,26.879123222319702,236.7544194132293,2.2514796682569655
orig_TMQ,7,26.908827692081044,258.39415787237334,2.35204187866772
orig_TMQ,8,25.520906512741483,237.1484282894144,2.220835659299931
orig_TMQ,9,24.423362679693316,229.91605191993227,1.9954361022485088
orig_TMQ,10,23.627422565302524,235.95366228760395,1.9170259066155155
orig_TMQ,11,23.363998123505713,237.82195364088383,1.9041017043868684
orig_TMQ,12,23.483771137723508,250.42763260681605,1.926363504975259
orig_TMQ,13,23.927009938332848,253.09283897820552,1.80684140693776
orig_TMQ,14,24.067058627361998,243.5899624747489,1.803843452187851
orig_TMQ,15,24.32949094841972,239.5626703625662,1.928267771460142
orig_TMQ,16,24.932790443157057,224.5722046370994,1.9989950614674752
orig_TMQ,17,25.828184654687526,223.35883803086415,2.2435259737627096
orig_TMQ,18,26.748085367300245,239.5385984161287,2.3508245346727517
orig_TMQ,19,26.822094096240622,245.94619314806263,2.421911080623035
orig_TMQ,20,25.548929347756424,240.80617624856075,2.282319835524967
orig_TMQ,21,24.381387890861717,237.52715387008624,2.0018155603149657
orig_TMQ,22,23.538371829362422,231.15050931813758,2.0257005564313255
orig_TMQ,23,23.397022578020437,239.36666582605494,1.8581016217720265
orig_TMQ,24,23.548880982900666,249.57466737788693,1.9052572354478199
orig_TMQ,25,23.803821450022276,255.14265644203837,1.7782945640536372
orig_TMQ,26,23.905461819042564,251.80472087511436,1.815561249367078
orig_TMQ,27,24.073046926141053,233.41313200028088,1.7768544716491186
orig_TMQ,28,24.69290240125899,217.67014437021973,1.8712875330225534
orig_TMQ,29,25.95712494685715,222.14380882397694,2.183631670028456
orig_TMQ,30,26.74391769852128,231.61241749224328,2.2660275635873246
orig_TMQ,31,26.713583173454538,252.20831049599428,2.4905868038649417
orig_TMQ,32,25.45736398868623,239.15713728004116,2.361809923884062
orig_TMQ,33,24.21374738176067,225.86035659842386,2.0484729205666596
orig_TMQ,34,23.33748372243672,227.77728642039307,2.010835761187786
orig_TMQ,35,23.06601288308014,229.178871306719,1.8788852584539144
orig_TMQ,36,23.40121344343945,240.40688736637662,1.7158745695759552
orig_TMQ,37,23.66024317524357,247.77374514123866,1.8692048532488388
orig_TMQ,38,23.870616858514612,239.96551342967643,1.7068468651023585
orig_TMQ,39,24.211043293238262,225.31367518980997,1.7990148193863704
orig_TMQ,40,24.52769200045886,205.2072896889575,1.7241092261676245
orig_TMQ,41,25.714595644160312,218.84097124171512,2.055749671486463
orig_TMQ,42,26.83712112207453,236.46434566681208,2.3795390137333534
orig_TMQ,43,26.657575405824712,242.81585681158006,2.28566561742314
orig_TMQ,44,25.323349776003138,230.46899297180565,2.187624542861139
orig_TMQ,45,24.258763947947383,227.48103617973058,2.0201640071793463
orig_TMQ,46,23.474056058433703,227.05113265697304,1.9751800761788538
orig_TMQ,47,23.292108336700622,235.23981744129068,1.8624866564195004
orig_TMQ,48,23.499544442568602,252.30164730216183,1.8839382182152333
orig_TMQ,49,23.60701611854267,240.8400948937377,1.7432650735326327
orig_TMQ,50,23.832848546899534,226.4137730111973,1.6804316428844432
orig_TMQ,51,24.343453103240993,222.6468986453287,1.733855968116149
orig_TMQ,52,24.830946613012788,216.87715272362584,1.8003739602346227
orig_TMQ,53,25.991406109710645,223.71566566679093,1.9218646101118182
orig_TMQ,54,27.072171253731177,246.36897134394573,2.2986284001230928
orig_TMQ,55,26.95151658337065,242.9254487968457,2.354208805201265
orig_TMQ,56,25.833803461748698,256.58076528074633,2.2665653988959167
orig_TMQ,57,24.469627576884825,227.34547603873713,1.9377837646802263
orig_TMQ,58,23.75801046078173,226.04714021155183,1.9660408288587172
orig_TMQ,59,23.64857686948913,242.3913011084483,1.8765055536296993
orig_TS,0,285.5363563137933,318.3268761480209,3.2822916947091567
orig_TS,1,286.0866487600528,313.13015001933417,3.2645661625908384
orig_TS,2,286.8611080610154,306.5902867390836,3.035683665224352
orig_TS,3,287.69875456006525,280.53544564677185,2.774899101761223
orig_TS,4,288.7335262530321,242.7440659166286,2.639924715077581
orig_TS,5,289.39749178494435,243.29801751427826,2.7351769485274158
orig_TS,6,289.7013100540203,246.32932706198523,2.599139951188007
orig_TS,7,289.42312765435975,256.53835402332726,2.39610856830631
orig_TS,8,288.76779039125114,249.5679847878597,2.1593871257322483
orig_TS,9,287.6808230198545,256.8083476689932,2.6123705600505214
orig_TS,10,286.57643577630705,271.9716720608947,3.2825500727840704
orig_TS,11,286.09582409649084,279.9428815953746,3.2809837106960593
orig_TS,12,285.67150381987113,312.65073417941744,3.3409962233490478
orig_TS,13,286.08383303121366,315.71301601130614,3.2639329234380234
orig_TS,14,286.6989594742679,315.8512784145581,3.214854865435917
orig_TS,15,287.78878925018904,274.16977144530443,2.799295381317278
orig_TS,16,288.7214099453426,248.20224647430055,2.690146656037051
orig_TS,17,289.3424217073616,251.96266739175027,2.794852551476262
orig_TS,18,289.68870776242846,248.562320042952,2.6890616280817543
orig_TS,19,289.3385813762656,261.8927615297356,2.3322688420900084
orig_TS,20,288.6750368406719,250.54199217607302,2.2395546513588305
orig_TS,21,287.4463403160331,269.4037271416223,2.7057669727119666
orig_TS,22,286.6470718891071,270.29741046449203,3.1676995925587033
orig_TS,23,285.7017682091889,304.5915086260929,3.20849380328942
orig_TS,24,285.44874433497375,324.36302576967427,3.362185137542877
orig_TS,25,285.86886748916567,330.4707108885073,3.483817574741553
orig_TS,26,286.637476129843,312.58929942644414,3.2873709142830085
orig_TS,27,287.809905285218,271.3958689310884,2.8925083366845232
orig_TS,28,288.72681025667794,253.44614968995106,2.7727316259553687
orig_TS,29,289.47718854549225,234.24359662304852,2.6715758629602306
orig_TS,30,289.7550604738771,239.39757329273021,2.637127699873699
orig_TS,31,289.4553162928275,250.43483537636192,2.3488900114394244
orig_TS,32,288.6685898127399,254.8531426938341,2.3098716222462388
orig_TS,33,287.6595947571928,252.62651351259547,2.791402993494826
orig_TS,34,286.68188110779664,257.9288606154661,3.2865682960928937
orig_TS,35,285.7920389051325,292.71025561721996,3.6379978444479963
orig_TS,36,285.33135174143854,329.3415969826682,3.3863076500747353
orig_TS,37,285.82265551572584,331.2632925109752,3.3491408070034985
orig_TS,38,286.78737549196813,309.4988157779052,3.2695528485435736
orig_TS,39,287.82069506028137,279.41174436730154,2.8871189782064963
orig_TS,40,288.7069715317078,244.70462783393833,2.6146955401388565
orig_TS,41,289.31249370887383,248.93976794772107,2.7228721009877614
orig_TS,42,289.7082422974743,242.39856642245832,2.5990334932679207
orig_TS,43,289.4820829213542,249.85061491561584,2.341857276400142
orig_TS,44,288.7591988973534,248.24201940973137,2.1234834876658573
orig_TS,45,287.5891212858592,257.85656458554996,2.629390273217271
orig_TS,46,286.474031710575,270.6799555839211,3.053897979808786
orig_TS,47,285.73112682837416,300.07972141261274,3.225621073220997
orig_TS,48,285.5247264417958,324.7936918127876,3.3054420034089587
orig_TS,49,286.06499477517707,314.116102268816,3.316675431520007
orig_TS,50,287.0007919947302,291.8629741850719,3.1250175250301795
orig_TS,51,287.8209750440767,280.86522934610764,2.9389982551234426
orig_TS,52,288.7577902379222,251.23232560122366,2.671483488274619
orig_TS,53,289.53296067676456,250.9948833150382,2.8342486439979813
orig_TS,54,289.7891176313135,250.70272450648264,2.6130822412543377
orig_TS,55,289.4987153615656,255.86065692335507,2.320061117513259
orig_TS,56,288.8951868180007,250.3757647803562,2.2288556440495766
orig_TS,57,287.74910644801554,255.18640421454293,2.647878578239892
orig_TS,58,286.8185961643752,266.47064550997123,3.1514904266759265
orig_TS,59,285.90727115673343,299.33451096660355,3.185452828447855
