zfp_p_8_PRECC,0,0.9674537080554015,1.0536307416548812e-31,68.07364004629629,6.461287217005563e+24,0.9993308128863883
zfp_p_8_PRECC,1,0.9690453907806029,1.1325076453756877e-31,67.48770254629629,4.972024368538385e+25,0.9992616357660843
zfp_p_8_PRECC,2,0.9170055607142319,1.2018583497109705e-30,71.52054398148148,7.120190815148906e+21,0.9992875597238287
zfp_p_8_PRECC,3,0.9728797341426604,2.084993177074153e-17,70.97258391203704,2.0266198097854467e+20,0.9992429944992594
zfp_p_8_PRECC,4,0.9755923561273846,1.199440980329934e-23,71.70138888888889,5.696152652119125e+22,0.9992059447104625
zfp_p_8_PRECC,5,0.9735792013371553,2.450056487124076e-50,71.75564236111111,1.3933011192274946e+20,0.9992338989435176
zfp_p_8_PRECC,6,0.972182327826572,1.4355984560416581e-37,72.71592881944444,1.4440776045994352e+25,0.9992555422888698
zfp_p_8_PRECC,7,0.972341416032223,3.156845453309994e-33,73.61472800925925,1.3402712122633235e+22,0.9993091484374242
zfp_p_8_PRECC,8,0.9706888267941892,2.2783656156472236e-14,75.59859664351852,1.5807634516326484e+22,0.9992705757832953
zfp_p_8_PRECC,9,0.9693421352470366,9.538975767623084e-20,74.04152199074075,6.980579624163743e+19,0.9992577955386361
zfp_p_8_PRECC,10,0.9689523402001741,1.3568052266035198e-20,72.37232349537037,3.7999121433477127e+20,0.9992624600852023
zfp_p_8_PRECC,11,0.9709330688353454,1.4355984560416581e-37,70.8351417824074,3.4030323748873444e+20,0.9992773616453403
zfp_p_8_PRECC,12,0.9287231528893323,2.374009996635088e-27,70.46440972222221,3.971917804709173e+25,0.9992544254108265
zfp_p_8_PRECC,13,0.9750168237894193,1.7116912237977652e-25,69.14243344907408,6.05283796401311e+21,0.9992783331936981
zfp_p_8_PRECC,14,0.9652942362452811,5.4002338394100645e-17,71.18778935185185,2.7196444371569407e+25,0.9992330565035394
set,time,ssim_fp,ks_p_value,spatial_rel_error,max_spatial_rel_error,pearson_correlation_coefficient
zfp_p_8_PRECC,15,0.9590404551458163,2.1036641424368207e-19,73.34346064814815,1.0932809446908508e+26,0.999293299314135
zfp_p_8_PRECC,16,0.9734741358540027,7.759336716937761e-43,73.15357349537037,9.702705674016999e+26,0.9992399126930639
zfp_p_8_PRECC,17,0.9686779510681764,5.610313340313778e-73,73.71238425925925,3.8505776385923487e+21,0.9992645244982337
zfp_p_8_PRECC,18,0.9640520092837408,2.1267887788383412e-37,72.16977719907408,5.026017045987463e+21,0.9992398777457729
zfp_p_8_PRECC,19,0.9663512346934175,1.296557272782706e-21,74.41225405092592,3.268334537299232e+27,0.9992708234181237
zfp_p_8_PRECC,20,0.9529630840308045,5.278906957067297e-15,75.11935763888889,3.03992971467817e+20,0.9992920234683086
zfp_p_8_PRECC,21,0.9644710779441577,2.9686422227222882e-21,73.18431712962963,1.7354721995482246e+25,0.999294105854397
zfp_p_8_PRECC,22,0.9726683435008268,6.476685477487038e-29,72.24392361111111,8.646911188417906e+21,0.9992826517026963
zfp_p_8_PRECC,23,0.9609191298095342,1.5627486708243699e-38,70.01410590277779,1.8847563922452985e+21,0.9993289415675468
zfp_p_8_PRECC,24,0.96431009785027,8.529863759419402e-29,67.31589988425925,8.69887622249914e+20,0.9992707612704916
zfp_p_8_PRECC,25,0.977354994816397,3.8386956987574555e-28,68.81510416666666,2.2541812056521403e+25,0.9992552815318945
zfp_p_8_PRECC,26,0.9530185594290619,1.358265763620447e-23,68.79521122685185,1.669632354450419e+23,0.9993110788469919
zfp_p_8_PRECC,27,0.9723478426803707,3.2454751893619866e-29,72.38317418981481,1.1399736430043138e+20,0.9992731802422936
zfp_p_8_PRECC,28,0.9699309113146181,4.092830214330357e-26,71.89489293981481,8.428043618369793e+25,0.9992587501915645
zfp_p_8_PRECC,29,0.9659167972952405,3.206246751860853e-48,72.79730902777779,3.411876756022635e+26,0.9992390055205448
zfp_p_8_PRECC,30,0.9762701192382697,1.2878166836824768e-28,72.13903356481481,3.9265758171777053e+20,0.9992541748397127
zfp_p_8_PRECC,31,0.9702142530183945,1.2803568087088423e-20,74.01620370370371,6.282521307484329e+20,0.999298489294534
zfp_p_8_PRECC,32,0.9654407875297797,9.349534873763695e-18,75.49913194444444,1.297036678262686e+22,0.9992282555104279
zfp_p_8_PRECC,33,0.965774560816341,5.691473975199379e-17,73.74674479166666,2.637352613317972e+27,0.9992695119723785
zfp_p_8_PRECC,34,0.9679220097754473,4.750836737312258e-32,72.08297164351852,3.242591695656715e+21,0.9993045801495176
zfp_p_8_PRECC,35,0.9561681067062536,1.325914410920583e-41,69.384765625,7.148113266428591e+22,0.9992965850696799
zfp_p_8_PRECC,36,0.9728951290101023,5.145099465919085e-38,67.76620370370371,3.666531064778383e+26,0.9993160911386877
zfp_p_8_PRECC,37,0.9680014015430592,1.7129973959402372e-32,67.63599537037037,3.101703523137115e+25,0.9992428659064596
zfp_p_8_PRECC,38,0.9679984870729998,3.730411715572414e-18,71.55671296296296,3.3033268417718196e+26,0.9992541904809407
zfp_p_8_PRECC,39,0.9747297289495217,6.338221416897181e-22,72.37955729166666,3.647915657613804e+21,0.9991995255658538
zfp_p_8_PRECC,40,0.9752295887984342,2.6887322924216117e-25,71.72489872685185,9.423781961226492e+20,0.9991965358851784
zfp_p_8_PRECC,41,0.9574018367621078,3.224371749634021e-42,72.27285879629629,7.599824286695426e+19,0.9993074592836757
zfp_p_8_PRECC,42,0.961544842087463,2.0172851839649666e-44,72.06127025462963,2.290502560020328e+19,0.999253166148697
zfp_p_8_PRECC,43,0.9737939583296006,1.6316322088388486e-26,72.91304976851852,2.680542424526647e+22,0.9993246740706836
zfp_p_8_PRECC,44,0.9549622763997633,1.9414525770529016e-27,75.34360532407408,3.293257190901351e+20,0.9992731898946737
zfp_p_10_PRECC,0,0.9926720540673685,1.1692401725462452e-22,64.07515914351852,1.9830900891583404e+25,0.9999511040095093
zfp_p_10_PRECC,1,0.9927135630479127,4.215983992139124e-25,63.42050057870371,1.3730228655869157e+23,0.9999456714506103
zfp_p_10_PRECC,2,0.9919390297140276,1.4453202830009224e-23,67.07175925925925,4.581005120040656e+19,0.9999466253577018
zfp_p_10_PRECC,3,0.9941076777992235,1.2138343752045053e-14,66.83485243055556,2.9132659765665795e+20,0.9999450970456106
zfp_p_10_PRECC,4,0.9942429742227137,1.0584138452840537e-18,67.49312789351852,2.6177172114518036e+20,0.9999423148912566
zfp_p_10_PRECC,5,0.9930982564408385,2.966071543520562e-42,67.68301504629629,3.4832527980687364e+19,0.9999432973155326
zfp_p_10_PRECC,6,0.994030779661358,1.4769490182693657e-28,68.34309895833334,2.8881552091988705e+24,0.9999458761987539
zfp_p_10_PRECC,7,0.9829845393108394,8.252466949845358e-24,69.45529513888889,1.2565042614968658e+21,0.9999463103411627
zfp_p_10_PRECC,8,0.9918617550997982,5.462739819866967e-12,71.1082175925926,5.0665495244636167e+20,0.9999488155358591
zfp_p_10_PRECC,9,0.9923713917993341,1.705058930364882e-14,69.6144386574074,8.507580937218361e+19,0.9999451223084606
zfp_p_10_PRECC,10,0.9913264599890302,1.8861045927262123e-16,68.24363425925925,2.8372677336996254e+22,0.9999467070595349
zfp_p_10_PRECC,11,0.9925397966831463,2.374009996635088e-27,66.85836226851852,1.3088586057259018e+19,0.99994639122936
zfp_p_10_PRECC,12,0.9947779471379105,1.5873061026815488e-19,66.53464988425925,4.964897255886466e+24,0.9999457095966107
zfp_p_10_PRECC,13,0.9940926008011165,5.149262270044285e-19,64.95949074074075,2.1870605924656746e+20,0.9999471561780918
zfp_p_10_PRECC,14,0.9935795898451653,1.2027768034997069e-12,66.67028356481481,3.2721465143147545e+19,0.9999458263568562
zfp_p_12_PRECC,0,0.9953143845452079,6.406320357383058e-20,48.4302662037037,3.4704076560270958e+25,0.9999968896476741
zfp_p_12_PRECC,1,0.9980209541084285,7.143790693839106e-22,48.251229745370374,2.364389829692621e+20,0.9999966024150797
zfp_p_12_PRECC,2,0.9979887694885374,7.179352925361549e-20,50.65285011574075,7.371491667448279e+22,0.9999966732573157
zfp_p_12_PRECC,3,0.9985669401511003,5.462739819866967e-12,50.227864583333336,6.8060199226670885e+25,0.9999965896150749
zfp_p_12_PRECC,4,0.9985095671657674,4.611918953186987e-17,51.07602719907407,2.5130085229937316e+21,0.9999963250582311
zfp_p_12_PRECC,5,0.9985120579600318,8.688706623737934e-37,50.79210069444444,9.895604539968002e+18,0.9999964533303328
zfp_p_12_PRECC,6,0.9983227065474586,3.833516182897087e-26,51.501012731481474,2.8881552091988706e+23,0.9999966458805395
zfp_p_12_PRECC,7,0.9984027399346295,2.083290310490479e-21,52.511935763888886,3.2459693422002365e+21,0.999996640497293
zfp_p_12_PRECC,8,0.9981095100804268,6.835466906505877e-11,54.16847511574075,6.333186905579521e+20,0.9999966314171965
zfp_p_12_PRECC,9,0.9982370603269174,5.307450091140669e-13,52.902560763888886,2.983427733916074e+18,0.9999966341703442
zfp_p_12_PRECC,10,0.9975282147380944,4.030149215921245e-13,51.76142939814815,9.895604539968002e+18,0.9999966687287484
zfp_p_12_PRECC,11,0.9981962331081925,4.394432545180493e-23,51.455801504629626,7.157820500063526e+18,0.9999965843988059
zfp_p_12_PRECC,12,0.9981646759146031,1.9860978040405397e-16,51.038049768518526,1.7529357597559677e+18,0.9999965181816376
zfp_p_12_PRECC,13,0.9984055772684739,3.2188947656701914e-15,49.48640046296296,8.866461861347329e+18,0.9999967757109111
zfp_p_12_PRECC,14,0.9977456742489754,4.1449731502793854e-10,50.160951967592595,9.348777752726984e+24,0.9999965220733272
zfp_p_10_PRECC,15,0.9939413738580388,4.675817821941964e-14,69.05201099537037,6.409210688854652e+25,0.9999481490971346
zfp_p_10_PRECC,16,0.9935147579592165,1.2034191387171239e-33,68.74095775462963,2.221093494007643e+19,0.9999441067168804
zfp_p_10_PRECC,17,0.9919395347974872,1.9724270678143612e-60,69.55837673611111,2.153283547897037e+20,0.9999447255138839
zfp_p_10_PRECC,18,0.9935287200032185,6.458588355324179e-27,67.93619791666666,2.4082998345356594e+21,0.9999442513308513
zfp_p_10_PRECC,19,0.9925861539262422,1.1229294748715247e-16,70.00325520833334,4.288867879242635e+23,0.999944009860084
zfp_p_10_PRECC,20,0.9925933980315859,4.888552286558725e-11,70.82429108796296,1.5832967263948802e+19,0.9999491852008451
zfp_p_10_PRECC,21,0.992654754915165,3.554675738058454e-15,69.02307581018519,3.8566048878849436e+24,0.9999483485829981
zfp_p_10_PRECC,22,0.9934300501084009,4.2948207259883267e-20,68.13512731481481,2.786602238454989e+20,0.9999452068172009
zfp_p_10_PRECC,23,0.9853084030964414,2.0790686554998685e-28,66.01200810185185,6.020749586339149e+20,0.9999485530936534
zfp_p_10_PRECC,24,0.9936049511915622,8.522857996044225e-21,63.308376736111114,7.035115005776722e+19,0.9999470647766303
zfp_p_10_PRECC,25,0.994288156308464,8.040312995313349e-21,64.697265625,7.044316267662939e+23,0.9999450993333955
zfp_p_10_PRECC,26,0.9938462063145208,8.485127827611147e-19,64.74609375,3.5339182354599346e+20,0.9999487672738488
zfp_p_10_PRECC,27,0.9938473911113838,2.7987396313468626e-21,68.09534143518519,3.03992971467817e+20,0.9999478136843871
zfp_p_10_PRECC,28,0.9925272120828377,7.599762863607382e-20,67.55280671296296,1.7382839962887696e+26,0.9999453994976983
zfp_p_10_PRECC,29,0.994087047618431,7.615287749398526e-39,68.51309317129629,7.498493296206153e+21,0.9999438133248734
zfp_p_10_PRECC,30,0.9938048186256626,5.622677637433831e-22,67.66854745370371,2.4868313508792133e+20,0.9999450267464693
zfp_p_10_PRECC,31,0.994055742791708,1.0487574859677197e-14,69.58912037037037,1.5706303268710823e+20,0.9999470125585732
zfp_p_10_PRECC,32,0.993260061255186,3.675703263466132e-13,71.05215567129629,6.333186905579521e+20,0.9999422823265977
zfp_p_10_PRECC,33,0.9912783488451128,5.307450091140669e-13,69.42455150462963,1.3906622685837707e+19,0.9999471312892307
zfp_p_10_PRECC,34,0.992475730986331,1.825329218726622e-24,67.91811342592592,1.0639754001373595e+21,0.9999491805796401
zfp_p_10_PRECC,35,0.9938411571131929,1.4839942017627036e-27,65.50564236111111,1.1594557015721033e+24,0.9999472455081972
zfp_p_10_PRECC,36,0.991436088742867,5.678174863180567e-30,63.67910879629629,4.237315328056238e+25,0.9999494242558793
zfp_p_10_PRECC,37,0.9928690586819238,2.5037858897618688e-24,63.699001736111114,1.943536251799916e+25,0.9999446793826597
zfp_p_10_PRECC,38,0.9938185976164366,8.37342372502891e-13,67.38823784722221,2.3398565129217055e+26,0.9999445071263661
zfp_p_10_PRECC,39,0.9939982999293678,1.4354829847099042e-17,68.00853587962963,5.622039046673574e+24,0.9999414241549126
zfp_p_10_PRECC,40,0.9944568750029291,1.834626472191058e-18,67.3972800925926,2.93184327682602e+21,0.9999419070333928
zfp_p_10_PRECC,41,0.9950880706449051,3.924997537004619e-34,68.06278935185185,2.153283547897037e+20,0.999947916905373
zfp_p_10_PRECC,42,0.9935560000038046,4.914034056752275e-34,67.85120081018519,4.711890980613246e+20,0.9999446307645385
zfp_p_10_PRECC,43,0.9911109083134759,6.798446495592543e-19,68.75361689814815,9.792583369268617e+27,0.9999493073762954
zfp_p_10_PRECC,44,0.9931423742776827,1.7104336172564707e-20,70.72120949074075,1.2666373811159042e+20,0.9999457181650917
zfp_p_14_PRECC,0,0.999628581077849,5.149262270044285e-19,15.36277488425926,2.66477730730652e+25,0.9999998054996505
zfp_p_14_PRECC,1,0.9996956308076479,2.7987396313468626e-21,14.491102430555555,3.120506512697536e+21,0.9999997888647537
zfp_p_14_PRECC,2,0.99974932998586,6.781954006291383e-20,14.849175347222221,7.225958815785984e+24,0.9999997916179089
zfp_p_14_PRECC,3,0.9996742966316591,4.3084937018611546e-11,14.599609375,1.4249670537553922e+19,0.9999997857063535
zfp_p_14_PRECC,4,0.9996622930435844,2.161250471295314e-15,15.525535300925927,8.180366285786886e+18,0.9999997777042213
zfp_p_14_PRECC,5,0.9995128672583233,1.2011256986789116e-35,15.440538194444445,1.0937177980877133e+25,0.9999997812407506
zfp_p_14_PRECC,6,0.9995482168805084,2.0715278904337175e-24,15.612340856481483,2.6177172114518036e+20,0.9999997776564999
zfp_p_14_PRECC,7,0.9993949148846417,1.4377662174501813e-20,16.552734375,8.180366285786886e+18,0.9999997898692207
zfp_p_14_PRECC,8,0.9997308426191274,2.169261324859739e-09,16.09519675925926,7.916483631974402e+19,0.9999997948732647
zfp_p_14_PRECC,9,0.9995143072528311,3.0779670061902707e-12,16.279658564814813,6.748802185774181e+18,0.9999997854532505
zfp_p_14_PRECC,10,0.9995990259162316,2.3570962043129564e-12,16.10423900462963,3.4832527980687364e+19,0.9999997833176321
zfp_p_14_PRECC,11,0.9996431682776441,6.338221416897181e-22,17.10792824074074,3.706728473247183e+17,0.9999997896775524
zfp_p_14_PRECC,12,0.999725660274629,5.024941701413774e-15,16.652199074074073,5.949357573234758e+17,0.9999997840398254
zfp_p_14_PRECC,13,0.999645696727993,3.156507888314531e-16,15.330222800925927,1.4777436435578882e+19,0.9999997926349772
zfp_p_14_PRECC,14,0.9994741666281467,3.002382941662348e-10,14.319299768518517,1.285486223821043e+18,0.9999997857131064
zfp_p_8_PRECC,45,0.9685217718787271,4.356698646982492e-19,74.33268229166666,1.2434156754396067e+20,0.9992644160561586
zfp_p_8_PRECC,46,0.9669996463919872,1.3964532093385215e-33,70.79716435185185,8.093587481737563e+26,0.9992827184778104
zfp_p_8_PRECC,47,0.975005653057921,2.165985650112395e-49,69.69762731481481,2.0849157148092297e+26,0.9993125529746648
zfp_p_8_PRECC,48,0.9734194677460956,2.467912902230445e-32,69.65784143518519,1.82276884867812e+24,0.9993053138132277
zfp_p_8_PRECC,49,0.9696115735870923,4.2871146320747486e-30,69.13881655092592,9.392351757590324e+25,0.999227700648725
zfp_p_8_PRECC,50,0.9732666800166895,6.412575798643263e-18,71.13715277777779,4.0574616777502956e+20,0.9992359783967466
zfp_p_8_PRECC,51,0.9768550969306634,2.171111097779202e-14,71.86595775462963,1.0079047943101226e+26,0.9991976689816855
zfp_p_8_PRECC,52,0.9698230457448858,9.07807784947661e-25,73.06857638888889,9.423781961226492e+20,0.9992406180427378
zfp_p_8_PRECC,53,0.9749051884591011,3.891101050216364e-52,72.83890335648148,1.6212958478283574e+20,0.9992227355989067
zfp_p_8_PRECC,54,0.9744547121206689,1.1728208813923519e-26,72.38498263888889,5.235434422903607e+19,0.9992799648547842
zfp_p_8_PRECC,55,0.9718772632066223,9.07115594243477e-22,72.26924189814815,1.46592163841301e+21,0.9992373472954581
zfp_p_8_PRECC,56,0.9666235251438434,2.4183409865041013e-20,74.53522858796296,2.0266198097854467e+21,0.9993279357585916
zfp_p_8_PRECC,57,0.9710189197903007,5.114618614384796e-31,73.13187210648148,6.282521307484329e+20,0.9992589863881192
zfp_p_8_PRECC,58,0.9691293283843305,3.4775333677995467e-25,73.20240162037037,1.1975480575368883e+20,0.9992586966178251
zfp_p_8_PRECC,59,0.9756594609629707,1.0152076182229567e-36,69.56922743055556,9.222986593497846e+25,0.9992951407945809
zfp_p_8_PRECC,30,0.9762701192382697,1.2878166836824768e-28,72.13903356481481,3.9265758171777053e+20,0.9992541748397127
zfp_p_8_PRECC,31,0.9702142530183945,1.2803568087088423e-20,74.01620370370371,6.282521307484329e+20,0.999298489294534
zfp_p_8_PRECC,32,0.9654407875297797,9.349534873763695e-18,75.49913194444444,1.297036678262686e+22,0.9992282555104279
zfp_p_8_PRECC,33,0.965774560816341,5.691473975199379e-17,73.74674479166666,2.637352613317972e+27,0.9992695119723785
zfp_p_8_PRECC,34,0.9679220097754473,4.750836737312258e-32,72.08297164351852,3.242591695656715e+21,0.9993045801495176
zfp_p_8_PRECC,35,0.9561681067062536,1.325914410920583e-41,69.384765625,7.148113266428591e+22,0.9992965850696799
zfp_p_8_PRECC,36,0.9728951290101023,5.145099465919085e-38,67.76620370370371,3.666531064778383e+26,0.9993160911386877
zfp_p_8_PRECC,37,0.9680014015430592,1.7129973959402372e-32,67.63599537037037,3.101703523137115e+25,0.9992428659064596
zfp_p_8_PRECC,38,0.9679984870729998,3.730411715572414e-18,71.55671296296296,3.3033268417718196e+26,0.9992541904809407
zfp_p_8_PRECC,39,0.9747297289495217,6.338221416897181e-22,72.37955729166666,3.647915657613804e+21,0.9991995255658538
zfp_p_8_PRECC,40,0.9752295887984342,2.6887322924216117e-25,71.72489872685185,9.423781961226492e+20,0.9991965358851784
zfp_p_8_PRECC,41,0.9574018367621078,3.224371749634021e-42,72.27285879629629,7.599824286695426e+19,0.9993074592836757
zfp_p_8_PRECC,42,0.961544842087463,2.0172851839649666e-44,72.06127025462963,2.290502560020328e+19,0.999253166148697
zfp_p_8_PRECC,43,0.9737939583296006,1.6316322088388486e-26,72.91304976851852,2.680542424526647e+22,0.9993246740706836
zfp_p_8_PRECC,44,0.9549622763997633,1.9414525770529016e-27,75.34360532407408,3.293257190901351e+20,0.9992731898946737
zfp_p_8_PRECC,45,0.9685217718787271,4.356698646982492e-19,74.33268229166666,1.2434156754396067e+20,0.9992644160561586
zfp_p_8_PRECC,46,0.9669996463919872,1.3964532093385215e-33,70.79716435185185,8.093587481737563e+26,0.9992827184778104
zfp_p_8_PRECC,47,0.975005653057921,2.165985650112395e-49,69.69762731481481,2.0849157148092297e+26,0.9993125529746648
zfp_p_8_PRECC,48,0.9734194677460956,2.467912902230445e-32,69.65784143518519,1.82276884867812e+24,0.9993053138132277
zfp_p_8_PRECC,49,0.9696115735870923,4.2871146320747486e-30,69.13881655092592,9.392351757590324e+25,0.999227700648725
zfp_p_8_PRECC,50,0.9732666800166895,6.412575798643263e-18,71.13715277777779,4.0574616777502956e+20,0.9992359783967466
zfp_p_8_PRECC,51,0.9768550969306634,2.171111097779202e-14,71.86595775462963,1.0079047943101226e+26,0.9991976689816855
zfp_p_8_PRECC,52,0.9698230457448858,9.07807784947661e-25,73.06857638888889,9.423781961226492e+20,0.9992406180427378
zfp_p_8_PRECC,53,0.9749051884591011,3.891101050216364e-52,72.83890335648148,1.6212958478283574e+20,0.9992227355989067
zfp_p_8_PRECC,54,0.9744547121206689,1.1728208813923519e-26,72.38498263888889,5.235434422903607e+19,0.9992799648547842
zfp_p_8_PRECC,55,0.9718772632066223,9.07115594243477e-22,72.26924189814815,1.46592163841301e+21,0.9992373472954581
zfp_p_8_PRECC,56,0.9666235251438434,2.4183409865041013e-20,74.53522858796296,2.0266198097854467e+21,0.9993279357585916
zfp_p_8_PRECC,57,0.9710189197903007,5.114618614384796e-31,73.13187210648148,6.282521307484329e+20,0.9992589863881192
zfp_p_8_PRECC,58,0.9691293283843305,3.4775333677995467e-25,73.20240162037037,1.1975480575368883e+20,0.9992586966178251
zfp_p_8_PRECC,59,0.9756594609629707,1.0152076182229567e-36,69.56922743055556,9.222986593497846e+25,0.9992951407945809
zfp_p_16_PRECC,0,0.9999714450438018,1.0983378341696569e-17,4.298683449074074,1.0095761276571193e+22,0.9999999877076995
zfp_p_16_PRECC,1,0.999913141044718,2.489872692100349e-19,3.8013599537037033,2.3403798845231517e+21,0.9999999868985353
zfp_p_16_PRECC,2,0.9999418605131181,6.798446495592543e-19,3.611472800925926,4.51622425986624e+23,0.9999999871214332
zfp_p_16_PRECC,3,0.999889686661496,1.484913174709923e-11,3.2335069444444446,4.947802269984001e+18,0.999999986677597
zfp_p_16_PRECC,4,0.9999118992038201,1.3124463195831164e-16,3.432436342592592,3.664804096032525e+20,0.9999999862355532
zfp_p_16_PRECC,5,0.9999212183368157,7.579181416679166e-36,4.231770833333334,1.8228629968128556e+24,0.9999999860581295
zfp_p_16_PRECC,6,0.9999027063093171,4.132440037304184e-23,4.056351273148148,1.431564100012705e+18,0.999999986641665
zfp_p_16_PRECC,7,0.9998762975980069,1.3194746602579845e-18,4.649522569444445,1.4315641000127052e+19,0.99999998674325
zfp_p_16_PRECC,8,0.9998894602304392,4.664972705152962e-09,3.5698784722222223,4.274901161266177e+19,0.9999999873737763
zfp_p_16_PRECC,9,0.9999241972007493,9.939218678392032e-11,3.8501880787037033,4.187962654622013e+23,0.9999999866005951
zfp_p_16_PRECC,10,0.9999153758089145,1.0509608652279795e-11,4.233579282407407,3.0923764187400004e+16,0.999999986619452
zfp_p_16_PRECC,11,0.9999439523350524,1.3568052266035198e-20,4.915364583333334,1.661636901800461e+17,0.9999999868459072
zfp_p_16_PRECC,12,0.999966095056319,3.863144697548977e-14,4.7544126157407405,6.723298367346258e+23,0.9999999864222452
zfp_p_16_PRECC,13,0.9999302603538365,1.789613983815272e-14,3.8519965277777777,1.0159487549460481e+18,0.9999999874791252
zfp_p_16_PRECC,14,0.9999080223897606,8.491204526973625e-10,3.3799913194444446,4.5150347101238275e+23,0.9999999866837542
zfp_p_10_PRECC,45,0.9918048731933302,4.4581226247232325e-14,70.01048900462963,1.4724659314416394e+19,0.9999452578339381
zfp_p_10_PRECC,46,0.993148791990906,4.792609795458524e-25,66.70826099537037,1.6294020394148484e+25,0.999946690079905
zfp_p_10_PRECC,47,0.9934208815160183,9.68162143613085e-38,65.72084780092592,1.5706303268710821e+21,0.999948315822485
zfp_p_10_PRECC,48,0.9937648356311358,4.698178353646856e-24,65.80403645833334,8.376695076645772e+20,0.9999493261797189
zfp_p_10_PRECC,49,0.9943998422555451,2.34467176598062e-21,65.19639756944444,2.2463657025417817e+26,0.9999450752582932
zfp_p_10_PRECC,50,0.9922500444391041,1.261953513937464e-13,66.98133680555556,2.656038267504536e+25,0.9999455891179783
zfp_p_10_PRECC,51,0.9944615896028356,7.430328161798681e-11,67.60344328703704,3.799912143347713e+19,0.9999412416568498
zfp_p_10_PRECC,52,0.9922120169621038,2.6905223274689404e-18,68.62340856481481,4.2537904686091805e+19,0.9999443147447307
zfp_p_10_PRECC,53,0.9942910490788136,6.280383929337217e-42,68.38650173611111,1.0133099048927233e+21,0.9999426360221652
zfp_p_10_PRECC,54,0.993170122406345,5.0987844464708446e-20,68.1984230324074,4.908219771472132e+18,0.9999450204570854
zfp_p_10_PRECC,55,0.9928881133846199,9.60465821850825e-17,68.06459780092592,1.9894650807033707e+21,0.9999420680891582
zfp_p_10_PRECC,56,0.9921756122791087,1.0961495666288113e-13,70.30707465277779,1.1874725447961602e+19,0.9999508253523527
zfp_p_10_PRECC,57,0.9928484315464595,1.8523548662748373e-23,68.7644675925926,1.5793474174739967e+25,0.9999470610680589
zfp_p_10_PRECC,58,0.9909269547975927,4.356698646982492e-19,68.89467592592592,8.86646166781133e+19,0.9999451698258345
zfp_p_10_PRECC,59,0.9937773855024047,2.2678774559986837e-26,65.56532118055556,2.0751719835370154e+26,0.9999463022003566
zfp_p_12_PRECC,15,0.9984718549379707,4.493928037342793e-11,52.267795138888886,1.4121545535590158e+25,0.9999967775069282
zfp_p_12_PRECC,16,0.9983177869860337,1.6239350710710648e-31,52.19545717592593,1.2434156754396067e+20,0.9999965707287868
zfp_p_12_PRECC,17,0.9980942921251268,5.35829246726878e-56,52.65661168981482,1.0133099048927234e+20,0.9999966802737167
zfp_p_12_PRECC,18,0.9982142903901855,4.412320459256728e-24,51.24421296296296,8.900238518936133e+20,0.9999965725666242
zfp_p_12_PRECC,19,0.9982784338001193,1.1488854150553638e-13,53.14850983796296,1.6360732571573774e+20,0.9999965243828804
zfp_p_12_PRECC,20,0.9978496436895311,2.951760475032026e-09,53.47041377314815,1.6624615627146242e+19,0.9999967537325503
zfp_p_12_PRECC,21,0.9984249129508601,3.35194501372864e-13,52.82118055555556,1.28464191653731e+24,0.9999966902786842
zfp_p_12_PRECC,22,0.998441894951809,1.3823768787965824e-16,51.99110243055556,4.749890179184641e+19,0.9999966397309916
zfp_p_12_PRECC,23,0.9982822077564018,8.109614394169759e-23,50.18988715277778,1.7669591177299673e+20,0.999996845436501
zfp_p_12_PRECC,24,0.9981106498582251,6.412575798643263e-18,48.32356770833333,5.638160514582776e+19,0.9999966172068891
zfp_p_12_PRECC,25,0.9985723783834363,4.356698646982492e-19,48.66898148148148,1.513835766756967e+23,0.9999965371404982
zfp_p_12_PRECC,26,0.9984816926647121,7.794131291195527e-17,48.7720630787037,8.348161772252096e+21,0.9999967528450406
zfp_p_12_PRECC,27,0.9986504456898787,4.606478786413535e-19,51.920572916666664,5.145714360783361e+18,0.9999966800318335
zfp_p_12_PRECC,28,0.9983805746550006,6.768206623611409e-18,50.748697916666664,2.5130085229937316e+21,0.9999965598209879
zfp_p_12_PRECC,29,0.9987347769481248,2.5753197642137078e-36,51.806640625,2.098110125659763e+25,0.9999963540311386
zfp_p_12_PRECC,30,0.9985157903012609,8.044499970119927e-20,51.26410590277778,5.235434422903607e+19,0.9999964721994213
zfp_p_12_PRECC,31,0.9981465658633147,3.682752425018713e-14,53.012876157407405,5.430356384010884e+24,0.999996689140012
zfp_p_12_PRECC,32,0.9977495402068858,6.029629023994096e-11,53.99848090277778,4.863887543485072e+20,0.9999965321681028
zfp_p_12_PRECC,33,0.9980950833635284,1.9715381060114184e-12,52.672887731481474,3.605755526020665e+26,0.9999966671440931
zfp_p_12_PRECC,34,0.9980707319775591,1.1511844653879364e-21,51.22432002314815,1.1399736430043138e+20,0.9999967299833834
zfp_p_12_PRECC,35,0.9979641169064181,1.9445712464701934e-24,50.204354745370374,5.217550657074465e+24,0.9999967163627274
zfp_p_12_PRECC,36,0.99870894080009,5.315842904027065e-26,48.51164641203704,1.1457909577432447e+25,0.9999968042917143
zfp_p_12_PRECC,37,0.9982720716392934,2.034148449390344e-20,48.435691550925924,4.361770579411568e+24,0.9999965523652101
zfp_p_12_PRECC,38,0.9983347120779255,3.4880800921967727e-11,50.60944733796296,3.3506780306583087e+21,0.9999965471494383
zfp_p_12_PRECC,39,0.9977565491357453,1.1257228059117973e-15,51.522714120370374,1.1244078093347147e+25,0.9999963172315199
zfp_p_12_PRECC,40,0.9982241756532958,7.141057887959011e-16,50.77763310185185,4.188347538322886e+20,0.999996348449104
zfp_p_12_PRECC,41,0.9987970517625347,8.482734907736702e-32,51.383463541666664,1.5041318900751362e+19,0.9999966330603351
zfp_p_12_PRECC,42,0.9982907095930391,7.845425260114808e-31,51.10496238425925,4.188347538322886e+20,0.9999966654260004
zfp_p_12_PRECC,43,0.9983232803391334,5.755766249928757e-18,52.00918692129629,1.477010607140409e+17,0.9999968182485189
zfp_p_12_PRECC,44,0.998339712630164,4.3904049975574956e-18,53.44690393518518,2.2292817907639913e+21,0.9999965921175414
zfp_p_18_PRECC,0,0.9999944639296662,1.5973233163088267e-17,1.9911024305555556,1.0516417996428325e+22,0.9999999992259613
zfp_p_18_PRECC,1,0.999986276223987,2.3539249954910062e-19,1.813874421296296,7.31368713913485e+20,0.9999999991816123
zfp_p_18_PRECC,2,0.9999140522820805,6.084024965387465e-19,1.5444155092592593,2.4194058534997713e+23,0.9999999991844666
zfp_p_18_PRECC,3,0.9999942798071005,1.6894084559404527e-11,1.392505787037037,4.83382096780333e+23,0.9999999991683632
zfp_p_18_PRECC,4,0.9999851579211161,1.0176890192431575e-15,1.4196325231481481,8.180366285786886e+17,0.9999999991200245
zfp_p_18_PRECC,5,0.9998961915888385,9.802119420295313e-32,1.922381365740741,1.3606456242456002e+17,0.9999999991426219
zfp_p_18_PRECC,6,0.9999792966044759,3.654141141572173e-24,1.8120659722222223,1.963287908588853e+19,0.9999999991524889
zfp_p_18_PRECC,7,0.9999884014801652,3.044228445464233e-20,1.976634837962963,2.1729097946621418e+17,0.9999999991706537
zfp_p_18_PRECC,8,0.999974954619902,1.065073444920046e-08,1.4738859953703705,2.3749450895923205e+18,0.9999999991925236
zfp_p_18_PRECC,9,0.9999290979285195,9.226442069752438e-12,1.537181712962963,1.278182232154201e+17,0.9999999991625703
zfp_p_18_PRECC,10,0.9999985242872629,6.800311473632779e-12,1.8337673611111112,6.649846250858497e+19,0.9999999991649446
zfp_p_18_PRECC,11,0.9999530253128038,4.7506673786184076e-21,2.1448206018518516,1.5338186785850413e+17,0.9999999991868269
zfp_p_18_PRECC,12,0.9999954682784432,2.2783656156472236e-14,2.0417390046296298,1.7974437639668452e+16,0.9999999991653379
zfp_p_18_PRECC,13,0.9999660517934624,5.931296653778687e-14,1.6493055555555556,2.4013334207815685e+18,0.9999999992016457
zfp_p_18_PRECC,14,0.9999368397971884,4.49129459604685e-09,1.4521846064814814,1.9919270779958063e+22,0.9999999991614561
zfp_p_12_PRECC,45,0.9974071830997077,5.307450091140669e-13,52.68916377314815,5.608562205548438e+25,0.9999966304104493
zfp_p_12_PRECC,46,0.9986221489833097,3.477100391180097e-22,51.14293981481482,2.4441030591222726e+25,0.9999966223428778
zfp_p_12_PRECC,47,0.9978918504871878,4.2304644542141424e-34,50.350839120370374,1.788530637703996e+24,0.9999967665732152
zfp_p_12_PRECC,48,0.9983321742275237,1.2217326385395358e-21,50.399667245370374,2.4868313508792133e+20,0.9999968110524362
zfp_p_12_PRECC,49,0.998500458821772,1.556127262937004e-18,49.89691840277778,2.5614223155003396e+19,0.9999965385903808
zfp_p_12_PRECC,50,0.9983074639738705,5.317059828996921e-11,50.67274305555556,6.980579624163743e+19,0.9999965348706262
zfp_p_12_PRECC,51,0.9986532147662014,1.3299659290696209e-08,50.576895254629626,2.7087441347084545e+25,0.9999963592451437
zfp_p_12_PRECC,52,0.997908057501458,4.150646896159228e-17,51.672815393518526,6.806064795828882e+18,0.9999964580417927
zfp_p_12_PRECC,53,0.9983639160567379,7.362508609803013e-40,51.65834780092593,1.6212958478283574e+20,0.999996375806955
zfp_p_12_PRECC,54,0.9981656860011191,1.7771526035992883e-17,51.625795717592595,8.07937426128087e+16,0.9999966420735078
zfp_p_12_PRECC,55,0.9980800911140533,4.625665856930111e-13,51.41059027777778,1.439744466298492e+20,0.9999963133015435
zfp_p_12_PRECC,56,0.9978567916802504,3.848917874292473e-13,53.195529513888886,3.03992971467817e+20,0.9999968222155754
zfp_p_12_PRECC,57,0.9981958994103285,4.815505020534996e-20,52.87724247685185,6.8715076800609845e+19,0.9999966707560327
zfp_p_12_PRECC,58,0.9981299562583561,6.131827561845611e-16,52.90436921296296,2.8499341075107844e+19,0.9999966826597508
zfp_p_12_PRECC,59,0.9985250180239355,9.07115594243477e-22,50.40870949074075,2.290502560020328e+19,0.9999966988646926
zfp_p_10_PRECC,30,0.9938048186256626,5.622677637433831e-22,67.66854745370371,2.4868313508792133e+20,0.9999450267464693
zfp_p_10_PRECC,31,0.994055742791708,1.0487574859677197e-14,69.58912037037037,1.5706303268710823e+20,0.9999470125585732
zfp_p_10_PRECC,32,0.993260061255186,3.675703263466132e-13,71.05215567129629,6.333186905579521e+20,0.9999422823265977
zfp_p_10_PRECC,33,0.9912783488451128,5.307450091140669e-13,69.42455150462963,1.3906622685837707e+19,0.9999471312892307
zfp_p_10_PRECC,34,0.992475730986331,1.825329218726622e-24,67.91811342592592,1.0639754001373595e+21,0.9999491805796401
zfp_p_10_PRECC,35,0.9938411571131929,1.4839942017627036e-27,65.50564236111111,1.1594557015721033e+24,0.9999472455081972
zfp_p_10_PRECC,36,0.991436088742867,5.678174863180567e-30,63.67910879629629,4.237315328056238e+25,0.9999494242558793
zfp_p_10_PRECC,37,0.9928690586819238,2.5037858897618688e-24,63.699001736111114,1.943536251799916e+25,0.9999446793826597
zfp_p_10_PRECC,38,0.9938185976164366,8.37342372502891e-13,67.38823784722221,2.3398565129217055e+26,0.9999445071263661
zfp_p_10_PRECC,39,0.9939982999293678,1.4354829847099042e-17,68.00853587962963,5.622039046673574e+24,0.9999414241549126
zfp_p_10_PRECC,40,0.9944568750029291,1.834626472191058e-18,67.3972800925926,2.93184327682602e+21,0.9999419070333928
zfp_p_10_PRECC,41,0.9950880706449051,3.924997537004619e-34,68.06278935185185,2.153283547897037e+20,0.999947916905373
zfp_p_10_PRECC,42,0.9935560000038046,4.914034056752275e-34,67.85120081018519,4.711890980613246e+20,0.9999446307645385
zfp_p_10_PRECC,43,0.9911109083134759,6.798446495592543e-19,68.75361689814815,9.792583369268617e+27,0.9999493073762954
zfp_p_10_PRECC,44,0.9931423742776827,1.7104336172564707e-20,70.72120949074075,1.2666373811159042e+20,0.9999457181650917
zfp_p_10_PRECC,45,0.9918048731933302,4.4581226247232325e-14,70.01048900462963,1.4724659314416394e+19,0.9999452578339381
zfp_p_10_PRECC,46,0.993148791990906,4.792609795458524e-25,66.70826099537037,1.6294020394148484e+25,0.999946690079905
zfp_p_10_PRECC,47,0.9934208815160183,9.68162143613085e-38,65.72084780092592,1.5706303268710821e+21,0.999948315822485
zfp_p_10_PRECC,48,0.9937648356311358,4.698178353646856e-24,65.80403645833334,8.376695076645772e+20,0.9999493261797189
zfp_p_10_PRECC,49,0.9943998422555451,2.34467176598062e-21,65.19639756944444,2.2463657025417817e+26,0.9999450752582932
zfp_p_10_PRECC,50,0.9922500444391041,1.261953513937464e-13,66.98133680555556,2.656038267504536e+25,0.9999455891179783
zfp_p_10_PRECC,51,0.9944615896028356,7.430328161798681e-11,67.60344328703704,3.799912143347713e+19,0.9999412416568498
zfp_p_10_PRECC,52,0.9922120169621038,2.6905223274689404e-18,68.62340856481481,4.2537904686091805e+19,0.9999443147447307
zfp_p_10_PRECC,53,0.9942910490788136,6.280383929337217e-42,68.38650173611111,1.0133099048927233e+21,0.9999426360221652
zfp_p_10_PRECC,54,0.993170122406345,5.0987844464708446e-20,68.1984230324074,4.908219771472132e+18,0.9999450204570854
zfp_p_10_PRECC,55,0.9928881133846199,9.60465821850825e-17,68.06459780092592,1.9894650807033707e+21,0.9999420680891582
zfp_p_10_PRECC,56,0.9921756122791087,1.0961495666288113e-13,70.30707465277779,1.1874725447961602e+19,0.9999508253523527
zfp_p_10_PRECC,57,0.9928484315464595,1.8523548662748373e-23,68.7644675925926,1.5793474174739967e+25,0.9999470610680589
zfp_p_10_PRECC,58,0.9909269547975927,4.356698646982492e-19,68.89467592592592,8.86646166781133e+19,0.9999451698258345
zfp_p_10_PRECC,59,0.9937773855024047,2.2678774559986837e-26,65.56532118055556,2.0751719835370154e+26,0.9999463022003566
zfp_p_20_PRECC,0,0.9999995762518665,2.5475822095927264e-18,1.0416666666666665,1.6992544230368113e+20,0.9999999999524684
zfp_p_20_PRECC,1,0.9999986795967895,1.6794043688241557e-19,1.019965277777778,1.4006228502117595e+22,0.9999999999482658
zfp_p_20_PRECC,2,0.9999967257268152,4.815505020534996e-20,0.710720486111111,4.711890980613246e+20,0.9999999999486887
zfp_p_20_PRECC,3,0.9999982827541608,1.7690103587436668e-10,0.6908275462962963,4.592129919413163e+23,0.9999999999485215
zfp_p_20_PRECC,4,0.9999989518469886,1.705058930364882e-14,0.7179542824074074,2.454109885736066e+18,0.9999999999451915
zfp_p_20_PRECC,5,0.9999942787277544,8.230576535321563e-33,1.07421875,4.226247772278001e+16,0.9999999999450502
zfp_p_20_PRECC,6,0.9999996803182821,5.97238914494018e-23,0.9150752314814815,4.230696107224908e+20,0.9999999999481695
zfp_p_20_PRECC,7,0.9999988393412362,2.841379677646717e-18,1.0470920138888888,8.180366285786886e+18,0.9999999999495628
zfp_p_20_PRECC,8,0.9999898942069232,5.853080149737228e-09,0.7179542824074074,1.0885164993964801e+18,0.9999999999508936
zfp_p_20_PRECC,9,0.9999887602464126,2.2799725852041866e-11,0.7776331018518519,9.306583676937805e+22,0.9999999999484623
zfp_p_20_PRECC,10,0.9999953695236744,2.1846280076881984e-11,0.9494357638888888,1.0291428721566722e+19,0.9999999999482001
zfp_p_20_PRECC,11,0.9999994438673846,2.1549804441217286e-20,1.1519820601851851,5059471620907255.0,0.9999999999480923
zfp_p_20_PRECC,12,0.9999994623942453,9.977204153326745e-14,1.025390625,2.424266238225814e+22,0.999999999948301
zfp_p_20_PRECC,13,0.9999987464210617,1.1561487122512668e-14,0.8499710648148149,1.0390384993766402e+17,0.9999999999500876
zfp_p_20_PRECC,14,0.9999930394196974,1.7191939942956103e-09,0.6763599537037037,8.947275625079406e+16,0.9999999999483384
zfp_p_14_PRECC,45,0.9996372935282422,5.228049667818731e-12,16.04275173611111,1.963287908588853e+19,0.999999786283307
zfp_p_14_PRECC,46,0.999297033359731,7.595659441681092e-19,16.36284722222222,4.863934784698054e+24,0.9999997903893846
zfp_p_14_PRECC,47,0.9997240259596237,1.048259645771966e-28,17.17303240740741,5.0148925612372406e+23,0.999999789522549
zfp_p_14_PRECC,48,0.9994412522167512,1.208172085560879e-20,16.162109375,2.6177172114518036e+19,0.9999998017193061
zfp_p_14_PRECC,49,0.9996122196702598,6.321235410341814e-17,15.775101273148149,4.49234067641598e+20,0.9999997853699372
zfp_p_14_PRECC,50,0.9995736951178312,2.6588014016292394e-10,14.860026041666666,7.262604637707715e+23,0.9999997836504878
zfp_p_14_PRECC,51,0.999712428087728,1.02623713917139e-08,15.124059606481483,1.3458022174356482e+19,0.9999997663489492
zfp_p_14_PRECC,52,0.9995613340350334,2.719088718755719e-17,15.16384548611111,1.9428369928743854e+18,0.9999997792908888
zfp_p_14_PRECC,53,0.9997002429941564,3.5082155383338e-36,15.234375,4.037406652306945e+19,0.9999997792015464
zfp_p_14_PRECC,54,0.9995428352711753,1.472921097229088e-18,15.40798611111111,6.902184053632685e+17,0.9999997859634634
zfp_p_14_PRECC,55,0.9993501400613233,1.0503213475480152e-12,15.082465277777779,7.771347971497542e+18,0.9999997726906508
zfp_p_14_PRECC,56,0.9994117254560528,5.098398344362795e-11,16.462311921296298,1.2349714465880066e+20,0.9999998016594043
zfp_p_14_PRECC,57,0.9995767162345044,1.208172085560879e-20,16.634114583333336,7.362329657208197e+18,0.9999997884716079
zfp_p_14_PRECC,58,0.9996726236095755,1.7694038202840848e-15,16.816767939814813,8.708131995171841e+18,0.9999997883652424
zfp_p_14_PRECC,59,0.9996711964455302,1.7104336172564707e-20,16.63773148148148,1.008764158663827e+25,0.9999997922821544
zfp_p_14_PRECC,15,0.9996447733266757,3.4880800921967727e-11,15.681061921296296,1.7167528630860675e+24,0.9999997973454549
zfp_p_14_PRECC,16,0.9994575955897894,1.4769490182693657e-28,15.957754629629632,1.3475980102801386e+25,0.9999997812351886
zfp_p_14_PRECC,17,0.999796539826507,2.029294014588245e-52,16.57443576388889,7.599824286695426e+19,0.9999997886516248
zfp_p_14_PRECC,18,0.9993436849054184,1.7888568262791305e-22,15.979456018518517,2.6177172114518036e+19,0.9999997829304351
zfp_p_14_PRECC,19,0.9996148189426525,1.7635228704994224e-11,16.185619212962962,2.5359135485939347e+19,0.9999997804616979
zfp_p_14_PRECC,20,0.9996221048232622,2.3041874499404526e-08,16.315827546296298,3.5624176343884805e+18,0.9999997928139367
zfp_p_14_PRECC,21,0.999436660442519,2.816423433582501e-12,16.682942708333336,3.012972568660112e+23,0.9999997980202542
zfp_p_14_PRECC,22,0.9995400030626604,1.1257228059117973e-15,16.666666666666664,6.926923177977601e+18,0.99999978734405
zfp_p_14_PRECC,23,0.9991841527619549,3.1487450407744753e-21,16.19646990740741,1.8324021100122931e+19,0.9999998066372935
zfp_p_14_PRECC,24,0.9994032639085458,1.1229294748715247e-16,15.72265625,3.1085391885990167e+19,0.999999785085607
zfp_p_14_PRECC,25,0.9996688670261619,6.412575798643263e-18,14.86183449074074,1.2327553468410142e+24,0.9999997814102423
zfp_p_14_PRECC,26,0.9997215790536856,1.2138343752045053e-14,14.588758680555555,5.21760110765756e+20,0.999999796558167
zfp_p_14_PRECC,27,0.9996480010019058,8.028229867151187e-19,15.930627893518517,9.499780358369282e+18,0.9999997953811989
zfp_p_14_PRECC,28,0.9995589478132504,2.318520158405325e-16,14.731626157407407,3.2922045384257e+23,0.9999997859111978
zfp_p_14_PRECC,29,0.9992707960906233,2.5799203570742594e-35,15.719039351851851,1.4570209205970575e+23,0.9999997784244458
zfp_p_14_PRECC,30,0.9997322862823236,1.3607460230824632e-17,15.64670138888889,9.875902782019428e+25,0.9999997825306566
zfp_p_14_PRECC,31,0.9992323212571377,4.25040895822016e-14,15.986689814814813,9.503123672019048e+24,0.9999997973070291
zfp_p_14_PRECC,32,0.9995835820614186,1.1186974470967785e-09,17.115162037037038,4.6612255625065274e+20,0.9999997704088354
zfp_p_14_PRECC,33,0.9994333583248138,2.8213340050275942e-11,15.849247685185187,1.6872005464435453e+18,0.9999997891112018
zfp_p_14_PRECC,34,0.9996896731058503,7.186136233366896e-19,16.373697916666664,7.599824286695426e+19,0.99999979721422
zfp_p_14_PRECC,35,0.9995988895034005,2.684679779318168e-23,17.082609953703702,2.101513459099437e+24,0.9999997949745026
zfp_p_14_PRECC,36,0.999772605200979,8.109614394169759e-23,15.784143518518517,3.501027926437692e+24,0.9999998002945147
zfp_p_14_PRECC,37,0.9994840899502346,4.2948207259883267e-20,15.120442708333334,1.8174044080881533e+24,0.9999997849475808
zfp_p_14_PRECC,38,0.9997251537697651,6.287319166251833e-11,14.878110532407407,1.9785551396029125e+25,0.9999997850229804
zfp_p_14_PRECC,39,0.9994792944705556,1.547577088340965e-14,15.360966435185187,5.343626451582721e+18,0.9999997723249564
zfp_p_14_PRECC,40,0.9996336931634398,1.0176890192431575e-15,14.95949074074074,4.5810051200406566e+20,0.9999997664960656
zfp_p_14_PRECC,41,0.9993192863840394,4.586825425663593e-29,15.637659143518517,6.729011087178241e+18,0.9999997870376467
zfp_p_14_PRECC,42,0.9996663227477874,9.27212834146356e-30,15.487557870370368,2.3007280178775616e+17,0.999999784199454
zfp_p_14_PRECC,43,0.9995749357120267,1.309296840041831e-15,15.79318576388889,8.384875442931558e+18,0.9999997982068047
zfp_p_14_PRECC,44,0.9989183405687959,7.019663357853578e-17,16.097005208333336,1.5706303525837212e+21,0.9999997826685132
zfp_p_22_PRECC,0,0.9999998295660579,5.1237113488016074e-17,0.6166811342592593,8.142260777051387e+19,0.9999999999970298
zfp_p_22_PRECC,1,0.999999969101717,7.538911294094701e-18,0.607638888888889,8.774102883624961e+17,0.999999999996804
zfp_p_22_PRECC,2,0.9999997686639267,3.484609050729461e-19,0.43041087962962965,3.0242573168747143e+21,0.9999999999968413
zfp_p_22_PRECC,3,0.9999922788239315,1.550224676621902e-11,0.4231770833333333,9.66764193560666e+22,0.9999999999967789
zfp_p_22_PRECC,4,0.9999998367876005,9.198898518028417e-16,0.41051793981481477,1.431564100012705e+18,0.999999999996585
zfp_p_22_PRECC,5,0.999995000506826,4.916606456580982e-33,0.7016782407407407,8.445708835794962e+16,0.9999999999965562
zfp_p_22_PRECC,6,0.9999993722875704,2.0192840978978777e-22,0.47923900462962965,3.885673985748771e+18,0.9999999999967185
zfp_p_22_PRECC,7,0.9999999862199702,7.956142645197138e-18,0.6293402777777778,1.6360732571573773e+18,0.9999999999967494
zfp_p_22_PRECC,8,0.9999999672121298,6.803938942599924e-09,0.4340277777777778,1.6492674233280002e+16,0.9999999999969069
zfp_p_22_PRECC,9,0.9999997901295344,5.228049667818731e-12,0.4123263888888889,4.3624610985645965e+21,0.9999999999967998
zfp_p_22_PRECC,10,0.9999998339197886,2.8213340050275942e-11,0.5298755787037037,7.916483631974401e+17,0.9999999999968028
zfp_p_22_PRECC,11,0.9999984971289695,5.0987844464708446e-20,0.6528501157407407,973615372148708.9,0.99999999999679
zfp_p_22_PRECC,12,0.9999996942437784,1.38594858966011e-13,0.5551938657407407,1.4141553056317247e+22,0.9999999999967663
zfp_p_22_PRECC,13,0.9999993951772089,2.8979739028294216e-14,0.441261574074074,2.7707693316710403e+17,0.9999999999968627
zfp_p_22_PRECC,14,0.9999999727516609,1.4712480878966251e-09,0.3526475694444445,1.6776141797023888e+16,0.9999999999967836
zfp_p_16_PRECC,45,0.9998192880570101,2.3793922101703535e-11,3.5047743055555554,3.235708964739483e+24,0.9999999871077708
zfp_p_16_PRECC,46,0.9998872214021088,1.266266361119282e-19,4.457826967592593,4.582693235854261e+24,0.9999999868238244
zfp_p_16_PRECC,47,0.9999201932516724,2.4592799287093895e-29,5.33130787037037,2.4158632150481224e+21,0.9999999871624665
zfp_p_16_PRECC,48,0.9998839523610565,2.3539249954910062e-19,4.602502893518518,4.1883475383228857e+21,0.9999999877062151
zfp_p_16_PRECC,49,0.9999031464269471,2.998565335679873e-16,4.096137152777778,3.1589517691993806e+25,0.9999999862019745
zfp_p_16_PRECC,50,0.9999494218886565,1.842878285890195e-10,3.535517939814815,1.0375098746732492e+18,0.9999999866247046
zfp_p_16_PRECC,51,0.9998646944124687,4.408220082353041e-08,3.3040364583333335,1.2992522739153925e+24,0.9999999855489495
zfp_p_16_PRECC,52,0.9997628262417575,7.0907431729486e-15,3.2280815972222223,2.2905025755193354e+17,0.9999999860856273
zfp_p_16_PRECC,53,0.9998743945798425,9.392103515994315e-37,3.7995515046296293,6.926923177977601e+18,0.9999999855238583
zfp_p_16_PRECC,54,0.999930150526881,4.8611723849145087e-17,3.687427662037037,3.4510920268163424e+17,0.9999999870606977
zfp_p_16_PRECC,55,0.9999196391577133,5.228049667818907e-12,3.7669994212962967,9.816439542944264e+18,0.999999985888184
zfp_p_16_PRECC,56,0.9998686196050107,1.3047460754601736e-11,4.067201967592593,6.016527560300545e+19,0.9999999877789567
zfp_p_16_PRECC,57,0.9998134435142726,2.2838325112368325e-18,4.11060474537037,1.423690580655646e+23,0.9999999868638259
zfp_p_16_PRECC,58,0.999902880493015,5.3936154522026684e-14,4.108796296296297,4.5519780883852805e+18,0.9999999866376366
zfp_p_16_PRECC,59,0.9998688794925179,2.785473377750557e-19,4.861111111111112,7.669093392925206e+17,0.9999999868458924
zfp_p_12_PRECC,30,0.9985157903012609,8.044499970119927e-20,51.26410590277778,5.235434422903607e+19,0.9999964721994213
zfp_p_12_PRECC,31,0.9981465658633147,3.682752425018713e-14,53.012876157407405,5.430356384010884e+24,0.999996689140012
zfp_p_12_PRECC,32,0.9977495402068858,6.029629023994096e-11,53.99848090277778,4.863887543485072e+20,0.9999965321681028
zfp_p_12_PRECC,33,0.9980950833635284,1.9715381060114184e-12,52.672887731481474,3.605755526020665e+26,0.9999966671440931
zfp_p_12_PRECC,34,0.9980707319775591,1.1511844653879364e-21,51.22432002314815,1.1399736430043138e+20,0.9999967299833834
zfp_p_12_PRECC,35,0.9979641169064181,1.9445712464701934e-24,50.204354745370374,5.217550657074465e+24,0.9999967163627274
zfp_p_12_PRECC,36,0.99870894080009,5.315842904027065e-26,48.51164641203704,1.1457909577432447e+25,0.9999968042917143
zfp_p_12_PRECC,37,0.9982720716392934,2.034148449390344e-20,48.435691550925924,4.361770579411568e+24,0.9999965523652101
zfp_p_12_PRECC,38,0.9983347120779255,3.4880800921967727e-11,50.60944733796296,3.3506780306583087e+21,0.9999965471494383
zfp_p_12_PRECC,39,0.9977565491357453,1.1257228059117973e-15,51.522714120370374,1.1244078093347147e+25,0.9999963172315199
zfp_p_12_PRECC,40,0.9982241756532958,7.141057887959011e-16,50.77763310185185,4.188347538322886e+20,0.999996348449104
zfp_p_12_PRECC,41,0.9987970517625347,8.482734907736702e-32,51.383463541666664,1.5041318900751362e+19,0.9999966330603351
zfp_p_12_PRECC,42,0.9982907095930391,7.845425260114808e-31,51.10496238425925,4.188347538322886e+20,0.9999966654260004
zfp_p_12_PRECC,43,0.9983232803391334,5.755766249928757e-18,52.00918692129629,1.477010607140409e+17,0.9999968182485189
zfp_p_12_PRECC,44,0.998339712630164,4.3904049975574956e-18,53.44690393518518,2.2292817907639913e+21,0.9999965921175414
zfp_p_12_PRECC,45,0.9974071830997077,5.307450091140669e-13,52.68916377314815,5.608562205548438e+25,0.9999966304104493
zfp_p_12_PRECC,46,0.9986221489833097,3.477100391180097e-22,51.14293981481482,2.4441030591222726e+25,0.9999966223428778
zfp_p_12_PRECC,47,0.9978918504871878,4.2304644542141424e-34,50.350839120370374,1.788530637703996e+24,0.9999967665732152
zfp_p_12_PRECC,48,0.9983321742275237,1.2217326385395358e-21,50.399667245370374,2.4868313508792133e+20,0.9999968110524362
zfp_p_12_PRECC,49,0.998500458821772,1.556127262937004e-18,49.89691840277778,2.5614223155003396e+19,0.9999965385903808
zfp_p_12_PRECC,50,0.9983074639738705,5.317059828996921e-11,50.67274305555556,6.980579624163743e+19,0.9999965348706262
zfp_p_12_PRECC,51,0.9986532147662014,1.3299659290696209e-08,50.576895254629626,2.7087441347084545e+25,0.9999963592451437
zfp_p_12_PRECC,52,0.997908057501458,4.150646896159228e-17,51.672815393518526,6.806064795828882e+18,0.9999964580417927
zfp_p_12_PRECC,53,0.9983639160567379,7.362508609803013e-40,51.65834780092593,1.6212958478283574e+20,0.999996375806955
zfp_p_12_PRECC,54,0.9981656860011191,1.7771526035992883e-17,51.625795717592595,8.07937426128087e+16,0.9999966420735078
zfp_p_12_PRECC,55,0.9980800911140533,4.625665856930111e-13,51.41059027777778,1.439744466298492e+20,0.9999963133015435
zfp_p_12_PRECC,56,0.9978567916802504,3.848917874292473e-13,53.195529513888886,3.03992971467817e+20,0.9999968222155754
zfp_p_12_PRECC,57,0.9981958994103285,4.815505020534996e-20,52.87724247685185,6.8715076800609845e+19,0.9999966707560327
zfp_p_12_PRECC,58,0.9981299562583561,6.131827561845611e-16,52.90436921296296,2.8499341075107844e+19,0.9999966826597508
zfp_p_12_PRECC,59,0.9985250180239355,9.07115594243477e-22,50.40870949074075,2.290502560020328e+19,0.9999966988646926
zfp_p_24_PRECC,0,1.0,1.5142699410349173e-17,0.42136863425925924,5.310170071990035e+18,0.9999999999998151
zfp_p_24_PRECC,1,0.9999999753184139,1.8797378675305535e-19,0.4014756944444444,1.3422635647862697e+21,0.9999999999997993
zfp_p_24_PRECC,2,1.0,1.2487866704465788e-18,0.2875434027777778,4.788407418384964e+21,0.9999999999998035
zfp_p_24_PRECC,3,1.0,1.327169434638784e-10,0.26765046296296297,9277129256220002.0,0.999999999999798
zfp_p_24_PRECC,4,1.0,1.9556785513635908e-15,0.2857349537037037,7988638950963757.0,0.9999999999997828
zfp_p_24_PRECC,5,1.0,1.879561305611388e-33,0.45392071759259256,4.222854417897481e+16,0.9999999999997866
zfp_p_24_PRECC,6,1.0,5.97238914494011e-23,0.29116030092592593,624112418044044.4,0.9999999999997948
zfp_p_24_PRECC,7,0.9999998820305019,5.755766249928757e-18,0.3761574074074074,4.090183142893443e+17,0.9999999999997994
zfp_p_24_PRECC,8,1.0,8.205909731594589e-09,0.28392650462962965,9.895604539968002e+16,0.9999999999998036
zfp_p_24_PRECC,9,1.0,3.674577101255679e-12,0.2549913194444445,1.2723844870813406e+21,0.9999999999997966
zfp_p_24_PRECC,10,0.999999990830004,1.840822065093964e-11,0.31105324074074076,6.926923177977601e+17,0.9999999999997992
zfp_p_24_PRECC,11,1.0,4.2948207259883267e-20,0.3960503472222222,7788922977189664.0,0.999999999999799
zfp_p_24_PRECC,12,1.0,3.510656622144221e-14,0.3309461805555555,3.030332797782267e+20,0.9999999999997903
zfp_p_24_PRECC,13,1.0,1.261953513937464e-13,0.28030960648148145,2164663540368001.2,0.9999999999998065
zfp_p_24_PRECC,14,1.0,6.433626887140252e-10,0.21520543981481483,5192615318126442.0,0.9999999999997901
zfp_p_18_PRECC,45,0.9999666075991522,1.0063556760518495e-11,1.3472945601851851,8.308184509002306e+16,0.9999999991738558
zfp_p_18_PRECC,46,0.9999264276495922,2.8670809702584476e-17,2.123119212962963,3.1665934527897605e+18,0.9999999991952092
zfp_p_18_PRECC,47,0.9999865344639519,1.133668074780246e-27,2.4830005787037037,3.7611694209279304e+22,0.999999999185972
zfp_p_18_PRECC,48,0.9999677207395875,4.8704030875914e-19,2.074291087962963,5.235434422903607e+20,0.9999999992220375
zfp_p_18_PRECC,49,0.9999679555898328,1.3124463195831164e-16,1.7849392361111112,2.3643898296926212e+19,0.9999999991415429
zfp_p_18_PRECC,50,0.9999907788710325,6.182680466455701e-10,1.538990162037037,1.8542164626684944e+19,0.9999999991743331
zfp_p_18_PRECC,51,0.9999910037043347,3.555607733988721e-08,1.3002748842592593,8.906044085971201e+17,0.9999999991125071
zfp_p_18_PRECC,52,0.9999567298591449,6.787670235079552e-16,1.3689959490740742,9.586366741156507e+16,0.9999999991498539
zfp_p_18_PRECC,53,0.9999849561347761,1.2011256986789116e-35,1.7578125,9.103956176770561e+18,0.9999999991196898
zfp_p_18_PRECC,54,0.9999424543546359,1.0659692613182235e-16,1.508246527777778,1497869803305705.2,0.9999999991601862
zfp_p_18_PRECC,55,0.9999929978526064,2.9443457944034e-12,1.6004774305555556,1.2679567742969674e+19,0.9999999991145526
zfp_p_18_PRECC,56,0.9999841908491761,3.204651607877077e-11,1.701750578703704,3.1665934527897605e+18,0.999999999217632
zfp_p_18_PRECC,57,0.9999657931733291,1.8797378675305535e-19,1.7107928240740742,3.559226451639115e+22,0.9999999991891771
zfp_p_18_PRECC,58,0.9999925434069832,5.656172845006583e-14,1.7777054398148147,5.1951923834832006e+17,0.9999999991616508
zfp_p_18_PRECC,59,0.9999897874203493,3.8966126755616746e-19,2.425130208333333,3.962364919678023e+17,0.9999999991766789
zfp_p_16_PRECC,15,0.999945260938849,2.703839836913788e-11,3.8013599537037033,2.9686813619904006e+17,0.9999999874132328
zfp_p_16_PRECC,16,0.9998505188156495,6.458588355324179e-27,3.9243344907407405,1.3054855724588843e+25,0.9999999864805278
zfp_p_16_PRECC,17,0.999817071231638,6.208964023659883e-51,4.595269097222222,3.3249231254292484e+19,0.9999999868838453
zfp_p_16_PRECC,18,0.999921837933149,2.2101603677182634e-21,4.524739583333334,2.6177172114518036e+19,0.9999999863376179
zfp_p_16_PRECC,19,0.9998398130275065,5.228049667818731e-12,4.087094907407407,6.282521307484329e+21,0.9999999863428947
zfp_p_16_PRECC,20,0.9998380822563583,2.5693836984021034e-08,3.6729600694444446,1.2864285901958402e+17,0.9999999870805151
zfp_p_16_PRECC,21,0.9999634194594174,4.787964567807797e-12,3.8176359953703707,1.1240616769701464e+23,0.9999999873787077
zfp_p_16_PRECC,22,0.9998305451418155,1.1011646142356139e-14,4.530164930555555,4.2221246037196805e+18,0.9999999867169181
zfp_p_16_PRECC,23,0.999906649294178,2.9686422227222882e-21,5.050998263888888,4.581005275030733e+18,0.999999987860194
zfp_p_16_PRECC,24,0.9998452049907679,2.7056998982210243e-16,4.645905671296297,1.0225457857233608e+18,0.9999999865350965
zfp_p_16_PRECC,25,0.999968037459058,2.998565335679873e-16,3.886357060185185,2.523059611261612e+21,0.9999999864195963
zfp_p_16_PRECC,26,0.9999098374701733,1.547577088340965e-14,3.625940393518518,5.21760110765756e+20,0.999999987175975
zfp_p_16_PRECC,27,0.9999557683010557,3.0005869492909435e-18,3.783275462962963,3.9582418159872006e+17,0.9999999868444678
zfp_p_16_PRECC,28,0.9999081762203552,8.745257780005261e-16,3.490306712962963,3.2922045384257e+23,0.999999986574317
zfp_p_16_PRECC,29,0.9999126382340672,8.291208417382272e-34,4.161241319444445,3.6425523014926437e+22,0.9999999860598698
zfp_p_16_PRECC,30,0.999943673055862,7.794131291195527e-17,4.029224537037037,2.645331102326633e+25,0.9999999860499365
zfp_p_16_PRECC,31,0.9999286366068221,9.636087584235327e-12,3.9876302083333335,1.9515343255039116e+24,0.9999999869271999
zfp_p_16_PRECC,32,0.9998641232361374,1.5905115601394482e-09,4.173900462962963,3.4832527980687364e+19,0.9999999862737419
zfp_p_16_PRECC,33,0.9998488956111083,2.8213340050275942e-11,3.3781828703703707,1.4607797997966397e+18,0.9999999869604768
zfp_p_16_PRECC,34,0.9999431463635441,6.431439634771608e-19,4.405381944444445,2.2166154169528324e+19,0.9999999874169485
zfp_p_16_PRECC,35,0.9999464798991891,7.628887979332524e-23,5.347583912037037,7.608928041566927e+23,0.9999999872632934
zfp_p_16_PRECC,36,0.9998965469831752,2.5718899760137727e-22,4.725477430555555,2.9440462108680593e+24,0.9999999873303911
zfp_p_16_PRECC,37,0.9998411461958939,3.295064230112112e-19,4.1811342592592595,6.158460922268932e+21,0.9999999867092265
zfp_p_16_PRECC,38,0.9999164157332228,8.833293117589127e-10,3.356481481481482,1.1248003642956969e+18,0.9999999864674478
zfp_p_16_PRECC,39,0.99996004025991,9.518199445306107e-14,3.443287037037037,2.170205067201613e+21,0.999999985453137
zfp_p_16_PRECC,40,0.9999472694432036,6.7510775809604836e-15,3.5807291666666665,8.793894054746496e+17,0.9999999859774986
zfp_p_16_PRECC,41,0.9999258880193712,3.0147860902031593e-30,3.8972077546296293,3.0676374073900805e+18,0.9999999870268003
zfp_p_16_PRECC,42,0.9998798352499256,6.056921726582401e-26,4.025607638888888,1.3088586057259018e+19,0.9999999863767552
zfp_p_16_PRECC,43,0.9999512253756138,1.2138343752045053e-14,4.099754050925926,3.4973512033102205e+25,0.9999999876549327
zfp_p_16_PRECC,44,0.9997870718753952,1.5223106472864541e-15,3.8899739583333335,2.7707692711910405e+18,0.9999999867217882
zfp_p_20_PRECC,45,0.9999985297668145,3.204651607877077e-11,0.6383825231481481,5.112728928616804e+17,0.9999999999487115
zfp_p_20_PRECC,46,0.9999990805820488,1.3194746602579845e-18,1.197193287037037,3.922489885375373e+20,0.9999999999497913
zfp_p_20_PRECC,47,0.9999993902547142,4.2805235773501815e-29,1.3346354166666665,1.2537231403093101e+22,0.9999999999487025
zfp_p_20_PRECC,48,0.9999990597367578,3.8966126755616746e-19,1.068793402777778,4.090183142893443e+17,0.9999999999508126
zfp_p_20_PRECC,49,0.9999932341721756,4.150646896159228e-17,0.9458188657407407,1.8471795544473603e+17,0.9999999999472449
zfp_p_20_PRECC,50,0.999999585902089,6.965733583843983e-10,0.7161458333333333,2.590449469904514e+18,0.9999999999458786
zfp_p_20_PRECC,51,0.999998687120963,3.430051204494576e-08,0.5967881944444444,2.214634557810328e+22,0.9999999999435886
zfp_p_20_PRECC,52,0.9999941408992065,1.9712973864335365e-14,0.6817853009259259,2.9398191339546624e+17,0.9999999999463904
zfp_p_20_PRECC,53,0.9999910636024016,5.117722426260125e-35,0.9856047453703705,1.1874725447961603e+18,0.9999999999436439
zfp_p_20_PRECC,54,0.9999968939873585,4.077912182235869e-16,0.7667824074074074,1.1583526478897448e+16,0.9999999999474783
zfp_p_20_PRECC,55,0.9999973798064236,9.226442069752593e-12,0.7722077546296297,8.691639178648567e+17,0.9999999999463774
zfp_p_20_PRECC,56,0.9999993244331753,6.555785035985151e-11,0.8626302083333334,2.9686813619904006e+17,0.999999999952747
zfp_p_20_PRECC,57,0.9999965140855409,8.514954720382845e-20,0.8861400462962963,6.390911160771005e+16,0.9999999999492375
zfp_p_20_PRECC,58,0.9999961345817245,2.897973902829181e-14,0.9186921296296295,6.184752837480001e+16,0.9999999999489079
zfp_p_20_PRECC,59,0.9999925809868901,3.345899853866907e-18,1.3075086805555556,6.710456718809555e+16,0.999999999948927
zfp_p_14_PRECC,30,0.9997322862823236,1.3607460230824632e-17,15.64670138888889,9.875902782019428e+25,0.9999997825306566
zfp_p_14_PRECC,31,0.9992323212571377,4.25040895822016e-14,15.986689814814813,9.503123672019048e+24,0.9999997973070291
zfp_p_14_PRECC,32,0.9995835820614186,1.1186974470967785e-09,17.115162037037038,4.6612255625065274e+20,0.9999997704088354
zfp_p_14_PRECC,33,0.9994333583248138,2.8213340050275942e-11,15.849247685185187,1.6872005464435453e+18,0.9999997891112018
zfp_p_14_PRECC,34,0.9996896731058503,7.186136233366896e-19,16.373697916666664,7.599824286695426e+19,0.99999979721422
zfp_p_14_PRECC,35,0.9995988895034005,2.684679779318168e-23,17.082609953703702,2.101513459099437e+24,0.9999997949745026
zfp_p_14_PRECC,36,0.999772605200979,8.109614394169759e-23,15.784143518518517,3.501027926437692e+24,0.9999998002945147
zfp_p_14_PRECC,37,0.9994840899502346,4.2948207259883267e-20,15.120442708333334,1.8174044080881533e+24,0.9999997849475808
zfp_p_14_PRECC,38,0.9997251537697651,6.287319166251833e-11,14.878110532407407,1.9785551396029125e+25,0.9999997850229804
zfp_p_14_PRECC,39,0.9994792944705556,1.547577088340965e-14,15.360966435185187,5.343626451582721e+18,0.9999997723249564
zfp_p_14_PRECC,40,0.9996336931634398,1.0176890192431575e-15,14.95949074074074,4.5810051200406566e+20,0.9999997664960656
zfp_p_14_PRECC,41,0.9993192863840394,4.586825425663593e-29,15.637659143518517,6.729011087178241e+18,0.9999997870376467
zfp_p_14_PRECC,42,0.9996663227477874,9.27212834146356e-30,15.487557870370368,2.3007280178775616e+17,0.999999784199454
zfp_p_14_PRECC,43,0.9995749357120267,1.309296840041831e-15,15.79318576388889,8.384875442931558e+18,0.9999997982068047
zfp_p_14_PRECC,44,0.9989183405687959,7.019663357853578e-17,16.097005208333336,1.5706303525837212e+21,0.9999997826685132
zfp_p_14_PRECC,45,0.9996372935282422,5.228049667818731e-12,16.04275173611111,1.963287908588853e+19,0.999999786283307
zfp_p_14_PRECC,46,0.999297033359731,7.595659441681092e-19,16.36284722222222,4.863934784698054e+24,0.9999997903893846
zfp_p_14_PRECC,47,0.9997240259596237,1.048259645771966e-28,17.17303240740741,5.0148925612372406e+23,0.999999789522549
zfp_p_14_PRECC,48,0.9994412522167512,1.208172085560879e-20,16.162109375,2.6177172114518036e+19,0.9999998017193061
zfp_p_14_PRECC,49,0.9996122196702598,6.321235410341814e-17,15.775101273148149,4.49234067641598e+20,0.9999997853699372
zfp_p_14_PRECC,50,0.9995736951178312,2.6588014016292394e-10,14.860026041666666,7.262604637707715e+23,0.9999997836504878
zfp_p_14_PRECC,51,0.999712428087728,1.02623713917139e-08,15.124059606481483,1.3458022174356482e+19,0.9999997663489492
zfp_p_14_PRECC,52,0.9995613340350334,2.719088718755719e-17,15.16384548611111,1.9428369928743854e+18,0.9999997792908888
zfp_p_14_PRECC,53,0.9997002429941564,3.5082155383338e-36,15.234375,4.037406652306945e+19,0.9999997792015464
zfp_p_14_PRECC,54,0.9995428352711753,1.472921097229088e-18,15.40798611111111,6.902184053632685e+17,0.9999997859634634
zfp_p_14_PRECC,55,0.9993501400613233,1.0503213475480152e-12,15.082465277777779,7.771347971497542e+18,0.9999997726906508
zfp_p_14_PRECC,56,0.9994117254560528,5.098398344362795e-11,16.462311921296298,1.2349714465880066e+20,0.9999998016594043
zfp_p_14_PRECC,57,0.9995767162345044,1.208172085560879e-20,16.634114583333336,7.362329657208197e+18,0.9999997884716079
zfp_p_14_PRECC,58,0.9996726236095755,1.7694038202840848e-15,16.816767939814813,8.708131995171841e+18,0.9999997883652424
zfp_p_14_PRECC,59,0.9996711964455302,1.7104336172564707e-20,16.63773148148148,1.008764158663827e+25,0.9999997922821544
zfp_p_22_PRECC,45,0.9999999387284826,1.2495957618391412e-11,0.31828703703703703,1.3606456539456002e+16,0.9999999999967903
zfp_p_22_PRECC,46,1.0,1.3941134924177021e-18,0.7288049768518519,1.9890161613950786e+21,0.9999999999968302
zfp_p_22_PRECC,47,1.0,1.2261139224774588e-29,0.7089120370370371,7.669093392925206e+16,0.9999999999969151
zfp_p_22_PRECC,48,0.9999999629110347,2.6905223274689685e-18,0.5696614583333333,6.544293028629509e+19,0.9999999999969743
zfp_p_22_PRECC,49,1.0,7.019663357853578e-17,0.5407262731481481,1.4259157291524982e+24,0.9999999999965693
zfp_p_22_PRECC,50,0.9999999886648626,5.709150814150687e-10,0.35445601851851855,6.889747703182542e+21,0.9999999999967022
zfp_p_22_PRECC,51,0.9999940901432874,3.959672533451118e-08,0.3345630787037037,5411658732795001.0,0.9999999999964944
zfp_p_22_PRECC,52,1.0,2.171111097779202e-14,0.3761574074074074,699005908209329.6,0.9999999999967019
zfp_p_22_PRECC,53,0.9999996706727394,3.681554238575976e-37,0.6311487268518519,4.329326986236001e+16,0.9999999999965812
zfp_p_22_PRECC,54,1.0,2.091316519621131e-16,0.41051793981481477,7589207003415570.0,0.9999999999967962
zfp_p_22_PRECC,55,0.9999981887791135,2.0055158063072676e-11,0.3707320601851852,3.035682801366227e+16,0.9999999999965308
zfp_p_22_PRECC,56,0.999997479000252,2.5911449249072064e-11,0.5208333333333333,1546188236014737.8,0.999999999997031
zfp_p_22_PRECC,57,0.99999992402839,1.0015665630054842e-18,0.47019675925925924,4.154092254501153e+16,0.999999999996818
zfp_p_22_PRECC,58,0.9999887322904387,4.675817821941964e-14,0.5172164351851852,1.0823317465590002e+16,0.9999999999967728
zfp_p_22_PRECC,59,0.9999709509176626,2.2838325112368325e-18,0.7197627314814815,5.91072749217086e+22,0.9999999999968493
zfp_p_18_PRECC,15,0.9999690730178517,1.079715041059185e-10,1.5643084490740742,1.1399736430043138e+19,0.9999999992133598
zfp_p_18_PRECC,16,0.9999782849347784,2.076161358408645e-27,1.6167534722222223,9.475298509782225e+23,0.9999999991690413
zfp_p_18_PRECC,17,0.9999461423470023,2.450056487124076e-50,2.1882233796296298,8.163873745473601e+17,0.9999999991901396
zfp_p_18_PRECC,18,0.9999899546011226,3.54200843654928e-21,2.048972800925926,1.0634476171522951e+19,0.9999999991474647
zfp_p_18_PRECC,19,0.999950167394488,8.418793023042685e-11,1.878978587962963,5.319554910968802e+24,0.999999999148727
zfp_p_18_PRECC,20,0.9999932942377422,3.308808630224686e-08,1.341869212962963,1.6234976198385002e+16,0.9999999991987735
zfp_p_18_PRECC,21,0.9999879105247008,9.636087584235327e-12,1.4123987268518519,1.405077096212683e+22,0.9999999992090663
zfp_p_18_PRECC,22,0.9999912584035309,4.675817821942007e-14,2.124927662037037,6.333186905579521e+18,0.9999999991777189
zfp_p_18_PRECC,23,0.9999781771663923,4.2948207259883267e-20,2.417896412037037,8.998403218810368e+17,0.9999999992331597
zfp_p_18_PRECC,24,0.9999835854530129,2.441084694213821e-16,2.021846064814815,5.977960367024148e+17,0.9999999991560437
zfp_p_18_PRECC,25,0.999955393685446,7.794131291195527e-17,1.7957899305555556,2.7516860420558353e+22,0.9999999991529948
zfp_p_18_PRECC,26,0.9999705929533181,1.1257228059117973e-15,1.618561921296296,1.227054942868033e+18,0.9999999992121025
zfp_p_18_PRECC,27,0.9999728039377062,1.643974271827237e-18,1.5281394675925926,1.1874725447961603e+18,0.9999999991825146
zfp_p_18_PRECC,28,0.9999827954117928,3.06292661662185e-15,1.569733796296296,7.818985778761037e+23,0.9999999991552256
zfp_p_18_PRECC,29,0.999991982456494,3.399079715876424e-33,1.783130787037037,6.374466527612126e+22,0.9999999991111591
zfp_p_18_PRECC,30,0.9999593492329645,4.8611723849145087e-17,1.799406828703704,7.157820500063525e+17,0.9999999991414741
zfp_p_18_PRECC,31,0.9998623072510237,2.3793922101703535e-11,1.5534577546296295,1.060616481252126e+23,0.999999999205708
zfp_p_18_PRECC,32,0.9999971096568562,1.2817489682419661e-08,1.7957899305555556,3.5465846671245316e+19,0.9999999991428657
zfp_p_18_PRECC,33,0.9999630224408145,5.544898653267066e-11,1.1917679398148149,2.7365108902835403e+24,0.9999999991754415
zfp_p_18_PRECC,34,0.9999970196735665,8.860194328094472e-18,1.9874855324074074,7.916483631974401e+18,0.9999999992220725
zfp_p_18_PRECC,35,0.999990019820642,3.54200843654928e-21,2.4992766203703702,2.7174743005596167e+22,0.9999999991859059
zfp_p_18_PRECC,36,0.9999953088711017,3.6164453190616897e-20,2.3365162037037037,4.295131853121282e+22,0.9999999992070688
zfp_p_18_PRECC,37,0.9999848113717779,4.8704030875914e-19,1.9422743055555556,1.7416792244178138e+23,0.9999999991460105
zfp_p_18_PRECC,38,0.9999858578670757,2.6588014016292394e-10,1.4539930555555556,1.3441271328824135e+24,0.9999999991543478
zfp_p_18_PRECC,39,0.9999701895675137,1.3225225893922572e-13,1.3762297453703705,3.5860699615460255e+20,0.99999999909894
zfp_p_18_PRECC,40,0.9999847919554977,1.8782941912499268e-14,1.5028211805555556,1.0634476171522951e+19,0.999999999128887
zfp_p_18_PRECC,41,0.9999917459273173,3.1300671683207563e-28,1.6637731481481484,1.7317307944944003e+17,0.9999999992038294
zfp_p_18_PRECC,42,0.9999911310909598,7.561266329020523e-28,1.6800491898148147,2.0450915714467215e+18,0.9999999991580032
zfp_p_18_PRECC,43,0.9999746158743161,6.4274502171344706e-15,1.8174913194444444,1.799680582873115e+19,0.9999999992117901
zfp_p_18_PRECC,44,0.9999455498629822,2.508759318886272e-14,1.7596209490740742,6.184752837480001e+17,0.9999999991488536
zfp_p_24_PRECC,45,1.0,2.3793922101703535e-11,0.1953125,2.7161372433276772e+16,0.9999999999997986
zfp_p_24_PRECC,46,1.0,2.412148777990118e-18,0.4557291666666667,1.1934096968370472e+22,0.9999999999997998
zfp_p_24_PRECC,47,1.0,3.5863781110672342e-28,0.437644675925926,3.87889188368295e+19,0.9999999999998039
zfp_p_24_PRECC,48,0.9999999765637735,1.8797378675305535e-19,0.35988136574074076,3.2721465143147546e+18,0.9999999999998113
zfp_p_24_PRECC,49,1.0,2.055933898621821e-15,0.35445601851851855,3.582897856746797e+20,0.9999999999997972
zfp_p_24_PRECC,50,1.0,1.0341388232742257e-09,0.22786458333333334,5.0659909582224576e+20,0.9999999999997945
zfp_p_24_PRECC,51,0.9999999592737187,8.335222915867741e-08,0.20435474537037038,8504035151535002.0,0.9999999999997776
zfp_p_24_PRECC,52,1.0,1.0487574859677197e-14,0.2387152777777778,511272896321281.25,0.9999999999997923
zfp_p_24_PRECC,53,0.9999999673462631,5.158827687258879e-36,0.44668692129629634,1.1751030391212002e+17,0.9999999999997785
zfp_p_24_PRECC,54,1.0,9.675720594670705e-16,0.2495659722222222,649076914765806.1,0.9999999999997993
zfp_p_24_PRECC,55,1.0,7.1040385448551766e-12,0.220630787037037,2.1090006830544317e+17,0.9999999999997836
zfp_p_24_PRECC,56,1.0,1.4409975476167752e-10,0.35083912037037035,2.7831387768660004e+16,0.9999999999998143
zfp_p_24_PRECC,57,1.0,2.5475822095927264e-18,0.3002025462962963,2.224516532274447e+20,0.9999999999998018
zfp_p_24_PRECC,58,1.0,7.517072138376635e-14,0.31105324074074076,3.4789234710825004e+16,0.9999999999997969
zfp_p_24_PRECC,59,0.9999999596774661,1.1588302159110298e-17,0.4629629629629629,5392331291900536.0,0.9999999999997979
zfp_p_16_PRECC,30,0.999943673055862,7.794131291195527e-17,4.029224537037037,2.645331102326633e+25,0.9999999860499365
zfp_p_16_PRECC,31,0.9999286366068221,9.636087584235327e-12,3.9876302083333335,1.9515343255039116e+24,0.9999999869271999
zfp_p_16_PRECC,32,0.9998641232361374,1.5905115601394482e-09,4.173900462962963,3.4832527980687364e+19,0.9999999862737419
zfp_p_16_PRECC,33,0.9998488956111083,2.8213340050275942e-11,3.3781828703703707,1.4607797997966397e+18,0.9999999869604768
zfp_p_16_PRECC,34,0.9999431463635441,6.431439634771608e-19,4.405381944444445,2.2166154169528324e+19,0.9999999874169485
zfp_p_16_PRECC,35,0.9999464798991891,7.628887979332524e-23,5.347583912037037,7.608928041566927e+23,0.9999999872632934
zfp_p_16_PRECC,36,0.9998965469831752,2.5718899760137727e-22,4.725477430555555,2.9440462108680593e+24,0.9999999873303911
zfp_p_16_PRECC,37,0.9998411461958939,3.295064230112112e-19,4.1811342592592595,6.158460922268932e+21,0.9999999867092265
zfp_p_16_PRECC,38,0.9999164157332228,8.833293117589127e-10,3.356481481481482,1.1248003642956969e+18,0.9999999864674478
zfp_p_16_PRECC,39,0.99996004025991,9.518199445306107e-14,3.443287037037037,2.170205067201613e+21,0.999999985453137
zfp_p_16_PRECC,40,0.9999472694432036,6.7510775809604836e-15,3.5807291666666665,8.793894054746496e+17,0.9999999859774986
zfp_p_16_PRECC,41,0.9999258880193712,3.0147860902031593e-30,3.8972077546296293,3.0676374073900805e+18,0.9999999870268003
zfp_p_16_PRECC,42,0.9998798352499256,6.056921726582401e-26,4.025607638888888,1.3088586057259018e+19,0.9999999863767552
zfp_p_16_PRECC,43,0.9999512253756138,1.2138343752045053e-14,4.099754050925926,3.4973512033102205e+25,0.9999999876549327
zfp_p_16_PRECC,44,0.9997870718753952,1.5223106472864541e-15,3.8899739583333335,2.7707692711910405e+18,0.9999999867217882
zfp_p_16_PRECC,45,0.9998192880570101,2.3793922101703535e-11,3.5047743055555554,3.235708964739483e+24,0.9999999871077708
zfp_p_16_PRECC,46,0.9998872214021088,1.266266361119282e-19,4.457826967592593,4.582693235854261e+24,0.9999999868238244
zfp_p_16_PRECC,47,0.9999201932516724,2.4592799287093895e-29,5.33130787037037,2.4158632150481224e+21,0.9999999871624665
zfp_p_16_PRECC,48,0.9998839523610565,2.3539249954910062e-19,4.602502893518518,4.1883475383228857e+21,0.9999999877062151
zfp_p_16_PRECC,49,0.9999031464269471,2.998565335679873e-16,4.096137152777778,3.1589517691993806e+25,0.9999999862019745
zfp_p_16_PRECC,50,0.9999494218886565,1.842878285890195e-10,3.535517939814815,1.0375098746732492e+18,0.9999999866247046
zfp_p_16_PRECC,51,0.9998646944124687,4.408220082353041e-08,3.3040364583333335,1.2992522739153925e+24,0.9999999855489495
zfp_p_16_PRECC,52,0.9997628262417575,7.0907431729486e-15,3.2280815972222223,2.2905025755193354e+17,0.9999999860856273
zfp_p_16_PRECC,53,0.9998743945798425,9.392103515994315e-37,3.7995515046296293,6.926923177977601e+18,0.9999999855238583
zfp_p_16_PRECC,54,0.999930150526881,4.8611723849145087e-17,3.687427662037037,3.4510920268163424e+17,0.9999999870606977
zfp_p_16_PRECC,55,0.9999196391577133,5.228049667818907e-12,3.7669994212962967,9.816439542944264e+18,0.999999985888184
zfp_p_16_PRECC,56,0.9998686196050107,1.3047460754601736e-11,4.067201967592593,6.016527560300545e+19,0.9999999877789567
zfp_p_16_PRECC,57,0.9998134435142726,2.2838325112368325e-18,4.11060474537037,1.423690580655646e+23,0.9999999868638259
zfp_p_16_PRECC,58,0.999902880493015,5.3936154522026684e-14,4.108796296296297,4.5519780883852805e+18,0.9999999866376366
zfp_p_16_PRECC,59,0.9998688794925179,2.785473377750557e-19,4.861111111111112,7.669093392925206e+17,0.9999999868458924
zfp_p_20_PRECC,15,0.999999157288895,8.776048429135561e-11,0.8192274305555556,3.5588572418321967e+21,0.9999999999504604
zfp_p_20_PRECC,16,0.9999987219363599,3.317117412574515e-27,0.875289351851852,1.7894551250158813e+17,0.9999999999465485
zfp_p_20_PRECC,17,0.9999984139425949,7.150480883549758e-48,1.171875,1.0142994653467201e+18,0.9999999999482967
zfp_p_20_PRECC,18,0.9999996027896862,2.8741597400729015e-20,1.0434751157407407,2.556364464308402e+18,0.9999999999461856
zfp_p_20_PRECC,19,0.9999972340097172,4.3084937018611546e-11,0.9892216435185185,2.792766328258621e+24,0.9999999999467893
zfp_p_20_PRECC,20,0.9999926749394079,5.083723584083221e-08,0.6365740740740741,2.4739011349920004e+16,0.99999999994903
zfp_p_20_PRECC,21,0.9999999413598082,8.37342372502891e-13,0.6275318287037037,4.707769638531425e+20,0.9999999999507996
zfp_p_20_PRECC,22,0.9999958403427305,1.3378386442583017e-14,1.1863425925925926,2.5975961917416003e+17,0.9999999999475443
zfp_p_20_PRECC,23,0.9999812187961671,6.781954006291383e-20,1.3111255787037037,3.0676373571700826e+17,0.9999999999518836
zfp_p_20_PRECC,24,0.9999997273318629,1.3124463195831164e-16,1.0036892361111112,3.323273803600922e+17,0.9999999999475105
zfp_p_20_PRECC,25,0.9999997037311764,6.787670235078758e-16,0.9566695601851851,5.363023494650494e+20,0.9999999999464938
zfp_p_20_PRECC,26,0.9999977039985731,1.705058930364882e-14,0.8409288194444444,6.135274714340165e+17,0.9999999999495016
zfp_p_20_PRECC,27,0.999963895258612,7.538911294094701e-18,0.7577401620370371,4.793183449047001e+16,0.9999999999498592
zfp_p_20_PRECC,28,0.9999847124415334,7.821353364742033e-15,0.8373119212962963,5.6240018214784845e+17,0.9999999999471884
zfp_p_20_PRECC,29,0.9999976648598229,1.879561305611388e-33,0.8373119212962963,1.8212761507463218e+22,0.9999999999454362
zfp_p_20_PRECC,30,0.9999961275753194,1.9860978040405397e-16,0.9584780092592593,1.1503640089387808e+17,0.9999999999458468
zfp_p_20_PRECC,31,0.9999962145027317,8.457736431299328e-12,0.8499710648148149,2.1212329625042517e+22,0.9999999999500252
zfp_p_20_PRECC,32,0.9999992829909325,4.491294596046818e-09,0.9512442129629629,4.749890179184641e+18,0.9999999999453961
zfp_p_20_PRECC,33,0.9999998607247728,1.9214399183325093e-11,0.537109375,6.43884915360833e+23,0.9999999999478948
zfp_p_20_PRECC,34,0.9999991098864014,4.3904049975574956e-18,0.9476273148148149,8.658653972472002e+16,0.9999999999504395
zfp_p_20_PRECC,35,0.9999984813312677,1.523503010075062e-20,1.3292100694444444,1.4542873670305567e+18,0.999999999949433
zfp_p_20_PRECC,36,0.9999989271169235,3.6164453190616897e-20,1.1827256944444444,9.946102063743445e+21,0.9999999999507558
zfp_p_20_PRECC,37,0.9999998874295173,3.360433947515463e-17,1.0036892361111112,3.4076332651652875e+22,0.9999999999473771
zfp_p_20_PRECC,38,0.999987945397116,3.9817113601067545e-10,0.7902922453703705,6.544293028629509e+18,0.9999999999454217
zfp_p_20_PRECC,39,0.9999996544240329,9.51819944530671e-14,0.6456163194444444,3.39094541750252e+19,0.9999999999445249
zfp_p_20_PRECC,40,0.9999682004146625,1.3378386442582643e-14,0.7667824074074074,1.9172734563438016e+16,0.9999999999435822
zfp_p_20_PRECC,41,0.9999960811997944,1.9414525770529016e-27,0.8373119212962963,7.730941046850002e+16,0.9999999999493057
zfp_p_20_PRECC,42,0.9999963124977342,2.1234966598821516e-26,0.7902922453703705,5.112728928616804e+16,0.9999999999491934
zfp_p_20_PRECC,43,0.9999797956822781,7.0907431729486e-15,0.8409288194444444,4.918150129654998e+24,0.9999999999505972
zfp_p_20_PRECC,44,0.999999742491425,1.2450447340969073e-15,0.9783709490740742,8.658653972472002e+16,0.9999999999491431
zfp_p_18_PRECC,30,0.9999593492329645,4.8611723849145087e-17,1.799406828703704,7.157820500063525e+17,0.9999999991414741
zfp_p_18_PRECC,31,0.9998623072510237,2.3793922101703535e-11,1.5534577546296295,1.060616481252126e+23,0.999999999205708
zfp_p_18_PRECC,32,0.9999971096568562,1.2817489682419661e-08,1.7957899305555556,3.5465846671245316e+19,0.9999999991428657
zfp_p_18_PRECC,33,0.9999630224408145,5.544898653267066e-11,1.1917679398148149,2.7365108902835403e+24,0.9999999991754415
zfp_p_18_PRECC,34,0.9999970196735665,8.860194328094472e-18,1.9874855324074074,7.916483631974401e+18,0.9999999992220725
zfp_p_18_PRECC,35,0.999990019820642,3.54200843654928e-21,2.4992766203703702,2.7174743005596167e+22,0.9999999991859059
zfp_p_18_PRECC,36,0.9999953088711017,3.6164453190616897e-20,2.3365162037037037,4.295131853121282e+22,0.9999999992070688
zfp_p_18_PRECC,37,0.9999848113717779,4.8704030875914e-19,1.9422743055555556,1.7416792244178138e+23,0.9999999991460105
zfp_p_18_PRECC,38,0.9999858578670757,2.6588014016292394e-10,1.4539930555555556,1.3441271328824135e+24,0.9999999991543478
zfp_p_18_PRECC,39,0.9999701895675137,1.3225225893922572e-13,1.3762297453703705,3.5860699615460255e+20,0.99999999909894
zfp_p_18_PRECC,40,0.9999847919554977,1.8782941912499268e-14,1.5028211805555556,1.0634476171522951e+19,0.999999999128887
zfp_p_18_PRECC,41,0.9999917459273173,3.1300671683207563e-28,1.6637731481481484,1.7317307944944003e+17,0.9999999992038294
zfp_p_18_PRECC,42,0.9999911310909598,7.561266329020523e-28,1.6800491898148147,2.0450915714467215e+18,0.9999999991580032
zfp_p_18_PRECC,43,0.9999746158743161,6.4274502171344706e-15,1.8174913194444444,1.799680582873115e+19,0.9999999992117901
zfp_p_18_PRECC,44,0.9999455498629822,2.508759318886272e-14,1.7596209490740742,6.184752837480001e+17,0.9999999991488536
zfp_p_18_PRECC,45,0.9999666075991522,1.0063556760518495e-11,1.3472945601851851,8.308184509002306e+16,0.9999999991738558
zfp_p_18_PRECC,46,0.9999264276495922,2.8670809702584476e-17,2.123119212962963,3.1665934527897605e+18,0.9999999991952092
zfp_p_18_PRECC,47,0.9999865344639519,1.133668074780246e-27,2.4830005787037037,3.7611694209279304e+22,0.999999999185972
zfp_p_18_PRECC,48,0.9999677207395875,4.8704030875914e-19,2.074291087962963,5.235434422903607e+20,0.9999999992220375
zfp_p_18_PRECC,49,0.9999679555898328,1.3124463195831164e-16,1.7849392361111112,2.3643898296926212e+19,0.9999999991415429
zfp_p_18_PRECC,50,0.9999907788710325,6.182680466455701e-10,1.538990162037037,1.8542164626684944e+19,0.9999999991743331
zfp_p_18_PRECC,51,0.9999910037043347,3.555607733988721e-08,1.3002748842592593,8.906044085971201e+17,0.9999999991125071
zfp_p_18_PRECC,52,0.9999567298591449,6.787670235079552e-16,1.3689959490740742,9.586366741156507e+16,0.9999999991498539
zfp_p_18_PRECC,53,0.9999849561347761,1.2011256986789116e-35,1.7578125,9.103956176770561e+18,0.9999999991196898
zfp_p_18_PRECC,54,0.9999424543546359,1.0659692613182235e-16,1.508246527777778,1497869803305705.2,0.9999999991601862
zfp_p_18_PRECC,55,0.9999929978526064,2.9443457944034e-12,1.6004774305555556,1.2679567742969674e+19,0.9999999991145526
zfp_p_18_PRECC,56,0.9999841908491761,3.204651607877077e-11,1.701750578703704,3.1665934527897605e+18,0.999999999217632
zfp_p_18_PRECC,57,0.9999657931733291,1.8797378675305535e-19,1.7107928240740742,3.559226451639115e+22,0.9999999991891771
zfp_p_18_PRECC,58,0.9999925434069832,5.656172845006583e-14,1.7777054398148147,5.1951923834832006e+17,0.9999999991616508
zfp_p_18_PRECC,59,0.9999897874203493,3.8966126755616746e-19,2.425130208333333,3.962364919678023e+17,0.9999999991766789
zfp_p_22_PRECC,15,0.9999999634383427,1.5014404154163563e-10,0.40870949074074076,2.0677036436909015e+22,0.9999999999968655
zfp_p_22_PRECC,16,0.9999998944161387,1.6975045943672717e-27,0.5895543981481481,3794603501707785.0,0.9999999999967103
zfp_p_22_PRECC,17,1.0,4.7137055722933074e-51,0.6962528935185185,4.7004121564848006e+17,0.9999999999967428
zfp_p_22_PRECC,18,0.9999998211800213,1.7104336172564707e-20,0.607638888888889,1.175927653581865e+18,0.9999999999966842
zfp_p_22_PRECC,19,0.9999999335946507,6.835466906505877e-11,0.5768952546296297,1.994833091613301e+23,0.9999999999966842
zfp_p_22_PRECC,20,1.0,2.0656903288096783e-08,0.3074363425925926,2.7831387768660004e+16,0.9999999999968575
zfp_p_22_PRECC,21,1.0,1.2495957618391307e-11,0.33998842592592593,8.238596867429994e+20,0.9999999999968938
zfp_p_22_PRECC,22,0.999992261045179,1.474297605039823e-14,0.6510416666666667,1.3915693884330002e+16,0.999999999996793
zfp_p_22_PRECC,23,0.9999998638023978,3.756488379384488e-21,0.7269965277777778,8.947275625079406e+16,0.9999999999969783
zfp_p_22_PRECC,24,0.9999997867395273,3.2188947656701914e-15,0.537109375,5899302993773832.0,0.9999999999967581
zfp_p_22_PRECC,25,0.9999999722207292,3.734969166626452e-17,0.6004050925925926,4.599327416362313e+19,0.9999999999967685
zfp_p_22_PRECC,26,0.9999998024602024,4.333090542682819e-15,0.4720052083333333,5.714226506492481e+16,0.9999999999968399
zfp_p_22_PRECC,27,0.9999999924094274,3.93871988449363e-18,0.4069010416666667,6184752837480002.0,0.9999999999967888
zfp_p_22_PRECC,28,1.0,1.7694038202840848e-15,0.5117910879629629,1.6360732571573773e+18,0.9999999999967291
zfp_p_22_PRECC,29,0.9999993780074568,3.133999907752944e-34,0.4720052083333333,9.277129256220002e+16,0.9999999999966095
zfp_p_22_PRECC,30,0.9999994112420793,1.4559808112417145e-16,0.5895543981481481,2.556364464308402e+16,0.9999999999966618
zfp_p_22_PRECC,31,0.9999980699220061,1.0509608652279795e-11,0.48828125,2.8120009107392422e+17,0.999999999996831
zfp_p_22_PRECC,32,0.9999999433368317,3.3088086302246633e-08,0.5443431712962963,1836098498626876.2,0.9999999999966686
zfp_p_22_PRECC,33,0.9999996353170749,3.071527678930451e-11,0.3038194444444445,4393751423030066.5,0.9999999999967909
zfp_p_22_PRECC,34,0.9999970251239274,1.5973233163088267e-17,0.564236111111111,3.4634615889888006e+17,0.9999999999969387
zfp_p_22_PRECC,35,0.9999998700129991,2.1549804441217286e-20,0.784866898148148,3.396842875699521e+21,0.9999999999969148
zfp_p_22_PRECC,36,0.9999996843697637,3.829881532797833e-20,0.7034866898148148,3.7297882739037916e+22,0.9999999999968707
zfp_p_22_PRECC,37,0.9999994089640771,3.532992486548795e-18,0.5805121527777778,3.954134626871574e+20,0.9999999999967106
zfp_p_22_PRECC,38,0.9999992570287387,2.553060292645784e-10,0.4231770833333333,2.35185530716373e+18,0.9999999999966576
zfp_p_22_PRECC,39,0.9999992290124466,4.0522264472466287e-14,0.32913773148148145,6184752837480002.0,0.9999999999965019
zfp_p_22_PRECC,40,0.9999999390868783,2.171111097779202e-14,0.45392071759259256,7349548083545401.0,0.9999999999965095
zfp_p_22_PRECC,41,1.0,1.9417782416513702e-28,0.49732349537037035,8.349416330598002e+16,0.9999999999968918
zfp_p_22_PRECC,42,0.9999998252131066,4.706218929829716e-28,0.43221932870370366,2064756047820841.8,0.999999999996697
zfp_p_22_PRECC,43,0.9999993762217384,3.863144697548977e-14,0.4937065972222222,1.0246146103447912e+24,0.9999999999969703
zfp_p_22_PRECC,44,0.9999999894788791,4.516689271321548e-16,0.6094473379629629,5.153960697900001e+16,0.9999999999968111
zfp_p_20_PRECC,30,0.9999961275753194,1.9860978040405397e-16,0.9584780092592593,1.1503640089387808e+17,0.9999999999458468
zfp_p_20_PRECC,31,0.9999962145027317,8.457736431299328e-12,0.8499710648148149,2.1212329625042517e+22,0.9999999999500252
zfp_p_20_PRECC,32,0.9999992829909325,4.491294596046818e-09,0.9512442129629629,4.749890179184641e+18,0.9999999999453961
zfp_p_20_PRECC,33,0.9999998607247728,1.9214399183325093e-11,0.537109375,6.43884915360833e+23,0.9999999999478948
zfp_p_20_PRECC,34,0.9999991098864014,4.3904049975574956e-18,0.9476273148148149,8.658653972472002e+16,0.9999999999504395
zfp_p_20_PRECC,35,0.9999984813312677,1.523503010075062e-20,1.3292100694444444,1.4542873670305567e+18,0.999999999949433
zfp_p_20_PRECC,36,0.9999989271169235,3.6164453190616897e-20,1.1827256944444444,9.946102063743445e+21,0.9999999999507558
zfp_p_20_PRECC,37,0.9999998874295173,3.360433947515463e-17,1.0036892361111112,3.4076332651652875e+22,0.9999999999473771
zfp_p_20_PRECC,38,0.999987945397116,3.9817113601067545e-10,0.7902922453703705,6.544293028629509e+18,0.9999999999454217
zfp_p_20_PRECC,39,0.9999996544240329,9.51819944530671e-14,0.6456163194444444,3.39094541750252e+19,0.9999999999445249
zfp_p_20_PRECC,40,0.9999682004146625,1.3378386442582643e-14,0.7667824074074074,1.9172734563438016e+16,0.9999999999435822
zfp_p_20_PRECC,41,0.9999960811997944,1.9414525770529016e-27,0.8373119212962963,7.730941046850002e+16,0.9999999999493057
zfp_p_20_PRECC,42,0.9999963124977342,2.1234966598821516e-26,0.7902922453703705,5.112728928616804e+16,0.9999999999491934
zfp_p_20_PRECC,43,0.9999797956822781,7.0907431729486e-15,0.8409288194444444,4.918150129654998e+24,0.9999999999505972
zfp_p_20_PRECC,44,0.999999742491425,1.2450447340969073e-15,0.9783709490740742,8.658653972472002e+16,0.9999999999491431
zfp_p_20_PRECC,45,0.9999985297668145,3.204651607877077e-11,0.6383825231481481,5.112728928616804e+17,0.9999999999487115
zfp_p_20_PRECC,46,0.9999990805820488,1.3194746602579845e-18,1.197193287037037,3.922489885375373e+20,0.9999999999497913
zfp_p_20_PRECC,47,0.9999993902547142,4.2805235773501815e-29,1.3346354166666665,1.2537231403093101e+22,0.9999999999487025
zfp_p_20_PRECC,48,0.9999990597367578,3.8966126755616746e-19,1.068793402777778,4.090183142893443e+17,0.9999999999508126
zfp_p_20_PRECC,49,0.9999932341721756,4.150646896159228e-17,0.9458188657407407,1.8471795544473603e+17,0.9999999999472449
zfp_p_20_PRECC,50,0.999999585902089,6.965733583843983e-10,0.7161458333333333,2.590449469904514e+18,0.9999999999458786
zfp_p_20_PRECC,51,0.999998687120963,3.430051204494576e-08,0.5967881944444444,2.214634557810328e+22,0.9999999999435886
zfp_p_20_PRECC,52,0.9999941408992065,1.9712973864335365e-14,0.6817853009259259,2.9398191339546624e+17,0.9999999999463904
zfp_p_20_PRECC,53,0.9999910636024016,5.117722426260125e-35,0.9856047453703705,1.1874725447961603e+18,0.9999999999436439
zfp_p_20_PRECC,54,0.9999968939873585,4.077912182235869e-16,0.7667824074074074,1.1583526478897448e+16,0.9999999999474783
zfp_p_20_PRECC,55,0.9999973798064236,9.226442069752593e-12,0.7722077546296297,8.691639178648567e+17,0.9999999999463774
zfp_p_20_PRECC,56,0.9999993244331753,6.555785035985151e-11,0.8626302083333334,2.9686813619904006e+17,0.999999999952747
zfp_p_20_PRECC,57,0.9999965140855409,8.514954720382845e-20,0.8861400462962963,6.390911160771005e+16,0.9999999999492375
zfp_p_20_PRECC,58,0.9999961345817245,2.897973902829181e-14,0.9186921296296295,6.184752837480001e+16,0.9999999999489079
zfp_p_20_PRECC,59,0.9999925809868901,3.345899853866907e-18,1.3075086805555556,6.710456718809555e+16,0.999999999948927
zfp_p_24_PRECC,15,1.0,1.618350228416235e-11,0.24233217592592593,6.672857328435369e+20,0.9999999999998046
zfp_p_24_PRECC,16,1.0,1.6316322088388486e-26,0.40328414351851855,5.5930581481353415e+22,0.9999999999997958
zfp_p_24_PRECC,17,1.0,3.8646262700662075e-50,0.4647714120370371,4.947802269984001e+16,0.9999999999998028
zfp_p_24_PRECC,18,1.0,1.075665363705217e-20,0.3634982638888889,3.834546696462603e+16,0.9999999999997917
zfp_p_24_PRECC,19,0.9999999335961035,9.535648147960579e-11,0.36530671296296297,6.710456718809555e+16,0.9999999999997932
zfp_p_24_PRECC,20,1.0,6.289099770090924e-08,0.19169560185185186,1546188209370001.2,0.9999999999998042
zfp_p_24_PRECC,21,1.0,1.7635228704994224e-11,0.1953125,5.331765766878484e+20,0.9999999999998065
zfp_p_24_PRECC,22,0.9999966348600565,1.4477623697847666e-15,0.3707320601851852,4638564628110001.0,0.9999999999998008
zfp_p_24_PRECC,23,1.0,4.0557675196217977e-20,0.44849537037037035,8388070898511945.0,0.9999999999998086
zfp_p_24_PRECC,24,1.0,7.141057887959011e-16,0.35807291666666663,7.509320613905931e+16,0.9999999999997988
zfp_p_24_PRECC,25,1.0,9.349534873763695e-18,0.3761574074074074,3.00965660849857e+20,0.9999999999997952
zfp_p_24_PRECC,26,0.9999999624521826,1.705058930364882e-14,0.29296875,1.278182232154201e+16,0.9999999999998055
zfp_p_24_PRECC,27,0.9999999895922906,9.349534873763695e-18,0.2586082175925926,1.8554258512440004e+16,0.999999999999804
zfp_p_24_PRECC,28,1.0,1.8861045927262123e-16,0.3634982638888889,7.3946000374796e+21,0.9999999999997948
zfp_p_24_PRECC,29,1.0,1.7451266858545104e-31,0.33998842592592593,2.4188823877099586e+21,0.9999999999997883
zfp_p_24_PRECC,30,1.0,2.3188854843091234e-17,0.33817997685185186,1.3777766157951212e+23,0.9999999999997893
zfp_p_24_PRECC,31,1.0,1.1967332849031347e-11,0.3038194444444445,2.982983853521604e+21,0.999999999999804
zfp_p_24_PRECC,32,1.0,7.614253819769212e-09,0.341796875,2.1646634931180003e+17,0.9999999999997918
zfp_p_24_PRECC,33,1.0,2.943827289945907e-11,0.16999421296296297,699005908209329.6,0.9999999999998005
zfp_p_24_PRECC,34,1.0,5.443890673200686e-19,0.3309461805555555,6184752837480002.0,0.9999999999998092
zfp_p_24_PRECC,35,1.0,4.480072780236398e-21,0.49189814814814814,3195455580385503.0,0.9999999999998038
zfp_p_24_PRECC,36,0.9999999844384014,1.614294000971556e-20,0.4340277777777778,1.3054258958663271e+22,0.9999999999998083
zfp_p_24_PRECC,37,0.9999999370156283,3.168600151853984e-18,0.3851996527777778,2.011450191243399e+21,0.9999999999997923
zfp_p_24_PRECC,38,0.9999959206101708,7.8454069051402e-10,0.2495659722222222,3.323273803600922e+17,0.9999999999997935
zfp_p_24_PRECC,39,0.9999999877432024,6.219577725315848e-14,0.20616319444444445,3.431420316573226e+20,0.9999999999997778
zfp_p_24_PRECC,40,1.0,1.474297605039823e-14,0.2875434027777778,1089177823002762.4,0.9999999999997798
zfp_p_24_PRECC,41,1.0,6.476685477487038e-29,0.31828703703703703,2512555840226251.0,0.9999999999998014
zfp_p_24_PRECC,42,1.0,8.999866596767097e-27,0.2387152777777778,1.278182232154201e+16,0.999999999999794
zfp_p_24_PRECC,43,0.9999999864005368,6.11911512158743e-15,0.29296875,3.244612932758505e+23,0.9999999999998063
zfp_p_24_PRECC,44,0.9999982428830779,1.3378386442583017e-14,0.41051793981481477,1.3529146831987502e+16,0.9999999999997933
zfp_p_22_PRECC,30,0.9999994112420793,1.4559808112417145e-16,0.5895543981481481,2.556364464308402e+16,0.9999999999966618
zfp_p_22_PRECC,31,0.9999980699220061,1.0509608652279795e-11,0.48828125,2.8120009107392422e+17,0.999999999996831
zfp_p_22_PRECC,32,0.9999999433368317,3.3088086302246633e-08,0.5443431712962963,1836098498626876.2,0.9999999999966686
zfp_p_22_PRECC,33,0.9999996353170749,3.071527678930451e-11,0.3038194444444445,4393751423030066.5,0.9999999999967909
zfp_p_22_PRECC,34,0.9999970251239274,1.5973233163088267e-17,0.564236111111111,3.4634615889888006e+17,0.9999999999969387
zfp_p_22_PRECC,35,0.9999998700129991,2.1549804441217286e-20,0.784866898148148,3.396842875699521e+21,0.9999999999969148
zfp_p_22_PRECC,36,0.9999996843697637,3.829881532797833e-20,0.7034866898148148,3.7297882739037916e+22,0.9999999999968707
zfp_p_22_PRECC,37,0.9999994089640771,3.532992486548795e-18,0.5805121527777778,3.954134626871574e+20,0.9999999999967106
zfp_p_22_PRECC,38,0.9999992570287387,2.553060292645784e-10,0.4231770833333333,2.35185530716373e+18,0.9999999999966576
zfp_p_22_PRECC,39,0.9999992290124466,4.0522264472466287e-14,0.32913773148148145,6184752837480002.0,0.9999999999965019
zfp_p_22_PRECC,40,0.9999999390868783,2.171111097779202e-14,0.45392071759259256,7349548083545401.0,0.9999999999965095
zfp_p_22_PRECC,41,1.0,1.9417782416513702e-28,0.49732349537037035,8.349416330598002e+16,0.9999999999968918
zfp_p_22_PRECC,42,0.9999998252131066,4.706218929829716e-28,0.43221932870370366,2064756047820841.8,0.999999999996697
zfp_p_22_PRECC,43,0.9999993762217384,3.863144697548977e-14,0.4937065972222222,1.0246146103447912e+24,0.9999999999969703
zfp_p_22_PRECC,44,0.9999999894788791,4.516689271321548e-16,0.6094473379629629,5.153960697900001e+16,0.9999999999968111
zfp_p_22_PRECC,45,0.9999999387284826,1.2495957618391412e-11,0.31828703703703703,1.3606456539456002e+16,0.9999999999967903
zfp_p_22_PRECC,46,1.0,1.3941134924177021e-18,0.7288049768518519,1.9890161613950786e+21,0.9999999999968302
zfp_p_22_PRECC,47,1.0,1.2261139224774588e-29,0.7089120370370371,7.669093392925206e+16,0.9999999999969151
zfp_p_22_PRECC,48,0.9999999629110347,2.6905223274689685e-18,0.5696614583333333,6.544293028629509e+19,0.9999999999969743
zfp_p_22_PRECC,49,1.0,7.019663357853578e-17,0.5407262731481481,1.4259157291524982e+24,0.9999999999965693
zfp_p_22_PRECC,50,0.9999999886648626,5.709150814150687e-10,0.35445601851851855,6.889747703182542e+21,0.9999999999967022
zfp_p_22_PRECC,51,0.9999940901432874,3.959672533451118e-08,0.3345630787037037,5411658732795001.0,0.9999999999964944
zfp_p_22_PRECC,52,1.0,2.171111097779202e-14,0.3761574074074074,699005908209329.6,0.9999999999967019
zfp_p_22_PRECC,53,0.9999996706727394,3.681554238575976e-37,0.6311487268518519,4.329326986236001e+16,0.9999999999965812
zfp_p_22_PRECC,54,1.0,2.091316519621131e-16,0.41051793981481477,7589207003415570.0,0.9999999999967962
zfp_p_22_PRECC,55,0.9999981887791135,2.0055158063072676e-11,0.3707320601851852,3.035682801366227e+16,0.9999999999965308
zfp_p_22_PRECC,56,0.999997479000252,2.5911449249072064e-11,0.5208333333333333,1546188236014737.8,0.999999999997031
zfp_p_22_PRECC,57,0.99999992402839,1.0015665630054842e-18,0.47019675925925924,4.154092254501153e+16,0.999999999996818
zfp_p_22_PRECC,58,0.9999887322904387,4.675817821941964e-14,0.5172164351851852,1.0823317465590002e+16,0.9999999999967728
zfp_p_22_PRECC,59,0.9999709509176626,2.2838325112368325e-18,0.7197627314814815,5.91072749217086e+22,0.9999999999968493
zfp_p_24_PRECC,30,1.0,2.3188854843091234e-17,0.33817997685185186,1.3777766157951212e+23,0.9999999999997893
zfp_p_24_PRECC,31,1.0,1.1967332849031347e-11,0.3038194444444445,2.982983853521604e+21,0.999999999999804
zfp_p_24_PRECC,32,1.0,7.614253819769212e-09,0.341796875,2.1646634931180003e+17,0.9999999999997918
zfp_p_24_PRECC,33,1.0,2.943827289945907e-11,0.16999421296296297,699005908209329.6,0.9999999999998005
zfp_p_24_PRECC,34,1.0,5.443890673200686e-19,0.3309461805555555,6184752837480002.0,0.9999999999998092
zfp_p_24_PRECC,35,1.0,4.480072780236398e-21,0.49189814814814814,3195455580385503.0,0.9999999999998038
zfp_p_24_PRECC,36,0.9999999844384014,1.614294000971556e-20,0.4340277777777778,1.3054258958663271e+22,0.9999999999998083
zfp_p_24_PRECC,37,0.9999999370156283,3.168600151853984e-18,0.3851996527777778,2.011450191243399e+21,0.9999999999997923
zfp_p_24_PRECC,38,0.9999959206101708,7.8454069051402e-10,0.2495659722222222,3.323273803600922e+17,0.9999999999997935
zfp_p_24_PRECC,39,0.9999999877432024,6.219577725315848e-14,0.20616319444444445,3.431420316573226e+20,0.9999999999997778
zfp_p_24_PRECC,40,1.0,1.474297605039823e-14,0.2875434027777778,1089177823002762.4,0.9999999999997798
zfp_p_24_PRECC,41,1.0,6.476685477487038e-29,0.31828703703703703,2512555840226251.0,0.9999999999998014
zfp_p_24_PRECC,42,1.0,8.999866596767097e-27,0.2387152777777778,1.278182232154201e+16,0.999999999999794
zfp_p_24_PRECC,43,0.9999999864005368,6.11911512158743e-15,0.29296875,3.244612932758505e+23,0.9999999999998063
zfp_p_24_PRECC,44,0.9999982428830779,1.3378386442583017e-14,0.41051793981481477,1.3529146831987502e+16,0.9999999999997933
zfp_p_24_PRECC,45,1.0,2.3793922101703535e-11,0.1953125,2.7161372433276772e+16,0.9999999999997986
zfp_p_24_PRECC,46,1.0,2.412148777990118e-18,0.4557291666666667,1.1934096968370472e+22,0.9999999999997998
zfp_p_24_PRECC,47,1.0,3.5863781110672342e-28,0.437644675925926,3.87889188368295e+19,0.9999999999998039
zfp_p_24_PRECC,48,0.9999999765637735,1.8797378675305535e-19,0.35988136574074076,3.2721465143147546e+18,0.9999999999998113
zfp_p_24_PRECC,49,1.0,2.055933898621821e-15,0.35445601851851855,3.582897856746797e+20,0.9999999999997972
zfp_p_24_PRECC,50,1.0,1.0341388232742257e-09,0.22786458333333334,5.0659909582224576e+20,0.9999999999997945
zfp_p_24_PRECC,51,0.9999999592737187,8.335222915867741e-08,0.20435474537037038,8504035151535002.0,0.9999999999997776
zfp_p_24_PRECC,52,1.0,1.0487574859677197e-14,0.2387152777777778,511272896321281.25,0.9999999999997923
zfp_p_24_PRECC,53,0.9999999673462631,5.158827687258879e-36,0.44668692129629634,1.1751030391212002e+17,0.9999999999997785
zfp_p_24_PRECC,54,1.0,9.675720594670705e-16,0.2495659722222222,649076914765806.1,0.9999999999997993
zfp_p_24_PRECC,55,1.0,7.1040385448551766e-12,0.220630787037037,2.1090006830544317e+17,0.9999999999997836
zfp_p_24_PRECC,56,1.0,1.4409975476167752e-10,0.35083912037037035,2.7831387768660004e+16,0.9999999999998143
zfp_p_24_PRECC,57,1.0,2.5475822095927264e-18,0.3002025462962963,2.224516532274447e+20,0.9999999999998018
zfp_p_24_PRECC,58,1.0,7.517072138376635e-14,0.31105324074074076,3.4789234710825004e+16,0.9999999999997969
zfp_p_24_PRECC,59,0.9999999596774661,1.1588302159110298e-17,0.4629629629629629,5392331291900536.0,0.9999999999997979
