zfp_p_8_PS,0,0.4486628823500614,0.0,93.56553819444444,0.12545100268627052,0.9949562133992923
zfp_p_8_PS,1,0.447810839948162,0.0,93.62160011574075,0.10832880966514785,0.9949455097386812
zfp_p_8_PS,2,0.44616830138297436,0.0,93.75180844907408,0.12309027772290335,0.9949228923555377
zfp_p_8_PS,3,0.4460262806981315,0.0,94.75188078703704,0.09502456285041222,0.9950347776650393
zfp_p_8_PS,4,0.4327362307070163,0.0,94.41189236111111,0.11063163662141344,0.9948009435576265
zfp_p_8_PS,5,0.43167582325435233,0.0,93.01938657407408,0.09196552131175327,0.9950951982563534
zfp_p_8_PS,6,0.42178595105118993,0.0,93.46426504629629,0.09247441125587454,0.9950225359395308
zfp_p_8_PS,7,0.41629355488516023,0.0,91.93793402777779,0.0937215433137742,0.9952475203490465
zfp_p_8_PS,8,0.44178805810961636,0.0,93.54745370370371,0.12167757604103206,0.9951635808845903
zfp_p_8_PS,9,0.44587619134280554,0.0,94.83145254629629,0.11600762204496268,0.9951006059501625
zfp_p_8_PS,10,0.44731581617015925,0.0,95.25462962962963,0.11856561376605813,0.9950221033299682
zfp_p_8_PS,11,0.4455445957243424,0.0,88.50911458333334,0.10172578752107926,0.9948799082438969
zfp_p_8_PS,12,0.43561842208745455,0.0,92.34664351851852,0.10176466157120646,0.994945695546869
zfp_p_8_PS,13,0.43582356844118647,0.0,92.40813078703704,0.1052349804836914,0.9949646113780534
zfp_p_8_PS,14,0.4380436126861298,0.0,94.64699074074075,0.10764823439604079,0.9949140995055372
set,time,ssim_fp,ks_p_value,spatial_rel_error,max_spatial_rel_error,pearson_correlation_coefficient
zfp_p_8_PS,15,0.4296305360170204,0.0,94.46976273148148,0.11325763717965737,0.9948867299507547
zfp_p_8_PS,16,0.4346566316197676,0.0,94.27083333333334,0.12318385905326167,0.9949297464794157
zfp_p_8_PS,17,0.43490534653735025,0.0,93.98328993055556,0.09062599843980562,0.9949456296886157
zfp_p_8_PS,18,0.43408096004360863,0.0,93.04289641203704,0.09253266798534411,0.994998109219421
zfp_p_8_PS,19,0.44687769089412005,0.0,93.701171875,0.09368175340189498,0.9953968215147502
zfp_p_8_PS,20,0.43342988352295386,0.0,92.78428819444444,0.10153686180634583,0.9952787560795916
zfp_p_8_PS,21,0.4460306943564363,0.0,94.20753761574075,0.09563311434931468,0.9952425939551294
zfp_p_8_PS,22,0.44219724692111695,0.0,94.37572337962963,0.11722546246358043,0.9948710907010562
zfp_p_8_PS,23,0.4420393955204859,0.0,93.15140335648148,0.10050337008416592,0.9950175669584339
zfp_p_8_PS,24,0.4403835027865116,0.0,93.35214120370371,0.1068647521852812,0.9949760127839562
zfp_p_8_PS,25,0.42933140898452776,0.0,92.87471064814815,0.11394874062683938,0.9948815913237238
zfp_p_8_PS,26,0.440177838946545,0.0,93.01938657407408,0.1097696031358771,0.9951065431737074
zfp_p_8_PS,27,0.46070250765735987,0.0,95.19856770833334,0.11855991961522397,0.9950283776601803
zfp_p_8_PS,28,0.4391588038649379,0.0,91.59975405092592,0.10025986482334097,0.9950479072783339
zfp_p_8_PS,29,0.4217905150931092,0.0,92.05005787037037,0.1044030133029057,0.9949016140763144
zfp_p_8_PS,30,0.4165247902675648,0.0,92.78067129629629,0.09331697145500546,0.9950742661467277
zfp_p_8_PS,31,0.42465549480578524,0.0,93.01396122685185,0.09347690784160616,0.9953259154153763
zfp_p_8_PS,32,0.4448337761046756,0.0,93.94892939814815,0.09530167107375202,0.9951622312463556
zfp_p_8_PS,33,0.43885979355661425,0.0,94.34317129629629,0.11995530346317801,0.9950838560691445
zfp_p_8_PS,34,0.4322553808675498,0.0,94.77900752314815,0.10991631061310013,0.9947481764770431
zfp_p_8_PS,35,0.43492951082888115,0.0,93.88925057870371,0.12546371667244924,0.9947735123495651
zfp_p_8_PS,36,0.43880767504174106,0.0,92.92173032407408,0.09683871326184788,0.9949028701182432
zfp_p_8_PS,37,0.4355701908072555,0.0,93.67223668981481,0.12309978780587622,0.9947669363443954
zfp_p_8_PS,38,0.4380510026886369,0.0,94.12977430555556,0.1059150144284496,0.9949577446035425
zfp_p_8_PS,39,0.4324906438136068,0.0,94.08817997685185,0.10210742687510498,0.9950334235157405
zfp_p_8_PS,40,0.43504578125634935,0.0,94.580078125,0.09974869097210644,0.9950413522810364
zfp_p_8_PS,41,0.42827994507159145,0.0,93.68308738425925,0.09146608762761647,0.9951312619602906
zfp_p_8_PS,42,0.42288081174925096,0.0,93.59266493055556,0.09339379512807688,0.9950647868115217
zfp_p_8_PS,43,0.4310060707970659,0.0,92.68844039351852,0.09323859603002536,0.9950452136420754
zfp_p_8_PS,44,0.4324405792264483,0.0,94.50593171296296,0.09553823330160445,0.9950160695457299
zfp_p_10_PS,0,0.6838307573643363,3.1471506755809594e-142,73.20421006944444,0.031032425582795065,0.9994130513207391
zfp_p_10_PS,1,0.673751516825035,5.069527697988837e-221,71.46809895833334,0.02571407234900554,0.9994178281728403
zfp_p_10_PS,2,0.6722958772610528,5.3642119867231395e-241,72.03233506944444,0.025320323435738767,0.9994217297561127
zfp_p_10_PS,3,0.6730718606962158,4.367167630786279e-300,70.61451099537037,0.024969181721572795,0.9994411396307882
zfp_p_10_PS,4,0.6732720778087881,7.679454858252218e-286,69.00499131944444,0.02588163494955539,0.9994225669726279
zfp_p_10_PS,5,0.6731499699392592,3.141623061899221e-226,70.5421730324074,0.026011935009348716,0.9994362113012225
zfp_p_10_PS,6,0.6774070027896648,4.1817004066348e-219,70.20760995370371,0.025691579224909288,0.9994358869254766
zfp_p_10_PS,7,0.675591961163425,1.8979003523923824e-148,70.23111979166666,0.027320092876139276,0.9994362091256489
zfp_p_10_PS,8,0.6745912980998935,1.0744326522520562e-241,71.89850983796296,0.02581166695409152,0.9994482315599342
zfp_p_10_PS,9,0.6822222183166552,4.068654446059162e-261,72.15530960648148,0.02686254691363728,0.9994398063932971
zfp_p_10_PS,10,0.6795658084808,8.82773487789169e-273,71.81893807870371,0.029620575524795828,0.9994261846981294
zfp_p_10_PS,11,0.6769265471549448,4.488391019966061e-162,67.49131944444444,0.024410287489866,0.9994087082851455
zfp_p_10_PS,12,0.6792412755304269,2.0260210202903078e-171,71.1570457175926,0.03122226728727847,0.999411667606007
zfp_p_10_PS,13,0.6716463668305336,2.4014299784456958e-241,70.32877604166666,0.03218114914205707,0.9994279118884515
zfp_p_10_PS,14,0.6653932317354223,3.7932490877877615e-244,70.61270254629629,0.024913544740861864,0.9994300058351857
zfp_p_12_PS,0,0.8193233005474103,4.448728976175975e-07,27.67288773148148,0.008121914801673862,0.9999452639984369
zfp_p_12_PS,1,0.8232092469130363,2.0134154778373832e-13,26.746961805555557,0.006432438819027559,0.9999453889159978
zfp_p_12_PS,2,0.8068549423077753,1.6006396270055374e-15,26.788556134259263,0.0065664334486164305,0.9999452674867632
zfp_p_12_PS,3,0.7946755512394159,1.875294687064204e-31,27.018229166666668,0.006384211431490613,0.9999464367194746
zfp_p_12_PS,4,0.8162768820747746,1.7888568262793802e-22,26.546223958333332,0.006388060180141338,0.9999442268349847
zfp_p_12_PS,5,0.8050791077373447,2.848422656783216e-16,27.15386284722222,0.006457196335666869,0.9999455508538935
zfp_p_12_PS,6,0.8234516294139783,9.079982746650456e-14,27.106843171296298,0.006809904945240327,0.9999458116954174
zfp_p_12_PS,7,0.8191408125720502,1.5854682825646458e-06,27.106843171296298,0.007424006445193371,0.9999458108433433
zfp_p_12_PS,8,0.8114795151520455,1.5113291723883468e-35,26.280381944444443,0.007121173723702328,0.9999487334282013
zfp_p_12_PS,9,0.8215485981999728,6.45153703559616e-16,26.73068576388889,0.0066215745376847065,0.999947114614931
zfp_p_12_PS,10,0.8049786535041337,1.597323316308974e-17,26.580584490740737,0.006954826245510817,0.9999463583907239
zfp_p_12_PS,11,0.8317565531901886,5.715695740058853e-20,26.945891203703702,0.006404611204382148,0.9999435289411301
zfp_p_12_PS,12,0.8301441551776267,2.7624292400170926e-08,26.945891203703702,0.006468672698473766,0.9999444427592411
zfp_p_12_PS,13,0.8056900519531128,1.1967332849030057e-11,27.269603587962965,0.006356559389228936,0.9999446171217786
zfp_p_12_PS,14,0.8020024225150789,1.9715381060113e-12,26.63302951388889,0.006588147213049233,0.9999461594896872
zfp_p_10_PS,15,0.6591039098186591,0.0,69.54029224537037,0.025452651016148062,0.9994279034876267
zfp_p_10_PS,16,0.6663152127804206,0.0,68.23640046296296,0.02312683712085043,0.9994432089028988
zfp_p_10_PS,17,0.6583930242855723,0.0,70.13527199074075,0.025614485040211733,0.999449269285893
zfp_p_10_PS,18,0.6811249346903244,1.1422792441471663e-212,70.13527199074075,0.02754218433238881,0.9994376812505203
zfp_p_10_PS,19,0.6840442905993568,1.5385730966534463e-170,69.72837094907408,0.027707529581156666,0.9994703312308273
zfp_p_10_PS,20,0.677840653019256,8.254163185332843e-166,71.22395833333334,0.025373128059914474,0.9994447631502192
zfp_p_10_PS,21,0.6640896192632988,1.7480703598490896e-263,73.22591145833334,0.023910231994453884,0.9994368569265869
zfp_p_10_PS,22,0.6875042119570289,3.8092317898812596e-256,70.361328125,0.030170300548160233,0.9994169918257925
zfp_p_10_PS,23,0.6684053258473541,4.613569481895678e-184,71.11364293981481,0.031466545395625656,0.9994188873885436
zfp_p_10_PS,24,0.6780946010304685,4.051278936339218e-145,71.47714120370371,0.03118183748366621,0.9994146760672302
zfp_p_10_PS,25,0.6622829205088485,2.831002980320803e-218,69.89474826388889,0.025932691267220587,0.9994210224067333
zfp_p_10_PS,26,0.677345841014535,2.1692491474859724e-262,70.42281539351852,0.024988594504495205,0.999429536907255
zfp_p_10_PS,27,0.6817791122870321,0.0,71.96723090277779,0.024685623944840647,0.9994339411498082
zfp_p_10_PS,28,0.6572515091026324,1.8114573281936887e-233,69.50593171296296,0.02465166367077679,0.9994374134265004
zfp_p_10_PS,29,0.6645978471840325,5.133719614212413e-165,68.35214120370371,0.028117782059330534,0.9994251742436974
zfp_p_10_PS,30,0.6600242179387894,5.342808410717785e-124,68.51128472222221,0.025921240530133376,0.9994425950186562
zfp_p_10_PS,31,0.6636166962187436,6.303265760166976e-174,70.65067997685185,0.025994205531637667,0.9994525331894715
zfp_p_10_PS,32,0.6704763531181458,1.7448445742387543e-259,72.83166956018519,0.024567700874106403,0.9994420805005676
zfp_p_10_PS,33,0.66636472081064,8.532744465799772e-203,71.74660011574075,0.02422420401730182,0.9994214529973503
zfp_p_10_PS,34,0.6686196072326468,1.622274288460352e-228,70.86769386574075,0.02744234548901182,0.9994144228903321
zfp_p_10_PS,35,0.6623040155584816,2.3486828985939947e-221,70.68142361111111,0.024173072522959544,0.9994180417480718
zfp_p_10_PS,36,0.6800865037590302,2.020708888989603e-168,72.32711226851852,0.030536947637537382,0.9994000686994005
zfp_p_10_PS,37,0.6690961772525086,5.9323606935685365e-266,69.75911458333334,0.024316386289093172,0.9994087801184941
zfp_p_10_PS,38,0.6656084232979745,0.0,71.75745081018519,0.028285406696177167,0.9994248786890756
zfp_p_10_PS,39,0.6696402441302016,0.0,68.68308738425925,0.023995363317031813,0.9994331932248222
zfp_p_10_PS,40,0.6578903839789245,3.47027059473e-313,69.38838252314815,0.02584579059844785,0.9994450388760503
zfp_p_10_PS,41,0.6656966265429116,4.742853103554495e-215,69.13519965277779,0.028011551200636458,0.9994457762766337
zfp_p_10_PS,42,0.6763326380627301,9.752201786890458e-187,69.22562210648148,0.028323187703460564,0.9994393198379856
zfp_p_10_PS,43,0.669976455449032,1.4780922778739193e-270,71.55490451388889,0.026181880107269958,0.9994384932972615
zfp_p_10_PS,44,0.6730207880714668,5.567086e-317,72.40668402777779,0.022904644014335365,0.9994502354169137
zfp_p_14_PS,0,0.9264904534513436,0.5973128966469619,0.5841290509259259,0.001754192574987217,0.9999957330946871
zfp_p_14_PS,1,0.9232405127934626,0.3925876500129777,0.5606192129629629,0.001765001617260726,0.9999957225557184
zfp_p_14_PS,2,0.9250781083099879,0.3602479486075776,0.564236111111111,0.0016580077521889712,0.999995721288267
zfp_p_14_PS,3,0.9187585163978239,0.02540922178021976,0.6257233796296297,0.0016752952878876385,0.9999958417618898
zfp_p_14_PS,4,0.9142024048724727,0.1959499499771168,0.5389178240740741,0.001688209437858768,0.9999956315320833
zfp_p_14_PS,5,0.9088522159595697,0.0011493798938264847,0.5714699074074074,0.0018724675318122592,0.9999958221408115
zfp_p_14_PS,6,0.9314224259031504,0.061940266926865495,0.5660445601851852,0.0016507373604919481,0.9999958085111185
zfp_p_14_PS,7,0.9339448319047409,0.6174705516512438,0.5479600694444444,0.001630031927431552,0.9999957845149956
zfp_p_14_PS,8,0.910799481161166,0.002953921876432329,0.5479600694444444,0.0018542726799262745,0.9999959899493969
zfp_p_14_PS,9,0.9233742539202907,0.2905934412133633,0.5913628472222222,0.0017451277551850846,0.9999958858007769
zfp_p_14_PS,10,0.9163819504459341,0.3150711549699029,0.5750868055555556,0.0019233615334830082,0.9999957625785212
zfp_p_14_PS,11,0.9237196514757725,0.01581294161287567,0.5334924768518519,0.0017315936141394596,0.999995621588656
zfp_p_14_PS,12,0.9294336471482018,0.7675420945562454,0.558810763888889,0.0018116978382472229,0.9999956497352884
zfp_p_14_PS,13,0.9154860689795239,0.3925876500130032,0.5334924768518519,0.0019318286856176284,0.99999569846034
zfp_p_14_PS,14,0.9175410526355046,0.45324020168438217,0.5823206018518519,0.0018555621568936342,0.9999957782488198
zfp_p_8_PS,30,0.4165247902675648,0.0,92.78067129629629,0.09331697145500546,0.9950742661467277
zfp_p_8_PS,31,0.42465549480578524,0.0,93.01396122685185,0.09347690784160616,0.9953259154153763
zfp_p_8_PS,32,0.4448337761046756,0.0,93.94892939814815,0.09530167107375202,0.9951622312463556
zfp_p_8_PS,33,0.43885979355661425,0.0,94.34317129629629,0.11995530346317801,0.9950838560691445
zfp_p_8_PS,34,0.4322553808675498,0.0,94.77900752314815,0.10991631061310013,0.9947481764770431
zfp_p_8_PS,35,0.43492951082888115,0.0,93.88925057870371,0.12546371667244924,0.9947735123495651
zfp_p_8_PS,36,0.43880767504174106,0.0,92.92173032407408,0.09683871326184788,0.9949028701182432
zfp_p_8_PS,37,0.4355701908072555,0.0,93.67223668981481,0.12309978780587622,0.9947669363443954
zfp_p_8_PS,38,0.4380510026886369,0.0,94.12977430555556,0.1059150144284496,0.9949577446035425
zfp_p_8_PS,39,0.4324906438136068,0.0,94.08817997685185,0.10210742687510498,0.9950334235157405
zfp_p_8_PS,40,0.43504578125634935,0.0,94.580078125,0.09974869097210644,0.9950413522810364
zfp_p_8_PS,41,0.42827994507159145,0.0,93.68308738425925,0.09146608762761647,0.9951312619602906
zfp_p_8_PS,42,0.42288081174925096,0.0,93.59266493055556,0.09339379512807688,0.9950647868115217
zfp_p_8_PS,43,0.4310060707970659,0.0,92.68844039351852,0.09323859603002536,0.9950452136420754
zfp_p_8_PS,44,0.4324405792264483,0.0,94.50593171296296,0.09553823330160445,0.9950160695457299
zfp_p_8_PS,45,0.44251164640738344,0.0,94.58188657407408,0.1190505600061305,0.9951129659642788
zfp_p_8_PS,46,0.434617570986187,0.0,94.82421875,0.10359365044353583,0.9947028079089647
zfp_p_8_PS,47,0.43261991533726274,0.0,93.9308449074074,0.10560083750198399,0.9947696286166331
zfp_p_8_PS,48,0.43664593463730594,0.0,93.85127314814815,0.11938930670597424,0.994907803856328
zfp_p_8_PS,49,0.4234828082469212,0.0,94.36668113425925,0.09628180128382684,0.9945200967063543
zfp_p_8_PS,50,0.44222886333214145,0.0,93.29969618055556,0.1054765469866331,0.9947872078146855
zfp_p_8_PS,51,0.4449618687690966,0.0,94.73922164351852,0.12018489593683906,0.9948679212546986
zfp_p_8_PS,52,0.4400870230892039,0.0,94.52582465277779,0.0983819592712043,0.9950281485189763
zfp_p_8_PS,53,0.4356112323144586,0.0,92.82769097222221,0.10821073660251486,0.9950941037077513
zfp_p_8_PS,54,0.4313447748443083,0.0,89.9269386574074,0.09245458396139702,0.9953027066936126
zfp_p_8_PS,55,0.4328874616191654,0.0,93.86935763888889,0.09484496548199807,0.9950730416719507
zfp_p_8_PS,56,0.4259908716069499,0.0,93.48415798611111,0.09508045257720854,0.9952130182601785
zfp_p_8_PS,57,0.4390897085037859,0.0,94.81336805555556,0.11433135255851529,0.9950343360946962
zfp_p_8_PS,58,0.44534717891116515,0.0,94.29976851851852,0.10768707586556178,0.9950868711763697
zfp_p_8_PS,59,0.4368613647197924,0.0,90.28139467592592,0.10277681866147706,0.9949961517959284
zfp_p_8_PS,45,0.44251164640738344,0.0,94.58188657407408,0.1190505600061305,0.9951129659642788
zfp_p_8_PS,46,0.434617570986187,0.0,94.82421875,0.10359365044353583,0.9947028079089647
zfp_p_8_PS,47,0.43261991533726274,0.0,93.9308449074074,0.10560083750198399,0.9947696286166331
zfp_p_8_PS,48,0.43664593463730594,0.0,93.85127314814815,0.11938930670597424,0.994907803856328
zfp_p_8_PS,49,0.4234828082469212,0.0,94.36668113425925,0.09628180128382684,0.9945200967063543
zfp_p_8_PS,50,0.44222886333214145,0.0,93.29969618055556,0.1054765469866331,0.9947872078146855
zfp_p_8_PS,51,0.4449618687690966,0.0,94.73922164351852,0.12018489593683906,0.9948679212546986
zfp_p_8_PS,52,0.4400870230892039,0.0,94.52582465277779,0.0983819592712043,0.9950281485189763
zfp_p_8_PS,53,0.4356112323144586,0.0,92.82769097222221,0.10821073660251486,0.9950941037077513
zfp_p_8_PS,54,0.4313447748443083,0.0,89.9269386574074,0.09245458396139702,0.9953027066936126
zfp_p_8_PS,55,0.4328874616191654,0.0,93.86935763888889,0.09484496548199807,0.9950730416719507
zfp_p_8_PS,56,0.4259908716069499,0.0,93.48415798611111,0.09508045257720854,0.9952130182601785
zfp_p_8_PS,57,0.4390897085037859,0.0,94.81336805555556,0.11433135255851529,0.9950343360946962
zfp_p_8_PS,58,0.44534717891116515,0.0,94.29976851851852,0.10768707586556178,0.9950868711763697
zfp_p_8_PS,59,0.4368613647197924,0.0,90.28139467592592,0.10277681866147706,0.9949961517959284
zfp_p_16_PS,0,0.9716671593310384,0.9438198452832373,0.0,0.0004501970208517049,0.9999996833279803
zfp_p_16_PS,1,0.9730315306763601,0.8570362955846845,0.0,0.00046915499711153695,0.9999996810129053
zfp_p_16_PS,2,0.9736398346009585,0.9886072522526788,0.0,0.0004162566857485248,0.9999996830715933
zfp_p_16_PS,3,0.9675551071856973,0.9274867966400123,0.0,0.0004318034431575709,0.9999996856673025
zfp_p_16_PS,4,0.9692182730088217,0.9088268003481503,0.0,0.0003805671867260392,0.999999673169732
zfp_p_16_PS,5,0.9688134130362825,0.9245357221319781,0.0,0.0004992106525378235,0.9999996844842383
zfp_p_16_PS,6,0.9762432000164127,0.8361065241477761,0.0,0.0004275798499511681,0.9999996850766238
zfp_p_16_PS,7,0.9767721454501157,0.9772102884457546,0.0,0.0005196289867519136,0.9999996877990681
zfp_p_16_PS,8,0.9702733056404198,0.7234886441643646,0.0,0.0004429432216077107,0.9999996992723807
zfp_p_16_PS,9,0.9735414897420747,0.8274291868557585,0.0,0.00043113892342676953,0.9999996936626929
zfp_p_16_PS,10,0.9677005125871978,0.9463103849596483,0.0,0.0004615598519427676,0.9999996841296397
zfp_p_16_PS,11,0.970278109778061,0.7770914118154143,0.0,0.00042070288295723213,0.9999996711899358
zfp_p_16_PS,12,0.9715381049756926,0.9857553705707905,0.0,0.0005157065855426043,0.9999996740265978
zfp_p_16_PS,13,0.9718824924330215,0.8185913474922574,0.0,0.0005034202792986006,0.9999996785848883
zfp_p_16_PS,14,0.9688333582957097,0.9799370676349443,0.0,0.0004521164550067687,0.9999996826445107
zfp_p_10_PS,45,0.6741485516157969,0.0,72.68518518518519,0.02826191899372847,0.9994437033821008
zfp_p_10_PS,46,0.6673032498541603,1.04233689054341e-254,69.86581307870371,0.029647166741509013,0.9994244593580378
zfp_p_10_PS,47,0.6782140236142186,2.7306216946578015e-245,71.57841435185185,0.03150908761834372,0.9994129970536288
zfp_p_10_PS,48,0.6656893053581795,1.440222201120421e-209,69.30338541666666,0.030790067765645846,0.9994161139420791
zfp_p_10_PS,49,0.6612648029437932,5.319951031307554e-249,71.47714120370371,0.024338066924270433,0.9993903684774368
zfp_p_10_PS,50,0.6547917313629189,1.5523820088035154e-216,73.1589988425926,0.0249935583612471,0.9994120439856155
zfp_p_10_PS,51,0.6746865368678346,0.0,69.42816840277779,0.025203705861550626,0.999430882602637
zfp_p_10_PS,52,0.6525511660756217,4.4701491071740914e-294,72.82624421296296,0.02431698351116903,0.9994369855186084
zfp_p_10_PS,53,0.6756387175942412,3.350824922751631e-205,68.85308159722221,0.026771374385526382,0.999443249117646
zfp_p_10_PS,54,0.681370733551099,9.209359563250188e-157,69.02126736111111,0.026534172439056015,0.999452876945612
zfp_p_10_PS,55,0.6727495344562151,6.92988920963385e-215,72.01244212962963,0.029281729216318914,0.9994415822460664
zfp_p_10_PS,56,0.6666082179159042,4.425594268528564e-193,71.73755787037037,0.026373748816134003,0.9994440584651567
zfp_p_10_PS,57,0.6811688409285671,1.7480703598490896e-263,73.31995081018519,0.028776270764676874,0.9994370474756938
zfp_p_10_PS,58,0.6872510999849267,1.0768314463933013e-182,72.34338831018519,0.024041320662563714,0.9994297135073175
zfp_p_10_PS,59,0.6719440232041662,2.4973976701701704e-206,70.94545717592592,0.025366230227522147,0.9994092171910075
zfp_p_12_PS,15,0.7998110908623308,1.3582657636204143e-23,26.92599826388889,0.006921471622135418,0.9999449076591889
zfp_p_12_PS,16,0.8148005308251618,8.184447027100471e-36,27.77777777777778,0.007043255447809685,0.9999446127538236
zfp_p_12_PS,17,0.7984058443054818,1.2477137906839127e-24,27.423321759259263,0.006687405278221337,0.9999463806200278
zfp_p_12_PS,18,0.8232149006965624,1.4559808112415986e-16,27.813946759259263,0.007019580794555853,0.9999448898686066
zfp_p_12_PS,19,0.8242090982619721,1.1460656060502204e-11,26.701750578703702,0.007066761401157312,0.9999496267811939
zfp_p_12_PS,20,0.8210772273210283,2.221856423890202e-08,26.54984085648148,0.007547125478428316,0.9999474811760681
zfp_p_12_PS,21,0.806579932479714,7.104038544855236e-12,26.513671875,0.0064627870729847756,0.9999475243427032
zfp_p_12_PS,22,0.8200433504792504,8.625994518569709e-15,26.991102430555557,0.008164309158760846,0.9999443858296032
zfp_p_12_PS,23,0.8132453200759231,2.353771314931244e-10,26.66558159722222,0.007191872787031716,0.9999451801008686
zfp_p_12_PS,24,0.8225572032438454,3.1262812505243897e-10,27.124927662037035,0.006313845694906361,0.9999451668427691
zfp_p_12_PS,25,0.8072334189250762,8.45773643129834e-12,26.84100115740741,0.006883661363665863,0.9999447782545205
zfp_p_12_PS,26,0.8141600628911027,2.2718797142837263e-15,26.895254629629626,0.007961956149745009,0.9999456842812636
zfp_p_12_PS,27,0.8121662200625699,8.13655801004278e-41,26.52813946759259,0.007427076813990254,0.9999469185929064
zfp_p_12_PS,28,0.8087819889697084,5.9635516580589425e-12,26.739728009259263,0.00729075194495401,0.999945573342874
zfp_p_12_PS,29,0.7974318152979913,2.2599159558136568e-10,27.607783564814813,0.0067881057976988644,0.9999428849958611
zfp_p_12_PS,30,0.8106849537310582,1.1903666576761818e-08,27.605975115740737,0.006831261359250288,0.9999447160920529
zfp_p_12_PS,31,0.8087579023188002,2.943827289946531e-11,27.52640335648148,0.0074041581711496674,0.9999474183927459
zfp_p_12_PS,32,0.8116748672430352,3.082325313693723e-22,26.607711226851855,0.0064927592020298935,0.9999477715634443
zfp_p_12_PS,33,0.8062421183077035,2.0830571437400594e-10,26.761429398148145,0.006274327367877038,0.9999457305008768
zfp_p_12_PS,34,0.8071371367192868,7.090743172949067e-15,26.57515914351852,0.007398619163318197,0.9999441671135508
zfp_p_12_PS,35,0.8087234074704792,1.2450447340969794e-15,27.054398148148145,0.006544379123020525,0.9999446032261106
zfp_p_12_PS,36,0.8238410416419993,1.141129418833284e-07,27.039930555555557,0.00657310398453127,0.9999433109540088
zfp_p_12_PS,37,0.8132718665389391,2.632408043634266e-14,26.853660300925924,0.007553797787472836,0.9999439531027975
zfp_p_12_PS,38,0.8040266923590509,8.044499970119489e-20,27.119502314814813,0.006231134253836732,0.9999450709547814
zfp_p_12_PS,39,0.8148859675355209,4.1276153720684256e-31,26.746961805555557,0.00749808975055135,0.9999459649013438
zfp_p_12_PS,40,0.8185744839520305,3.362770694886101e-26,26.276765046296298,0.00660827840990286,0.999946297913768
zfp_p_12_PS,41,0.8182016159048058,3.2242436454957926e-20,26.746961805555557,0.007055976940527684,0.9999465400561921
zfp_p_12_PS,42,0.8157271652576797,6.182680466456314e-10,27.039930555555557,0.007749675671855157,0.9999454445502742
zfp_p_12_PS,43,0.8119423784053161,1.2041148055366964e-13,27.360026041666668,0.007394678458633081,0.999945470081279
zfp_p_12_PS,44,0.8045171816231567,2.6846797793180095e-23,27.16109664351852,0.007761674082069168,0.9999472768521196
zfp_p_18_PS,0,0.9928412793070454,0.9894589588557965,0.0,0.00011222699061278307,0.9999999767895613
zfp_p_18_PS,1,0.9924148252559062,0.9638396229864775,0.0,0.00012337274775851286,0.9999999764720062
zfp_p_18_PS,2,0.9899338616309038,0.9772102884457591,0.0,0.0001231205906611046,0.9999999763744293
zfp_p_18_PS,3,0.9901979887766456,0.9812127457537417,0.0,0.00013145140116955267,0.9999999770557536
zfp_p_18_PS,4,0.990130528062244,0.9598548012979877,0.0,0.0001095336297447477,0.9999999755372478
zfp_p_18_PS,5,0.9891592996360308,0.9274867966400123,0.0,0.00010233555552072664,0.9999999764288202
zfp_p_18_PS,6,0.9918522085234884,0.9577635476196757,0.0,0.00011416453987513678,0.9999999766200848
zfp_p_18_PS,7,0.9913386604152872,0.9710296241390252,0.0,0.00011068299950703928,0.9999999769553815
zfp_p_18_PS,8,0.9912682224071707,0.9657338909720964,0.0,0.00011041506024920953,0.9999999775602206
zfp_p_18_PS,9,0.9908726311963537,0.9577635476196626,0.0,0.0001188518292562328,0.9999999769729412
zfp_p_18_PS,10,0.9897551877942926,0.9693283558452763,0.0,0.00012233803740654256,0.9999999765577846
zfp_p_18_PS,11,0.9915892743437275,0.9184411687877915,0.0,0.00011180485677520072,0.9999999756004605
zfp_p_18_PS,12,0.9903577090567239,0.9463103849596483,0.0,0.00013513178760961658,0.9999999761061917
zfp_p_18_PS,13,0.990295604351394,0.969328355845287,0.0,0.00012052913709173118,0.9999999760789301
zfp_p_18_PS,14,0.9905418983175637,0.9772102884457546,0.0,0.00011680038813667442,0.9999999762392245
zfp_p_10_PS,30,0.6600242179387894,5.342808410717785e-124,68.51128472222221,0.025921240530133376,0.9994425950186562
zfp_p_10_PS,31,0.6636166962187436,6.303265760166976e-174,70.65067997685185,0.025994205531637667,0.9994525331894715
zfp_p_10_PS,32,0.6704763531181458,1.7448445742387543e-259,72.83166956018519,0.024567700874106403,0.9994420805005676
zfp_p_10_PS,33,0.66636472081064,8.532744465799772e-203,71.74660011574075,0.02422420401730182,0.9994214529973503
zfp_p_10_PS,34,0.6686196072326468,1.622274288460352e-228,70.86769386574075,0.02744234548901182,0.9994144228903321
zfp_p_10_PS,35,0.6623040155584816,2.3486828985939947e-221,70.68142361111111,0.024173072522959544,0.9994180417480718
zfp_p_10_PS,36,0.6800865037590302,2.020708888989603e-168,72.32711226851852,0.030536947637537382,0.9994000686994005
zfp_p_10_PS,37,0.6690961772525086,5.9323606935685365e-266,69.75911458333334,0.024316386289093172,0.9994087801184941
zfp_p_10_PS,38,0.6656084232979745,0.0,71.75745081018519,0.028285406696177167,0.9994248786890756
zfp_p_10_PS,39,0.6696402441302016,0.0,68.68308738425925,0.023995363317031813,0.9994331932248222
zfp_p_10_PS,40,0.6578903839789245,3.47027059473e-313,69.38838252314815,0.02584579059844785,0.9994450388760503
zfp_p_10_PS,41,0.6656966265429116,4.742853103554495e-215,69.13519965277779,0.028011551200636458,0.9994457762766337
zfp_p_10_PS,42,0.6763326380627301,9.752201786890458e-187,69.22562210648148,0.028323187703460564,0.9994393198379856
zfp_p_10_PS,43,0.669976455449032,1.4780922778739193e-270,71.55490451388889,0.026181880107269958,0.9994384932972615
zfp_p_10_PS,44,0.6730207880714668,5.567086e-317,72.40668402777779,0.022904644014335365,0.9994502354169137
zfp_p_10_PS,45,0.6741485516157969,0.0,72.68518518518519,0.02826191899372847,0.9994437033821008
zfp_p_10_PS,46,0.6673032498541603,1.04233689054341e-254,69.86581307870371,0.029647166741509013,0.9994244593580378
zfp_p_10_PS,47,0.6782140236142186,2.7306216946578015e-245,71.57841435185185,0.03150908761834372,0.9994129970536288
zfp_p_10_PS,48,0.6656893053581795,1.440222201120421e-209,69.30338541666666,0.030790067765645846,0.9994161139420791
zfp_p_10_PS,49,0.6612648029437932,5.319951031307554e-249,71.47714120370371,0.024338066924270433,0.9993903684774368
zfp_p_10_PS,50,0.6547917313629189,1.5523820088035154e-216,73.1589988425926,0.0249935583612471,0.9994120439856155
zfp_p_10_PS,51,0.6746865368678346,0.0,69.42816840277779,0.025203705861550626,0.999430882602637
zfp_p_10_PS,52,0.6525511660756217,4.4701491071740914e-294,72.82624421296296,0.02431698351116903,0.9994369855186084
zfp_p_10_PS,53,0.6756387175942412,3.350824922751631e-205,68.85308159722221,0.026771374385526382,0.999443249117646
zfp_p_10_PS,54,0.681370733551099,9.209359563250188e-157,69.02126736111111,0.026534172439056015,0.999452876945612
zfp_p_10_PS,55,0.6727495344562151,6.92988920963385e-215,72.01244212962963,0.029281729216318914,0.9994415822460664
zfp_p_10_PS,56,0.6666082179159042,4.425594268528564e-193,71.73755787037037,0.026373748816134003,0.9994440584651567
zfp_p_10_PS,57,0.6811688409285671,1.7480703598490896e-263,73.31995081018519,0.028776270764676874,0.9994370474756938
zfp_p_10_PS,58,0.6872510999849267,1.0768314463933013e-182,72.34338831018519,0.024041320662563714,0.9994297135073175
zfp_p_10_PS,59,0.6719440232041662,2.4973976701701704e-206,70.94545717592592,0.025366230227522147,0.9994092171910075
zfp_p_12_PS,45,0.8228472652642161,1.4230229057378037e-51,26.46484375,0.005860985915409946,0.9999479922885396
zfp_p_12_PS,46,0.8073531398829419,6.669464698023552e-13,27.012803819444443,0.006197936493313332,0.9999449509085906
zfp_p_12_PS,47,0.8171578710523849,5.037423373054093e-21,27.20269097222222,0.005944649650239388,0.99994431830706
zfp_p_12_PS,48,0.8053658825982797,1.196607868474196e-19,27.043547453703702,0.006136501620294023,0.9999441581309797
zfp_p_12_PS,49,0.8065342428190888,1.0797150410592793e-10,26.935040509259263,0.006744138772240425,0.9999421676888997
zfp_p_12_PS,50,0.81305092091893,5.538552107148999e-16,27.150245949074076,0.007977863278479783,0.9999443340236471
zfp_p_12_PS,51,0.7945083050001661,1.0351392977678808e-22,26.725260416666668,0.0064077955540897125,0.9999460552647272
zfp_p_12_PS,52,0.798463002717597,8.783931947393384e-24,26.707175925925924,0.0066910748718140714,0.9999466773241752
zfp_p_12_PS,53,0.7984407218255687,4.0301492159209603e-13,27.095992476851855,0.008020253854412717,0.9999458274917136
zfp_p_12_PS,54,0.8270369015740215,9.188831042925692e-10,27.63129340277778,0.006105857462431188,0.9999465982943821
zfp_p_12_PS,55,0.8170416773540283,1.202776803499988e-12,26.900679976851855,0.0072373267129195425,0.9999470717198297
zfp_p_12_PS,56,0.8091994981609322,5.709150814150687e-10,26.546223958333332,0.007469392635068827,0.9999471598961072
zfp_p_12_PS,57,0.824112369467149,9.98808386733776e-15,26.524522569444443,0.006777773733842208,0.9999475613953803
zfp_p_12_PS,58,0.8276442303062068,3.510656622144221e-14,27.647569444444443,0.007931780476351836,0.999945945702671
zfp_p_12_PS,59,0.8123789487441327,1.6480923716139019e-12,27.02907986111111,0.006687429329591485,0.9999437367861805
zfp_p_20_PS,0,0.9974829640191711,0.9824313070171041,0.0,3.0456763939658265e-05,0.9999999983034737
zfp_p_20_PS,1,0.9978133705880768,0.9533820675749933,0.0,2.7051670647866792e-05,0.9999999982768787
zfp_p_20_PS,2,0.9969350751524353,0.9847014623545749,0.0,2.4756830161873358e-05,0.9999999982495171
zfp_p_20_PS,3,0.9971922684469362,0.9757572870242889,0.0,3.072462266871439e-05,0.9999999982919524
zfp_p_20_PS,4,0.9971237606967025,0.94381984528324,0.0,2.686954534794664e-05,0.9999999981906272
zfp_p_20_PS,5,0.9979554211672312,0.9799370676349443,0.0,2.963230004314512e-05,0.9999999982631033
zfp_p_20_PS,6,0.9977953723959053,0.9412627697054958,0.0,3.309225016270356e-05,0.9999999982851185
zfp_p_20_PS,7,0.9976036996099459,0.9638396229864716,0.0,2.618142084362847e-05,0.999999998293177
zfp_p_20_PS,8,0.9980975482534429,0.9902634765712478,0.0,2.5626328674442197e-05,0.9999999983484259
zfp_p_20_PS,9,0.9961747276191366,0.969328355845287,0.0,3.2651725655320714e-05,0.9999999983274854
zfp_p_20_PS,10,0.9967862397971914,0.9710296241390252,0.0,2.9208350235101025e-05,0.9999999982897523
zfp_p_20_PS,11,0.9975182300269034,0.9847014623545798,0.0,2.9478872492084922e-05,0.9999999982139928
zfp_p_20_PS,12,0.9974897087384549,0.969328355845283,0.0,3.193290859753196e-05,0.999999998228981
zfp_p_20_PS,13,0.9975617365390953,0.9598548012979877,0.0,3.0506798711146218e-05,0.9999999982656017
zfp_p_20_PS,14,0.9967824014012064,0.9867567856551565,0.0,2.654408801562367e-05,0.9999999982600365
zfp_p_22_PS,0,0.9993047160940627,0.9857553705707909,0.0,6.967943426167122e-06,0.9999999998873084
zfp_p_22_PS,1,0.9995147547769945,0.9824313070171046,0.0,8.555553944787683e-06,0.9999999998856521
zfp_p_22_PS,2,0.999300206933754,0.9799370676349443,0.0,7.845661078286891e-06,0.9999999998849577
zfp_p_22_PS,3,0.9993275839482433,0.9835938348049768,0.0,7.447892391919735e-06,0.9999999998876453
zfp_p_22_PS,4,0.9994268905928886,0.9867567856551565,0.0,6.6301692704689905e-06,0.9999999998821059
zfp_p_22_PS,5,0.9991437098935875,0.9894589588557943,0.0,8.527962960060553e-06,0.9999999998853221
zfp_p_22_PS,6,0.9995980247747772,0.9886072522526788,0.0,7.94530283703717e-06,0.9999999998858299
zfp_p_22_PS,7,0.9993140613848119,0.9757572870242883,0.0,6.625349723817565e-06,0.9999999998862752
zfp_p_22_PS,8,0.9993959764734329,0.9867567856551565,0.0,6.571662929158981e-06,0.999999999891005
zfp_p_22_PS,9,0.9989674155276127,0.9894589588557943,0.0,7.429638103556015e-06,0.9999999998881856
zfp_p_22_PS,10,0.999262631750421,0.9824313070171046,0.0,7.429211991738716e-06,0.9999999998859261
zfp_p_22_PS,11,0.999471956693367,0.9867567856551565,0.0,8.634958738389353e-06,0.9999999998809962
zfp_p_22_PS,12,0.9996931017499321,0.9902634765712475,0.0,7.015305057199791e-06,0.9999999998836249
zfp_p_22_PS,13,0.9995660613128734,0.9799370676349457,0.0,6.665899146753611e-06,0.9999999998843169
zfp_p_22_PS,14,0.9986933813706914,0.9835938348049789,0.0,6.909917396125358e-06,0.9999999998863702
zfp_p_14_PS,45,0.9222511519903478,0.02977262952028592,0.5732783564814815,0.0018304257561551336,0.9999959020748432
zfp_p_14_PS,46,0.9158983106240617,0.20628418944159754,0.5570023148148148,0.0020634556429793794,0.9999957169929388
zfp_p_14_PS,47,0.9229989758946394,0.3296801020063278,0.5750868055555556,0.0017386109197976775,0.9999957184649686
zfp_p_14_PS,48,0.9195730692268271,0.06914829165482572,0.5985966435185185,0.0018043714121038499,0.9999956823691012
zfp_p_14_PS,49,0.9192260116270622,0.37217026043903567,0.5479600694444444,0.0018659845261611195,0.9999954630097277
zfp_p_14_PS,50,0.9191667049879176,0.21978524301266444,0.5787037037037037,0.0017911147716847464,0.9999956505660359
zfp_p_14_PS,51,0.9156458960589781,0.061940266926865495,0.5479600694444444,0.0022304142290981983,0.9999957541415058
zfp_p_14_PS,52,0.9277288727931546,0.0030187114183172856,0.537109375,0.0017683921366640914,0.9999958294360378
zfp_p_14_PS,53,0.9331239729751816,0.0008078706048038672,0.5805121527777778,0.0017852954889066338,0.999995839849006
zfp_p_14_PS,54,0.933044921161301,0.19093562947592368,0.5841290509259259,0.0019159492076047159,0.9999959163207991
zfp_p_14_PS,55,0.9225860368713312,0.08967552402297763,0.5931712962962963,0.0018449386500927584,0.9999959016481856
zfp_p_14_PS,56,0.9169762580322656,0.21703255148847012,0.5913628472222222,0.001945103368737138,0.9999958885501007
zfp_p_14_PS,57,0.9232939965919829,0.2940055330262662,0.5949797453703703,0.001731007611318487,0.9999958278350917
zfp_p_14_PS,58,0.9282121398479282,0.2398011367473024,0.5515769675925926,0.001798148342936502,0.999995821918702
zfp_p_14_PS,59,0.9248012728677591,0.2310617702689185,0.564236111111111,0.0019480525978871578,0.9999956348754646
zfp_p_14_PS,15,0.9091476997297394,0.02540922178021976,0.5696614583333333,0.0020546848775953894,0.999995707362488
zfp_p_14_PS,16,0.9211717853416381,0.006305432528786736,0.5497685185185185,0.0018721266949798343,0.9999957942972124
zfp_p_14_PS,17,0.9083409682931493,0.0023212055807079438,0.5805121527777778,0.0017305060175833984,0.9999958692447829
zfp_p_14_PS,18,0.9274557863837033,0.01641475035211065,0.5660445601851852,0.001875495114062505,0.9999957463129359
zfp_p_14_PS,19,0.9250829851454672,0.17187222250188405,0.5624276620370371,0.0016376092948809464,0.9999961080688204
zfp_p_14_PS,20,0.9242329945046336,0.4222909307660543,0.5353009259259259,0.0021667226409376288,0.999995905443893
zfp_p_14_PS,21,0.9158695169578684,0.1836022049019832,0.5787037037037037,0.0016939662451007404,0.9999958793609244
zfp_p_14_PS,22,0.9194460449192062,0.0016591943282469638,0.5353009259259259,0.001790547206749918,0.9999956878881697
zfp_p_14_PS,23,0.9258073329577955,0.3371538149340755,0.5768952546296297,0.0018869924280634069,0.9999957161878995
zfp_p_14_PS,24,0.9290233132750103,0.21430621582667253,0.5443431712962963,0.0018029102093931148,0.9999957089523724
zfp_p_14_PS,25,0.9225046344033407,0.17416963119084383,0.5841290509259259,0.0020710943662631334,0.9999956395928384
zfp_p_14_PS,26,0.9267879625085037,0.25491145223068934,0.5515769675925926,0.0017780135275103656,0.9999957322727839
zfp_p_14_PS,27,0.9100900866560862,0.016111327639668015,0.6022135416666667,0.0019368646279959694,0.9999958507859591
zfp_p_14_PS,28,0.9175961375005214,0.3602479486075776,0.5750868055555556,0.0018758299417041097,0.9999957831758702
zfp_p_14_PS,29,0.929327063567253,0.019032347299193703,0.5497685185185185,0.0017119433425706024,0.999995631832553
zfp_p_14_PS,30,0.9255616725069079,0.3884500589103068,0.5353009259259259,0.0017157821576084282,0.9999957437251792
zfp_p_14_PS,31,0.9195874029742199,0.20106579601313457,0.5696614583333333,0.001797847890067927,0.9999959685936357
zfp_p_14_PS,32,0.9216991677739067,0.0012321505183798896,0.564236111111111,0.002029501342358275,0.9999959260570643
zfp_p_14_PS,33,0.9222064468722382,0.3447399845281137,0.5606192129629629,0.001874370722270034,0.9999957383379439
zfp_p_14_PS,34,0.9099573276937825,0.12359329971835797,0.5750868055555556,0.002198189621242101,0.9999956188966459
zfp_p_14_PS,35,0.9154507722895362,0.28720953526855353,0.564236111111111,0.0019014469991456835,0.9999956882926806
zfp_p_14_PS,36,0.9230144661132628,0.19343016402787094,0.5497685185185185,0.0020909009132121744,0.9999955806502712
zfp_p_14_PS,37,0.9239112570230705,0.2674958935528159,0.5750868055555556,0.0017402438314968356,0.9999956067959606
zfp_p_14_PS,38,0.9165613324400974,0.20366211159895287,0.5714699074074074,0.0020098326576574468,0.9999957090576937
zfp_p_14_PS,39,0.9174183853847712,0.009603141464338858,0.5859375,0.002155355822032309,0.9999957756716913
zfp_p_14_PS,40,0.9283974993947695,0.02010619647128911,0.5190248842592593,0.001746796419372938,0.999995828779636
zfp_p_14_PS,41,0.921504421102267,0.05905377778048959,0.537109375,0.0021951369155435527,0.9999958460951556
zfp_p_14_PS,42,0.9294514567939842,0.21978524301264757,0.5732783564814815,0.002131586053912643,0.9999957514902388
zfp_p_14_PS,43,0.9177403844859087,0.3641944510066034,0.5280671296296297,0.0017982592850121083,0.9999958180536246
zfp_p_14_PS,44,0.9229404439203459,0.12359329971835797,0.5696614583333333,0.0017592206844614174,0.9999959316204318
zfp_p_24_PS,0,0.9999127426211962,0.987706976557158,0.0,2.0293953331501204e-06,0.9999999999927818
zfp_p_24_PS,1,0.9999465342035978,0.9910222164963423,0.0,1.7655149035940588e-06,0.9999999999927099
zfp_p_24_PS,2,0.9999225921001699,0.9757572870242877,0.0,1.7286320660890612e-06,0.9999999999927266
zfp_p_24_PS,3,0.9998729058730019,0.9867567856551565,0.0,1.6236989532244806e-06,0.9999999999928804
zfp_p_24_PS,4,0.9997841688183641,0.978603241143648,0.0,1.8176675009003135e-06,0.9999999999924981
zfp_p_24_PS,5,0.9999454884426217,0.9946953694443021,0.0,1.8683979865209099e-06,0.9999999999927954
zfp_p_24_PS,6,0.9998905767029137,0.9930382728859259,0.0,1.8712220805868818e-06,0.9999999999928126
zfp_p_24_PS,7,0.9998418549046239,0.9886072522526788,0.0,2.054107983369217e-06,0.9999999999928404
zfp_p_24_PS,8,0.9999620313668486,0.9951750396552371,0.0,1.92836955582707e-06,0.9999999999930879
zfp_p_24_PS,9,0.9996079696524676,0.9910222164963389,0.0,1.922137047346336e-06,0.9999999999929768
zfp_p_24_PS,10,0.9999354747313619,0.9951750396552375,0.0,1.8111140449770813e-06,0.9999999999928036
zfp_p_24_PS,11,0.9998585512204953,0.990263476571248,0.0,2.222054827425223e-06,0.9999999999925021
zfp_p_24_PS,12,0.9999759732831832,0.9894589588557943,0.0,1.7797089597445406e-06,0.999999999992665
zfp_p_24_PS,13,0.9998806802969593,0.994180369085296,0.0,1.947739234723516e-06,0.9999999999926427
zfp_p_24_PS,14,0.9996694997336923,0.9799370676349443,0.0,1.8479498516483743e-06,0.9999999999927782
zfp_p_16_PS,45,0.9701940031746109,0.5822833175543951,0.0,0.0005942282061028488,0.9999996921556848
zfp_p_16_PS,46,0.9675432964836514,0.7034893011033707,0.0,0.00046355744466520935,0.9999996779284317
zfp_p_16_PS,47,0.974556190146829,0.7723296272756062,0.0,0.00043444926633863355,0.999999678012876
zfp_p_16_PS,48,0.9695059455071461,0.8274291868557585,0.0,0.0004970275558657477,0.9999996762952914
zfp_p_16_PS,49,0.9736475365783629,0.6883812183731033,0.0,0.000497432528696312,0.9999996582875192
zfp_p_16_PS,50,0.9709845034314315,0.9857553705707905,0.0,0.0004594473198030206,0.9999996766303093
zfp_p_16_PS,51,0.9689658485925172,0.9847014623545749,0.0,0.0004341271609223389,0.9999996804140538
zfp_p_16_PS,52,0.9711760954562312,0.9638396229864656,0.0,0.0004967780612231927,0.99999968779608
zfp_p_16_PS,53,0.9722882904006467,0.7432594250048107,0.0,0.0004410095261411331,0.999999689667763
zfp_p_16_PS,54,0.9749229693848257,0.800472321108585,0.0,0.0004807095893809701,0.9999996955812032
zfp_p_16_PS,55,0.970689246827481,0.9510915100793149,0.0,0.0004801914499336918,0.9999996918500094
zfp_p_16_PS,56,0.968681754624346,0.7770914118154143,0.0,0.0005020362582889724,0.9999996939967017
zfp_p_16_PS,57,0.9690351793749445,0.7818262583134914,0.0,0.00047661254997655996,0.9999996918768276
zfp_p_16_PS,58,0.9742614636611974,0.6984618690522773,0.0,0.0005956418061287674,0.9999996893928773
zfp_p_16_PS,59,0.9712681520408799,0.8529422001861944,0.0,0.0004728304804850321,0.9999996783272149
zfp_p_12_PS,30,0.8106849537310582,1.1903666576761818e-08,27.605975115740737,0.006831261359250288,0.9999447160920529
zfp_p_12_PS,31,0.8087579023188002,2.943827289946531e-11,27.52640335648148,0.0074041581711496674,0.9999474183927459
zfp_p_12_PS,32,0.8116748672430352,3.082325313693723e-22,26.607711226851855,0.0064927592020298935,0.9999477715634443
zfp_p_12_PS,33,0.8062421183077035,2.0830571437400594e-10,26.761429398148145,0.006274327367877038,0.9999457305008768
zfp_p_12_PS,34,0.8071371367192868,7.090743172949067e-15,26.57515914351852,0.007398619163318197,0.9999441671135508
zfp_p_12_PS,35,0.8087234074704792,1.2450447340969794e-15,27.054398148148145,0.006544379123020525,0.9999446032261106
zfp_p_12_PS,36,0.8238410416419993,1.141129418833284e-07,27.039930555555557,0.00657310398453127,0.9999433109540088
zfp_p_12_PS,37,0.8132718665389391,2.632408043634266e-14,26.853660300925924,0.007553797787472836,0.9999439531027975
zfp_p_12_PS,38,0.8040266923590509,8.044499970119489e-20,27.119502314814813,0.006231134253836732,0.9999450709547814
zfp_p_12_PS,39,0.8148859675355209,4.1276153720684256e-31,26.746961805555557,0.00749808975055135,0.9999459649013438
zfp_p_12_PS,40,0.8185744839520305,3.362770694886101e-26,26.276765046296298,0.00660827840990286,0.999946297913768
zfp_p_12_PS,41,0.8182016159048058,3.2242436454957926e-20,26.746961805555557,0.007055976940527684,0.9999465400561921
zfp_p_12_PS,42,0.8157271652576797,6.182680466456314e-10,27.039930555555557,0.007749675671855157,0.9999454445502742
zfp_p_12_PS,43,0.8119423784053161,1.2041148055366964e-13,27.360026041666668,0.007394678458633081,0.999945470081279
zfp_p_12_PS,44,0.8045171816231567,2.6846797793180095e-23,27.16109664351852,0.007761674082069168,0.9999472768521196
zfp_p_12_PS,45,0.8228472652642161,1.4230229057378037e-51,26.46484375,0.005860985915409946,0.9999479922885396
zfp_p_12_PS,46,0.8073531398829419,6.669464698023552e-13,27.012803819444443,0.006197936493313332,0.9999449509085906
zfp_p_12_PS,47,0.8171578710523849,5.037423373054093e-21,27.20269097222222,0.005944649650239388,0.99994431830706
zfp_p_12_PS,48,0.8053658825982797,1.196607868474196e-19,27.043547453703702,0.006136501620294023,0.9999441581309797
zfp_p_12_PS,49,0.8065342428190888,1.0797150410592793e-10,26.935040509259263,0.006744138772240425,0.9999421676888997
zfp_p_12_PS,50,0.81305092091893,5.538552107148999e-16,27.150245949074076,0.007977863278479783,0.9999443340236471
zfp_p_12_PS,51,0.7945083050001661,1.0351392977678808e-22,26.725260416666668,0.0064077955540897125,0.9999460552647272
zfp_p_12_PS,52,0.798463002717597,8.783931947393384e-24,26.707175925925924,0.0066910748718140714,0.9999466773241752
zfp_p_12_PS,53,0.7984407218255687,4.0301492159209603e-13,27.095992476851855,0.008020253854412717,0.9999458274917136
zfp_p_12_PS,54,0.8270369015740215,9.188831042925692e-10,27.63129340277778,0.006105857462431188,0.9999465982943821
zfp_p_12_PS,55,0.8170416773540283,1.202776803499988e-12,26.900679976851855,0.0072373267129195425,0.9999470717198297
zfp_p_12_PS,56,0.8091994981609322,5.709150814150687e-10,26.546223958333332,0.007469392635068827,0.9999471598961072
zfp_p_12_PS,57,0.824112369467149,9.98808386733776e-15,26.524522569444443,0.006777773733842208,0.9999475613953803
zfp_p_12_PS,58,0.8276442303062068,3.510656622144221e-14,27.647569444444443,0.007931780476351836,0.999945945702671
zfp_p_12_PS,59,0.8123789487441327,1.6480923716139019e-12,27.02907986111111,0.006687429329591485,0.9999437367861805
zfp_p_18_PS,45,0.9887713800848378,0.9693283558452763,0.0,0.00011043198292694933,0.9999999772143744
zfp_p_18_PS,46,0.98981435247589,0.9812127457537446,0.0,0.00012558842616072554,0.9999999761347461
zfp_p_18_PS,47,0.9910907492237977,0.9772102884457546,0.0,0.00011032531076141878,0.9999999763253318
zfp_p_18_PS,48,0.9887226606527816,0.9359496976270058,0.0,0.00011681638321751881,0.9999999760773784
zfp_p_18_PS,49,0.9909161595742835,0.9638396229864656,0.0,0.0001193056131269644,0.9999999747906406
zfp_p_18_PS,50,0.9925644722523577,0.9487342876642282,0.0,0.00011552559933243061,0.9999999759542147
zfp_p_18_PS,51,0.9895613530031793,0.9867567856551565,0.0,0.0001215196567864317,0.9999999762367158
zfp_p_18_PS,52,0.9889297088995901,0.9835938348049768,0.0,0.00011474558658928707,0.9999999766416608
zfp_p_18_PS,53,0.992089985110515,0.9824313070171046,0.0,0.00012839995671627994,0.9999999768732253
zfp_p_18_PS,54,0.9908144656100325,0.9577635476196757,0.0,0.00010899239843716663,0.9999999771879516
zfp_p_18_PS,55,0.9900587817785247,0.9772102884457546,0.0,0.0001333445088731246,0.9999999772077758
zfp_p_18_PS,56,0.9904479341552793,0.9577635476196757,0.0,0.00011050852202362647,0.9999999770852147
zfp_p_18_PS,57,0.9911406783560247,0.967563300305751,0.0,0.00012095116654866051,0.9999999768078434
zfp_p_18_PS,58,0.9905203073687803,0.9847014623545794,0.0,0.00011334923318967285,0.999999976592334
zfp_p_18_PS,59,0.9901625011261842,0.9847014623545794,0.0,0.00011045766044774261,0.9999999758470028
zfp_p_16_PS,15,0.9638680381773868,0.9556060350426911,0.0,0.00046145685935595945,0.9999996802610676
zfp_p_16_PS,16,0.9716300185155987,0.8610822172066457,0.0,0.00048006933382183553,0.9999996845480631
zfp_p_16_PS,17,0.9688041349398664,0.7432594250048107,0.0,0.0004367547308914099,0.9999996899921267
zfp_p_16_PS,18,0.9767560347409455,0.9463103849596483,0.0,0.00048372884941907024,0.9999996833223251
zfp_p_16_PS,19,0.9719469410712207,0.8050544965135635,0.0,0.00042400304982605886,0.9999997064011321
zfp_p_16_PS,20,0.9733461663817512,0.8230297369435272,0.0,0.0004374111470103133,0.9999996957104519
zfp_p_16_PS,21,0.968086341736035,0.8317885095259974,0.0,0.0005007951671871238,0.9999996957330332
zfp_p_16_PS,22,0.9704530742786428,0.46229994710457645,0.0,0.00044535840312600315,0.9999996794774171
zfp_p_16_PS,23,0.9732243977172486,0.8879653312826526,0.0,0.00042145327316045624,0.9999996786166461
zfp_p_16_PS,24,0.9734705147603545,0.9799370676349443,0.0,0.0004477790316985848,0.9999996807601735
zfp_p_16_PS,25,0.9736866877200747,0.978603241143648,0.0,0.00043103242169862294,0.9999996772858742
zfp_p_16_PS,26,0.97200785552497,0.9463103849596332,0.0,0.0005305438980931004,0.9999996838189396
zfp_p_16_PS,27,0.966114055446357,0.9757572870242877,0.0,0.00047960070362257617,0.9999996865266975
zfp_p_16_PS,28,0.9722039889066557,0.9184411687877915,0.0,0.0005243089154240809,0.9999996845629657
zfp_p_16_PS,29,0.9787580055824547,0.951091510079305,0.0,0.00044005786658156545,0.9999996732323931
zfp_p_16_PS,30,0.9733564116796415,0.8185913474922301,0.0,0.0004462531577856654,0.9999996824538175
zfp_p_16_PS,31,0.9752239091822128,0.9412627697054798,0.0,0.0004155270888639125,0.9999996984241211
zfp_p_16_PS,32,0.9749178225956296,0.5574585105416465,0.0,0.00041229080300137714,0.9999996965835429
zfp_p_16_PS,33,0.9697289080310992,0.9556060350426911,0.0,0.00046378905727329867,0.99999968230532
zfp_p_16_PS,34,0.972662816033536,0.9386393160200933,0.0,0.00042891563960048817,0.9999996732839858
zfp_p_16_PS,35,0.969632157522622,0.8274291868557585,0.0,0.0004465594769799433,0.999999676844576
zfp_p_16_PS,36,0.9732354902535366,0.9772102884457546,0.0,0.0005216218012409408,0.9999996714763582
zfp_p_16_PS,37,0.9714766247928475,0.9598548012979877,0.0,0.0004674774556081924,0.9999996676098313
zfp_p_16_PS,38,0.9729341467073039,0.8805515724248957,0.0,0.00043936514628331575,0.9999996780349588
zfp_p_16_PS,39,0.974553248969397,0.7627299980137345,0.0,0.0004126104023909572,0.9999996831242629
zfp_p_16_PS,40,0.9715488296691565,0.49002131183454456,0.0,0.00041795066460737575,0.9999996855599089
zfp_p_16_PS,41,0.9710468963314172,0.8230297369435543,0.0,0.00042969151198248614,0.9999996909531469
zfp_p_16_PS,42,0.9741471762650824,0.8096025278380217,0.0,0.00041367059020646583,0.9999996873832911
zfp_p_16_PS,43,0.970866258928525,0.8570362955846845,0.0,0.0004937224352113563,0.9999996875910243
zfp_p_16_PS,44,0.9702009614520192,0.9120937679735266,0.0,0.0005400319312904086,0.999999695927186
zfp_p_20_PS,45,0.997157891715121,0.9772102884457546,0.0,2.571337962376564e-05,0.9999999983297994
zfp_p_20_PS,46,0.9961427549814671,0.9742433711279854,0.0,3.150439383889713e-05,0.9999999982467748
zfp_p_20_PS,47,0.9973422026985963,0.969328355845283,0.0,2.671738788512824e-05,0.9999999982519812
zfp_p_20_PS,48,0.9964723321616785,0.9638396229864775,0.0,3.052230943913989e-05,0.9999999982427602
zfp_p_20_PS,49,0.9979378474835983,0.978603241143648,0.0,3.306488361220225e-05,0.9999999981560925
zfp_p_20_PS,50,0.9977661053589136,0.9886072522526788,0.0,3.0760366945596017e-05,0.9999999982241241
zfp_p_20_PS,51,0.9956396648599386,0.978603241143648,0.0,2.6927895061613678e-05,0.9999999982414813
zfp_p_20_PS,52,0.9973514674636054,0.9618800534103945,0.0,2.657516294395777e-05,0.9999999982839414
zfp_p_20_PS,53,0.997661536430001,0.9867567856551565,0.0,3.5174874784124545e-05,0.9999999982691482
zfp_p_20_PS,54,0.9969123146859284,0.9438198452832373,0.0,2.9540431451428815e-05,0.9999999983226808
zfp_p_20_PS,55,0.9971588932821349,0.9386393160201096,0.0,3.0505982674263647e-05,0.9999999983140417
zfp_p_20_PS,56,0.9967480997516796,0.9331941823349554,0.0,2.9228219834221866e-05,0.9999999983143923
zfp_p_20_PS,57,0.9977767107285945,0.9886072522526778,0.0,2.7317111084060695e-05,0.9999999983153117
zfp_p_20_PS,58,0.9971376834552357,0.9556060350426911,0.0,3.56172764504378e-05,0.999999998300813
zfp_p_20_PS,59,0.9974949871066802,0.9786032411436469,0.0,2.7564194871253824e-05,0.9999999982265048
zfp_p_14_PS,30,0.9255616725069079,0.3884500589103068,0.5353009259259259,0.0017157821576084282,0.9999957437251792
zfp_p_14_PS,31,0.9195874029742199,0.20106579601313457,0.5696614583333333,0.001797847890067927,0.9999959685936357
zfp_p_14_PS,32,0.9216991677739067,0.0012321505183798896,0.564236111111111,0.002029501342358275,0.9999959260570643
zfp_p_14_PS,33,0.9222064468722382,0.3447399845281137,0.5606192129629629,0.001874370722270034,0.9999957383379439
zfp_p_14_PS,34,0.9099573276937825,0.12359329971835797,0.5750868055555556,0.002198189621242101,0.9999956188966459
zfp_p_14_PS,35,0.9154507722895362,0.28720953526855353,0.564236111111111,0.0019014469991456835,0.9999956882926806
zfp_p_14_PS,36,0.9230144661132628,0.19343016402787094,0.5497685185185185,0.0020909009132121744,0.9999955806502712
zfp_p_14_PS,37,0.9239112570230705,0.2674958935528159,0.5750868055555556,0.0017402438314968356,0.9999956067959606
zfp_p_14_PS,38,0.9165613324400974,0.20366211159895287,0.5714699074074074,0.0020098326576574468,0.9999957090576937
zfp_p_14_PS,39,0.9174183853847712,0.009603141464338858,0.5859375,0.002155355822032309,0.9999957756716913
zfp_p_14_PS,40,0.9283974993947695,0.02010619647128911,0.5190248842592593,0.001746796419372938,0.999995828779636
zfp_p_14_PS,41,0.921504421102267,0.05905377778048959,0.537109375,0.0021951369155435527,0.9999958460951556
zfp_p_14_PS,42,0.9294514567939842,0.21978524301264757,0.5732783564814815,0.002131586053912643,0.9999957514902388
zfp_p_14_PS,43,0.9177403844859087,0.3641944510066034,0.5280671296296297,0.0017982592850121083,0.9999958180536246
zfp_p_14_PS,44,0.9229404439203459,0.12359329971835797,0.5696614583333333,0.0017592206844614174,0.9999959316204318
zfp_p_14_PS,45,0.9222511519903478,0.02977262952028592,0.5732783564814815,0.0018304257561551336,0.9999959020748432
zfp_p_14_PS,46,0.9158983106240617,0.20628418944159754,0.5570023148148148,0.0020634556429793794,0.9999957169929388
zfp_p_14_PS,47,0.9229989758946394,0.3296801020063278,0.5750868055555556,0.0017386109197976775,0.9999957184649686
zfp_p_14_PS,48,0.9195730692268271,0.06914829165482572,0.5985966435185185,0.0018043714121038499,0.9999956823691012
zfp_p_14_PS,49,0.9192260116270622,0.37217026043903567,0.5479600694444444,0.0018659845261611195,0.9999954630097277
zfp_p_14_PS,50,0.9191667049879176,0.21978524301266444,0.5787037037037037,0.0017911147716847464,0.9999956505660359
zfp_p_14_PS,51,0.9156458960589781,0.061940266926865495,0.5479600694444444,0.0022304142290981983,0.9999957541415058
zfp_p_14_PS,52,0.9277288727931546,0.0030187114183172856,0.537109375,0.0017683921366640914,0.9999958294360378
zfp_p_14_PS,53,0.9331239729751816,0.0008078706048038672,0.5805121527777778,0.0017852954889066338,0.999995839849006
zfp_p_14_PS,54,0.933044921161301,0.19093562947592368,0.5841290509259259,0.0019159492076047159,0.9999959163207991
zfp_p_14_PS,55,0.9225860368713312,0.08967552402297763,0.5931712962962963,0.0018449386500927584,0.9999959016481856
zfp_p_14_PS,56,0.9169762580322656,0.21703255148847012,0.5913628472222222,0.001945103368737138,0.9999958885501007
zfp_p_14_PS,57,0.9232939965919829,0.2940055330262662,0.5949797453703703,0.001731007611318487,0.9999958278350917
zfp_p_14_PS,58,0.9282121398479282,0.2398011367473024,0.5515769675925926,0.001798148342936502,0.999995821918702
zfp_p_14_PS,59,0.9248012728677591,0.2310617702689185,0.564236111111111,0.0019480525978871578,0.9999956348754646
zfp_p_22_PS,45,0.9994003488176092,0.9824313070171046,0.0,7.524254001052902e-06,0.9999999998895832
zfp_p_22_PS,46,0.9989160199753462,0.9867567856551539,0.0,8.153036397451108e-06,0.99999999988395
zfp_p_22_PS,47,0.9989198650527802,0.9835938348049793,0.0,7.917171242906386e-06,0.9999999998844535
zfp_p_22_PS,48,0.9994939046563512,0.9786032411436396,0.0,6.387497445001022e-06,0.9999999998833442
zfp_p_22_PS,49,0.9993587775252311,0.9902634765712478,0.0,7.728174640381327e-06,0.9999999998778457
zfp_p_22_PS,50,0.9992529238310632,0.9867567856551565,0.0,8.13482451923187e-06,0.9999999998833852
zfp_p_22_PS,51,0.9996995572805183,0.9857553705707905,0.0,6.952133972158825e-06,0.9999999998860417
zfp_p_22_PS,52,0.9991959333899089,0.969328355845287,0.0,7.996220055498542e-06,0.9999999998862341
zfp_p_22_PS,53,0.9996218372367217,0.990263476571248,0.0,8.091272589031496e-06,0.9999999998872078
zfp_p_22_PS,54,0.9994688142374493,0.9812127457537417,0.0,6.415643906100636e-06,0.9999999998891195
zfp_p_22_PS,55,0.9996542741514778,0.9835938348049793,0.0,7.884854096406985e-06,0.999999999888934
zfp_p_22_PS,56,0.9995229249819267,0.9824313070171046,0.0,7.303918482704843e-06,0.9999999998888243
zfp_p_22_PS,57,0.999249466724508,0.9710296241390252,0.0,6.83193107947927e-06,0.9999999998889205
zfp_p_22_PS,58,0.9994839451299975,0.9847014623545794,0.0,6.867339482806929e-06,0.9999999998877798
zfp_p_22_PS,59,0.9993513464882858,0.969328355845283,0.0,7.265800142938105e-06,0.999999999882766
zfp_p_18_PS,15,0.9878259287179415,0.9847014623545794,0.0,0.00012223755630633065,0.9999999760640824
zfp_p_18_PS,16,0.9913549045994758,0.9710296241390252,0.0,0.00010969456678969246,0.9999999763081814
zfp_p_18_PS,17,0.9893284340638302,0.9675633003057544,0.0,9.745322997272466e-05,0.9999999768223665
zfp_p_18_PS,18,0.9921514099949542,0.9835938348049793,0.0,0.0001319247085865213,0.9999999764973216
zfp_p_18_PS,19,0.9930127500607336,0.967563300305751,0.0,0.00011828193882249322,0.999999978221082
zfp_p_18_PS,20,0.9904978740292404,0.9533820675750071,0.0,0.00010963241512089592,0.9999999772582039
zfp_p_18_PS,21,0.9887577233150867,0.9618800534103945,0.0,0.00012415322439421198,0.9999999769874701
zfp_p_18_PS,22,0.9910549738518778,0.94381984528324,0.0,0.0001373980387474194,0.999999976003502
zfp_p_18_PS,23,0.9917982764347238,0.9710296241390252,0.0,0.00011599181583863061,0.999999976290792
zfp_p_18_PS,24,0.9905050596445363,0.951091510079305,0.0,0.00011643889073392546,0.9999999766946903
zfp_p_18_PS,25,0.9920080405479136,0.9638396229864716,0.0,0.00011282071953672616,0.9999999761265967
zfp_p_18_PS,26,0.9916880025008463,0.9757572870242877,0.0,0.00012080587044243973,0.9999999765415885
zfp_p_18_PS,27,0.9880570658979606,0.9274867966400123,0.0,0.00010597348366417553,0.9999999767302012
zfp_p_18_PS,28,0.9904436336198814,0.9799370676349523,0.0,0.00011523776239682481,0.9999999765472258
zfp_p_18_PS,29,0.9915898222496456,0.9886072522526788,0.0,0.0001225755918170874,0.9999999755843892
zfp_p_18_PS,30,0.992585044046707,0.9742433711279854,0.0,0.00010475020677410683,0.9999999763433112
zfp_p_18_PS,31,0.9934238656135709,0.9487342876642282,0.0,0.00013077187738712962,0.9999999775624759
zfp_p_18_PS,32,0.9911899686164926,0.9598548012979877,0.0,0.00012114232106041297,0.9999999775502253
zfp_p_18_PS,33,0.9907077541747799,0.9726677330357361,0.0,0.00010146777730362557,0.9999999763186632
zfp_p_18_PS,34,0.9913240160997051,0.969328355845283,0.0,0.00010841573019628695,0.999999975580481
zfp_p_18_PS,35,0.9909499086940853,0.9577635476196757,0.0,0.0001227843473235979,0.9999999763877161
zfp_p_18_PS,36,0.9911236798275831,0.9710296241390252,0.0,0.00011042640629861224,0.9999999759588853
zfp_p_18_PS,37,0.9898965104127538,0.9786032411436469,0.0,0.00012514661219931224,0.9999999759268695
zfp_p_18_PS,38,0.9910771644415005,0.9799370676349443,0.0,0.00012122388886859819,0.9999999762479932
zfp_p_18_PS,39,0.9907467543933304,0.9772102884457503,0.0,0.00012252718238904957,0.9999999761924108
zfp_p_18_PS,40,0.9914351206035935,0.9331941823349383,0.0,0.00012468448612210252,0.9999999761883932
zfp_p_18_PS,41,0.9905790874005762,0.9438198452832373,0.0,0.00011906556802539706,0.9999999769120786
zfp_p_18_PS,42,0.9910038517443196,0.9772102884457591,0.0,0.00010986219589464552,0.9999999765182993
zfp_p_18_PS,43,0.9904029736804199,0.9847014623545749,0.0,0.0001214104571180468,0.9999999766870401
zfp_p_18_PS,44,0.991524544539639,0.9742433711279854,0.0,0.00011850770054623401,0.9999999772433067
zfp_p_24_PS,45,0.9999031595116411,0.987706976557158,0.0,1.8216728057040218e-06,0.9999999999930141
zfp_p_24_PS,46,0.9996137450374245,0.9857553705707913,0.0,1.9230480773557626e-06,0.9999999999926542
zfp_p_24_PS,47,0.9996431443163971,0.9930382728859259,0.0,1.7770437928748837e-06,0.999999999992567
zfp_p_24_PS,48,0.9998131675557935,0.9967709355812925,0.0,1.8117217000360255e-06,0.9999999999926009
zfp_p_24_PS,49,0.99993302600419,0.9835938348049789,0.0,1.6045951655769408e-06,0.9999999999922622
zfp_p_24_PS,50,0.9999341503810035,0.9941803690852926,0.0,1.6795077474759332e-06,0.9999999999926307
zfp_p_24_PS,51,0.9997826739086122,0.9956209086649728,0.0,2.1925205523222374e-06,0.999999999992718
zfp_p_24_PS,52,0.9997445570091836,0.9847014623545749,0.0,1.7244742559831902e-06,0.9999999999928174
zfp_p_24_PS,53,0.9998717244687906,0.9910222164963423,0.0,1.7107086496533946e-06,0.9999999999928809
zfp_p_24_PS,54,0.9997279165824972,0.9967709355812904,0.0,2.029134996660382e-06,0.9999999999929498
zfp_p_24_PS,55,0.9998922298280971,0.9936285109948719,0.0,1.6937776693481259e-06,0.9999999999929269
zfp_p_24_PS,56,0.9999391469627412,0.9917366172822207,0.0,1.74352044674525e-06,0.9999999999929273
zfp_p_24_PS,57,0.9999340199138997,0.9910222164963377,0.0,1.6750674790464762e-06,0.9999999999929015
zfp_p_24_PS,58,0.9996661322578786,0.9951750396552371,0.0,1.89298886614936e-06,0.9999999999928999
zfp_p_24_PS,59,0.9995518213267272,0.9894589588557939,0.0,1.926735104297571e-06,0.9999999999925571
zfp_p_16_PS,30,0.9733564116796415,0.8185913474922301,0.0,0.0004462531577856654,0.9999996824538175
zfp_p_16_PS,31,0.9752239091822128,0.9412627697054798,0.0,0.0004155270888639125,0.9999996984241211
zfp_p_16_PS,32,0.9749178225956296,0.5574585105416465,0.0,0.00041229080300137714,0.9999996965835429
zfp_p_16_PS,33,0.9697289080310992,0.9556060350426911,0.0,0.00046378905727329867,0.99999968230532
zfp_p_16_PS,34,0.972662816033536,0.9386393160200933,0.0,0.00042891563960048817,0.9999996732839858
zfp_p_16_PS,35,0.969632157522622,0.8274291868557585,0.0,0.0004465594769799433,0.999999676844576
zfp_p_16_PS,36,0.9732354902535366,0.9772102884457546,0.0,0.0005216218012409408,0.9999996714763582
zfp_p_16_PS,37,0.9714766247928475,0.9598548012979877,0.0,0.0004674774556081924,0.9999996676098313
zfp_p_16_PS,38,0.9729341467073039,0.8805515724248957,0.0,0.00043936514628331575,0.9999996780349588
zfp_p_16_PS,39,0.974553248969397,0.7627299980137345,0.0,0.0004126104023909572,0.9999996831242629
zfp_p_16_PS,40,0.9715488296691565,0.49002131183454456,0.0,0.00041795066460737575,0.9999996855599089
zfp_p_16_PS,41,0.9710468963314172,0.8230297369435543,0.0,0.00042969151198248614,0.9999996909531469
zfp_p_16_PS,42,0.9741471762650824,0.8096025278380217,0.0,0.00041367059020646583,0.9999996873832911
zfp_p_16_PS,43,0.970866258928525,0.8570362955846845,0.0,0.0004937224352113563,0.9999996875910243
zfp_p_16_PS,44,0.9702009614520192,0.9120937679735266,0.0,0.0005400319312904086,0.999999695927186
zfp_p_16_PS,45,0.9701940031746109,0.5822833175543951,0.0,0.0005942282061028488,0.9999996921556848
zfp_p_16_PS,46,0.9675432964836514,0.7034893011033707,0.0,0.00046355744466520935,0.9999996779284317
zfp_p_16_PS,47,0.974556190146829,0.7723296272756062,0.0,0.00043444926633863355,0.999999678012876
zfp_p_16_PS,48,0.9695059455071461,0.8274291868557585,0.0,0.0004970275558657477,0.9999996762952914
zfp_p_16_PS,49,0.9736475365783629,0.6883812183731033,0.0,0.000497432528696312,0.9999996582875192
zfp_p_16_PS,50,0.9709845034314315,0.9857553705707905,0.0,0.0004594473198030206,0.9999996766303093
zfp_p_16_PS,51,0.9689658485925172,0.9847014623545749,0.0,0.0004341271609223389,0.9999996804140538
zfp_p_16_PS,52,0.9711760954562312,0.9638396229864656,0.0,0.0004967780612231927,0.99999968779608
zfp_p_16_PS,53,0.9722882904006467,0.7432594250048107,0.0,0.0004410095261411331,0.999999689667763
zfp_p_16_PS,54,0.9749229693848257,0.800472321108585,0.0,0.0004807095893809701,0.9999996955812032
zfp_p_16_PS,55,0.970689246827481,0.9510915100793149,0.0,0.0004801914499336918,0.9999996918500094
zfp_p_16_PS,56,0.968681754624346,0.7770914118154143,0.0,0.0005020362582889724,0.9999996939967017
zfp_p_16_PS,57,0.9690351793749445,0.7818262583134914,0.0,0.00047661254997655996,0.9999996918768276
zfp_p_16_PS,58,0.9742614636611974,0.6984618690522773,0.0,0.0005956418061287674,0.9999996893928773
zfp_p_16_PS,59,0.9712681520408799,0.8529422001861944,0.0,0.0004728304804850321,0.9999996783272149
zfp_p_20_PS,15,0.9967664275524634,0.9902634765712478,0.0,2.7808762658421105e-05,0.9999999982395376
zfp_p_20_PS,16,0.997356735821151,0.9894589588557943,0.0,3.139790006703969e-05,0.9999999982505061
zfp_p_20_PS,17,0.9964957648752875,0.9772102884457546,0.0,2.8005826108016904e-05,0.9999999982923219
zfp_p_20_PS,18,0.9973487023829429,0.9710296241390252,0.0,3.0482902475373377e-05,0.9999999982690753
zfp_p_20_PS,19,0.9976923286225707,0.9438198452832373,0.0,2.4972550711571144e-05,0.9999999984007921
zfp_p_20_PS,20,0.997246901207248,0.9657338909720964,0.0,3.091744719294051e-05,0.9999999983237473
zfp_p_20_PS,21,0.996989652411725,0.9824313070171041,0.0,2.96695664205347e-05,0.9999999983191235
zfp_p_20_PS,22,0.9967016437914297,0.978603241143648,0.0,3.060671454812482e-05,0.9999999982485853
zfp_p_20_PS,23,0.9969664476529225,0.9786032411436464,0.0,2.871509520649344e-05,0.9999999982387774
zfp_p_20_PS,24,0.9974968500802734,0.969328355845283,0.0,2.692045572080937e-05,0.99999999828821
zfp_p_20_PS,25,0.9978077988890663,0.987706976557157,0.0,2.7292190520534413e-05,0.9999999982295026
zfp_p_20_PS,26,0.997558013778002,0.9742433711279783,0.0,3.226635719174785e-05,0.9999999982836402
zfp_p_20_PS,27,0.9965876015521674,0.9867567856551569,0.0,3.6771729835385226e-05,0.9999999982896314
zfp_p_20_PS,28,0.9976741774718652,0.9693283558452763,0.0,3.148455083376328e-05,0.999999998250316
zfp_p_20_PS,29,0.9973771635956361,0.9799370676349443,0.0,2.6590914928039812e-05,0.999999998202951
zfp_p_20_PS,30,0.9978747718834226,0.9577635476196757,0.0,2.701462722379111e-05,0.9999999982542291
zfp_p_20_PS,31,0.9966878889608536,0.9847014623545814,0.0,2.9321530125513e-05,0.9999999983452201
zfp_p_20_PS,32,0.9966120610136113,0.9710296241390252,0.0,2.827226590265182e-05,0.9999999983277541
zfp_p_20_PS,33,0.997440392937327,0.9331941823349383,0.0,2.849718302437928e-05,0.9999999982527394
zfp_p_20_PS,34,0.9970663555263224,0.9710296241390252,0.0,2.9146644541124945e-05,0.9999999981995871
zfp_p_20_PS,35,0.996933612337093,0.981212745753737,0.0,2.761843063825964e-05,0.9999999982524622
zfp_p_20_PS,36,0.9976998958963309,0.9726677330357324,0.0,3.098915561842506e-05,0.9999999982144896
zfp_p_20_PS,37,0.9978254138050254,0.9867567856551565,0.0,2.915874162343445e-05,0.9999999982174852
zfp_p_20_PS,38,0.9974768801179226,0.967563300305751,0.0,2.8835829449010873e-05,0.9999999982531411
zfp_p_20_PS,39,0.9974768464785628,0.981212745753737,0.0,3.04575112343426e-05,0.999999998273409
zfp_p_20_PS,40,0.9982252156383346,0.9742433711279879,0.0,2.6317867200042108e-05,0.9999999982532995
zfp_p_20_PS,41,0.9976433280682232,0.9757572870242889,0.0,3.0022688574651414e-05,0.9999999982766599
zfp_p_20_PS,42,0.9972660404426976,0.9835938348049768,0.0,3.0324248923489165e-05,0.9999999982745457
zfp_p_20_PS,43,0.9970645149314755,0.9638396229864716,0.0,2.795756752896277e-05,0.9999999982805344
zfp_p_20_PS,44,0.9963816066401974,0.9835938348049789,0.0,2.7237945706462157e-05,0.999999998334566
zfp_p_18_PS,30,0.992585044046707,0.9742433711279854,0.0,0.00010475020677410683,0.9999999763433112
zfp_p_18_PS,31,0.9934238656135709,0.9487342876642282,0.0,0.00013077187738712962,0.9999999775624759
zfp_p_18_PS,32,0.9911899686164926,0.9598548012979877,0.0,0.00012114232106041297,0.9999999775502253
zfp_p_18_PS,33,0.9907077541747799,0.9726677330357361,0.0,0.00010146777730362557,0.9999999763186632
zfp_p_18_PS,34,0.9913240160997051,0.969328355845283,0.0,0.00010841573019628695,0.999999975580481
zfp_p_18_PS,35,0.9909499086940853,0.9577635476196757,0.0,0.0001227843473235979,0.9999999763877161
zfp_p_18_PS,36,0.9911236798275831,0.9710296241390252,0.0,0.00011042640629861224,0.9999999759588853
zfp_p_18_PS,37,0.9898965104127538,0.9786032411436469,0.0,0.00012514661219931224,0.9999999759268695
zfp_p_18_PS,38,0.9910771644415005,0.9799370676349443,0.0,0.00012122388886859819,0.9999999762479932
zfp_p_18_PS,39,0.9907467543933304,0.9772102884457503,0.0,0.00012252718238904957,0.9999999761924108
zfp_p_18_PS,40,0.9914351206035935,0.9331941823349383,0.0,0.00012468448612210252,0.9999999761883932
zfp_p_18_PS,41,0.9905790874005762,0.9438198452832373,0.0,0.00011906556802539706,0.9999999769120786
zfp_p_18_PS,42,0.9910038517443196,0.9772102884457591,0.0,0.00010986219589464552,0.9999999765182993
zfp_p_18_PS,43,0.9904029736804199,0.9847014623545749,0.0,0.0001214104571180468,0.9999999766870401
zfp_p_18_PS,44,0.991524544539639,0.9742433711279854,0.0,0.00011850770054623401,0.9999999772433067
zfp_p_18_PS,45,0.9887713800848378,0.9693283558452763,0.0,0.00011043198292694933,0.9999999772143744
zfp_p_18_PS,46,0.98981435247589,0.9812127457537446,0.0,0.00012558842616072554,0.9999999761347461
zfp_p_18_PS,47,0.9910907492237977,0.9772102884457546,0.0,0.00011032531076141878,0.9999999763253318
zfp_p_18_PS,48,0.9887226606527816,0.9359496976270058,0.0,0.00011681638321751881,0.9999999760773784
zfp_p_18_PS,49,0.9909161595742835,0.9638396229864656,0.0,0.0001193056131269644,0.9999999747906406
zfp_p_18_PS,50,0.9925644722523577,0.9487342876642282,0.0,0.00011552559933243061,0.9999999759542147
zfp_p_18_PS,51,0.9895613530031793,0.9867567856551565,0.0,0.0001215196567864317,0.9999999762367158
zfp_p_18_PS,52,0.9889297088995901,0.9835938348049768,0.0,0.00011474558658928707,0.9999999766416608
zfp_p_18_PS,53,0.992089985110515,0.9824313070171046,0.0,0.00012839995671627994,0.9999999768732253
zfp_p_18_PS,54,0.9908144656100325,0.9577635476196757,0.0,0.00010899239843716663,0.9999999771879516
zfp_p_18_PS,55,0.9900587817785247,0.9772102884457546,0.0,0.0001333445088731246,0.9999999772077758
zfp_p_18_PS,56,0.9904479341552793,0.9577635476196757,0.0,0.00011050852202362647,0.9999999770852147
zfp_p_18_PS,57,0.9911406783560247,0.967563300305751,0.0,0.00012095116654866051,0.9999999768078434
zfp_p_18_PS,58,0.9905203073687803,0.9847014623545794,0.0,0.00011334923318967285,0.999999976592334
zfp_p_18_PS,59,0.9901625011261842,0.9847014623545794,0.0,0.00011045766044774261,0.9999999758470028
zfp_p_22_PS,15,0.9993199564536829,0.9847014623545794,0.0,6.37343063122693e-06,0.9999999998846574
zfp_p_22_PS,16,0.9991658217508466,0.9847014623545814,0.0,8.335915239904778e-06,0.9999999998854316
zfp_p_22_PS,17,0.9990280920209935,0.9941803690852926,0.0,7.72851631580718e-06,0.9999999998883053
zfp_p_22_PS,18,0.9996867140591523,0.9867567856551565,0.0,6.659528459373788e-06,0.999999999885456
zfp_p_22_PS,19,0.9995661480156756,0.9638396229864775,0.0,8.977190790281647e-06,0.9999999998934997
zfp_p_22_PS,20,0.9995079473869559,0.9894589588557943,0.0,7.535926482850534e-06,0.9999999998896199
zfp_p_22_PS,21,0.9991167557363063,0.987706976557157,0.0,7.936211293689483e-06,0.999999999889365
zfp_p_22_PS,22,0.9995612726468442,0.9867567856551569,0.0,8.778390828432165e-06,0.9999999998832503
zfp_p_22_PS,23,0.9990689363656693,0.9835938348049768,0.0,6.8866673775237774e-06,0.9999999998845263
zfp_p_22_PS,24,0.9994738316352615,0.9638396229864775,0.0,9.24632738113436e-06,0.999999999885576
zfp_p_22_PS,25,0.9990963482162116,0.9726677330357361,0.0,7.876923741700818e-06,0.9999999998838416
zfp_p_22_PS,26,0.9994936150244478,0.9757572870242877,0.0,6.503648082027726e-06,0.9999999998868575
zfp_p_22_PS,27,0.9996926197164486,0.9772102884457542,0.0,7.156979809929086e-06,0.9999999998870944
zfp_p_22_PS,28,0.9990061879072897,0.9917366172822207,0.0,6.867596760294113e-06,0.9999999998856506
zfp_p_22_PS,29,0.9990823628254673,0.9930382728859273,0.0,7.623211582094971e-06,0.9999999998808754
zfp_p_22_PS,30,0.9993078633675869,0.9867567856551599,0.0,7.398266085083401e-06,0.999999999884788
zfp_p_22_PS,31,0.9996023165930521,0.987706976557157,0.0,6.539775478232357e-06,0.9999999998901549
zfp_p_22_PS,32,0.9992485806452079,0.9867567856551599,0.0,6.7326792082699976e-06,0.9999999998900426
zfp_p_22_PS,33,0.9990445136912494,0.9824313070171046,0.0,7.312788636562353e-06,0.9999999998857686
zfp_p_22_PS,34,0.9991502615123011,0.9857553705707905,0.0,6.574291299615766e-06,0.9999999998822888
zfp_p_22_PS,35,0.9993158893650755,0.969328355845283,0.0,7.095427341415373e-06,0.9999999998842396
zfp_p_22_PS,36,0.9995727443413247,0.9917366172822186,0.0,6.4600030927264804e-06,0.9999999998812343
zfp_p_22_PS,37,0.9991786899001363,0.9857553705707913,0.0,7.5269399312558785e-06,0.9999999998823408
zfp_p_22_PS,38,0.9996378785752049,0.9799370676349443,0.0,8.03845193483026e-06,0.9999999998849987
zfp_p_22_PS,39,0.9989815808266193,0.9835938348049789,0.0,7.143993540015493e-06,0.9999999998849511
zfp_p_22_PS,40,0.9992164271396928,0.981212745753737,0.0,7.375888482276513e-06,0.9999999998863145
zfp_p_22_PS,41,0.9994092872232557,0.9835938348049768,0.0,7.406572817159548e-06,0.9999999998877043
zfp_p_22_PS,42,0.9994670938519927,0.9742433711279879,0.0,7.115451536548406e-06,0.9999999998854205
zfp_p_22_PS,43,0.9995579360518009,0.9799370676349443,0.0,8.645483667261023e-06,0.9999999998862481
zfp_p_22_PS,44,0.9993299744353906,0.969328355845283,0.0,6.991403707517278e-06,0.9999999998893137
zfp_p_20_PS,30,0.9978747718834226,0.9577635476196757,0.0,2.701462722379111e-05,0.9999999982542291
zfp_p_20_PS,31,0.9966878889608536,0.9847014623545814,0.0,2.9321530125513e-05,0.9999999983452201
zfp_p_20_PS,32,0.9966120610136113,0.9710296241390252,0.0,2.827226590265182e-05,0.9999999983277541
zfp_p_20_PS,33,0.997440392937327,0.9331941823349383,0.0,2.849718302437928e-05,0.9999999982527394
zfp_p_20_PS,34,0.9970663555263224,0.9710296241390252,0.0,2.9146644541124945e-05,0.9999999981995871
zfp_p_20_PS,35,0.996933612337093,0.981212745753737,0.0,2.761843063825964e-05,0.9999999982524622
zfp_p_20_PS,36,0.9976998958963309,0.9726677330357324,0.0,3.098915561842506e-05,0.9999999982144896
zfp_p_20_PS,37,0.9978254138050254,0.9867567856551565,0.0,2.915874162343445e-05,0.9999999982174852
zfp_p_20_PS,38,0.9974768801179226,0.967563300305751,0.0,2.8835829449010873e-05,0.9999999982531411
zfp_p_20_PS,39,0.9974768464785628,0.981212745753737,0.0,3.04575112343426e-05,0.999999998273409
zfp_p_20_PS,40,0.9982252156383346,0.9742433711279879,0.0,2.6317867200042108e-05,0.9999999982532995
zfp_p_20_PS,41,0.9976433280682232,0.9757572870242889,0.0,3.0022688574651414e-05,0.9999999982766599
zfp_p_20_PS,42,0.9972660404426976,0.9835938348049768,0.0,3.0324248923489165e-05,0.9999999982745457
zfp_p_20_PS,43,0.9970645149314755,0.9638396229864716,0.0,2.795756752896277e-05,0.9999999982805344
zfp_p_20_PS,44,0.9963816066401974,0.9835938348049789,0.0,2.7237945706462157e-05,0.999999998334566
zfp_p_20_PS,45,0.997157891715121,0.9772102884457546,0.0,2.571337962376564e-05,0.9999999983297994
zfp_p_20_PS,46,0.9961427549814671,0.9742433711279854,0.0,3.150439383889713e-05,0.9999999982467748
zfp_p_20_PS,47,0.9973422026985963,0.969328355845283,0.0,2.671738788512824e-05,0.9999999982519812
zfp_p_20_PS,48,0.9964723321616785,0.9638396229864775,0.0,3.052230943913989e-05,0.9999999982427602
zfp_p_20_PS,49,0.9979378474835983,0.978603241143648,0.0,3.306488361220225e-05,0.9999999981560925
zfp_p_20_PS,50,0.9977661053589136,0.9886072522526788,0.0,3.0760366945596017e-05,0.9999999982241241
zfp_p_20_PS,51,0.9956396648599386,0.978603241143648,0.0,2.6927895061613678e-05,0.9999999982414813
zfp_p_20_PS,52,0.9973514674636054,0.9618800534103945,0.0,2.657516294395777e-05,0.9999999982839414
zfp_p_20_PS,53,0.997661536430001,0.9867567856551565,0.0,3.5174874784124545e-05,0.9999999982691482
zfp_p_20_PS,54,0.9969123146859284,0.9438198452832373,0.0,2.9540431451428815e-05,0.9999999983226808
zfp_p_20_PS,55,0.9971588932821349,0.9386393160201096,0.0,3.0505982674263647e-05,0.9999999983140417
zfp_p_20_PS,56,0.9967480997516796,0.9331941823349554,0.0,2.9228219834221866e-05,0.9999999983143923
zfp_p_20_PS,57,0.9977767107285945,0.9886072522526778,0.0,2.7317111084060695e-05,0.9999999983153117
zfp_p_20_PS,58,0.9971376834552357,0.9556060350426911,0.0,3.56172764504378e-05,0.999999998300813
zfp_p_20_PS,59,0.9974949871066802,0.9786032411436469,0.0,2.7564194871253824e-05,0.9999999982265048
zfp_p_24_PS,15,0.9997369834027265,0.9981518377972469,0.0,1.7548996799062985e-06,0.9999999999926841
zfp_p_24_PS,16,0.9997717349949249,0.9824313070171046,0.0,1.6068932967757457e-06,0.9999999999927427
zfp_p_24_PS,17,0.9998525391474463,0.9946953694443021,0.0,1.8083836666787226e-06,0.9999999999928522
zfp_p_24_PS,18,0.9999306802780384,0.9867567856551565,0.0,1.9309539454403355e-06,0.9999999999927894
zfp_p_24_PS,19,0.9998065503888544,0.9910222164963423,0.0,1.7526370388411563e-06,0.9999999999932392
zfp_p_24_PS,20,0.9997106932022185,0.9946953694443019,0.0,1.667959335151409e-06,0.9999999999929583
zfp_p_24_PS,21,0.9998379240443012,0.9964173420087601,0.0,1.99666978969312e-06,0.9999999999929278
zfp_p_24_PS,22,0.999917033242953,0.9799370676349443,0.0,2.22061077159069e-06,0.9999999999926893
zfp_p_24_PS,23,0.9998472704659112,0.9930382728859273,0.0,1.8395785321185302e-06,0.9999999999926078
zfp_p_24_PS,24,0.9996598636186977,0.9894589588557943,0.0,1.7192030279062182e-06,0.9999999999928061
zfp_p_24_PS,25,0.9995903854959209,0.9857553705707909,0.0,1.9072645082631043e-06,0.9999999999925955
zfp_p_24_PS,26,0.9999922054465992,0.9894589588557965,0.0,1.9377132339430824e-06,0.9999999999928348
zfp_p_24_PS,27,0.9999429752262335,0.9964173420087601,0.0,1.812536179921404e-06,0.9999999999928443
zfp_p_24_PS,28,0.9999314175868265,0.9951750396552373,0.0,1.7923943688226622e-06,0.9999999999928011
zfp_p_24_PS,29,0.9999331782191386,0.9924081416659399,0.0,1.7804469474390573e-06,0.9999999999924718
zfp_p_24_PS,30,0.9997404677182012,0.9910222164963389,0.0,1.7310809860571575e-06,0.9999999999926609
zfp_p_24_PS,31,0.999803665376769,0.9960345028366842,0.0,2.0933518633739016e-06,0.999999999993035
zfp_p_24_PS,32,0.9997145271366501,0.9936285109948725,0.0,1.8244413104597045e-06,0.99999999999296
zfp_p_24_PS,33,0.9997103461430195,0.9951750396552371,0.0,1.6618926820929875e-06,0.9999999999926428
zfp_p_24_PS,34,0.9997501981017022,0.981212745753737,0.0,1.7145085024191144e-06,0.9999999999924744
zfp_p_24_PS,35,0.9998374692108305,0.9941803690852926,0.0,1.6420770756085153e-06,0.9999999999926931
zfp_p_24_PS,36,0.9999164356203164,0.9835938348049802,0.0,2.2833452606410075e-06,0.9999999999924951
zfp_p_24_PS,37,0.9999628116272048,0.9970967786521838,0.0,1.8064035198374718e-06,0.9999999999925162
zfp_p_24_PS,38,0.9999700649333727,0.9857553705707905,0.0,2.1500503493242287e-06,0.9999999999927298
zfp_p_24_PS,39,0.999846571970196,0.9956209086649719,0.0,1.910771038825519e-06,0.9999999999927947
zfp_p_24_PS,40,0.9995187363326292,0.9886072522526778,0.0,1.8210255394547142e-06,0.9999999999927395
zfp_p_24_PS,41,0.9997557863803355,0.9946953694443021,0.0,2.553803905510423e-06,0.9999999999928848
zfp_p_24_PS,42,0.9996666883935298,0.9946953694443019,0.0,1.8487221662205184e-06,0.9999999999927507
zfp_p_24_PS,43,0.9998585449334855,0.987706976557157,0.0,1.8022300582713985e-06,0.9999999999927944
zfp_p_24_PS,44,0.9993033828939469,0.9902634765712478,0.0,1.9958262455693517e-06,0.9999999999929674
zfp_p_22_PS,30,0.9993078633675869,0.9867567856551599,0.0,7.398266085083401e-06,0.999999999884788
zfp_p_22_PS,31,0.9996023165930521,0.987706976557157,0.0,6.539775478232357e-06,0.9999999998901549
zfp_p_22_PS,32,0.9992485806452079,0.9867567856551599,0.0,6.7326792082699976e-06,0.9999999998900426
zfp_p_22_PS,33,0.9990445136912494,0.9824313070171046,0.0,7.312788636562353e-06,0.9999999998857686
zfp_p_22_PS,34,0.9991502615123011,0.9857553705707905,0.0,6.574291299615766e-06,0.9999999998822888
zfp_p_22_PS,35,0.9993158893650755,0.969328355845283,0.0,7.095427341415373e-06,0.9999999998842396
zfp_p_22_PS,36,0.9995727443413247,0.9917366172822186,0.0,6.4600030927264804e-06,0.9999999998812343
zfp_p_22_PS,37,0.9991786899001363,0.9857553705707913,0.0,7.5269399312558785e-06,0.9999999998823408
zfp_p_22_PS,38,0.9996378785752049,0.9799370676349443,0.0,8.03845193483026e-06,0.9999999998849987
zfp_p_22_PS,39,0.9989815808266193,0.9835938348049789,0.0,7.143993540015493e-06,0.9999999998849511
zfp_p_22_PS,40,0.9992164271396928,0.981212745753737,0.0,7.375888482276513e-06,0.9999999998863145
zfp_p_22_PS,41,0.9994092872232557,0.9835938348049768,0.0,7.406572817159548e-06,0.9999999998877043
zfp_p_22_PS,42,0.9994670938519927,0.9742433711279879,0.0,7.115451536548406e-06,0.9999999998854205
zfp_p_22_PS,43,0.9995579360518009,0.9799370676349443,0.0,8.645483667261023e-06,0.9999999998862481
zfp_p_22_PS,44,0.9993299744353906,0.969328355845283,0.0,6.991403707517278e-06,0.9999999998893137
zfp_p_22_PS,45,0.9994003488176092,0.9824313070171046,0.0,7.524254001052902e-06,0.9999999998895832
zfp_p_22_PS,46,0.9989160199753462,0.9867567856551539,0.0,8.153036397451108e-06,0.99999999988395
zfp_p_22_PS,47,0.9989198650527802,0.9835938348049793,0.0,7.917171242906386e-06,0.9999999998844535
zfp_p_22_PS,48,0.9994939046563512,0.9786032411436396,0.0,6.387497445001022e-06,0.9999999998833442
zfp_p_22_PS,49,0.9993587775252311,0.9902634765712478,0.0,7.728174640381327e-06,0.9999999998778457
zfp_p_22_PS,50,0.9992529238310632,0.9867567856551565,0.0,8.13482451923187e-06,0.9999999998833852
zfp_p_22_PS,51,0.9996995572805183,0.9857553705707905,0.0,6.952133972158825e-06,0.9999999998860417
zfp_p_22_PS,52,0.9991959333899089,0.969328355845287,0.0,7.996220055498542e-06,0.9999999998862341
zfp_p_22_PS,53,0.9996218372367217,0.990263476571248,0.0,8.091272589031496e-06,0.9999999998872078
zfp_p_22_PS,54,0.9994688142374493,0.9812127457537417,0.0,6.415643906100636e-06,0.9999999998891195
zfp_p_22_PS,55,0.9996542741514778,0.9835938348049793,0.0,7.884854096406985e-06,0.999999999888934
zfp_p_22_PS,56,0.9995229249819267,0.9824313070171046,0.0,7.303918482704843e-06,0.9999999998888243
zfp_p_22_PS,57,0.999249466724508,0.9710296241390252,0.0,6.83193107947927e-06,0.9999999998889205
zfp_p_22_PS,58,0.9994839451299975,0.9847014623545794,0.0,6.867339482806929e-06,0.9999999998877798
zfp_p_22_PS,59,0.9993513464882858,0.969328355845283,0.0,7.265800142938105e-06,0.999999999882766
zfp_p_24_PS,30,0.9997404677182012,0.9910222164963389,0.0,1.7310809860571575e-06,0.9999999999926609
zfp_p_24_PS,31,0.999803665376769,0.9960345028366842,0.0,2.0933518633739016e-06,0.999999999993035
zfp_p_24_PS,32,0.9997145271366501,0.9936285109948725,0.0,1.8244413104597045e-06,0.99999999999296
zfp_p_24_PS,33,0.9997103461430195,0.9951750396552371,0.0,1.6618926820929875e-06,0.9999999999926428
zfp_p_24_PS,34,0.9997501981017022,0.981212745753737,0.0,1.7145085024191144e-06,0.9999999999924744
zfp_p_24_PS,35,0.9998374692108305,0.9941803690852926,0.0,1.6420770756085153e-06,0.9999999999926931
zfp_p_24_PS,36,0.9999164356203164,0.9835938348049802,0.0,2.2833452606410075e-06,0.9999999999924951
zfp_p_24_PS,37,0.9999628116272048,0.9970967786521838,0.0,1.8064035198374718e-06,0.9999999999925162
zfp_p_24_PS,38,0.9999700649333727,0.9857553705707905,0.0,2.1500503493242287e-06,0.9999999999927298
zfp_p_24_PS,39,0.999846571970196,0.9956209086649719,0.0,1.910771038825519e-06,0.9999999999927947
zfp_p_24_PS,40,0.9995187363326292,0.9886072522526778,0.0,1.8210255394547142e-06,0.9999999999927395
zfp_p_24_PS,41,0.9997557863803355,0.9946953694443021,0.0,2.553803905510423e-06,0.9999999999928848
zfp_p_24_PS,42,0.9996666883935298,0.9946953694443019,0.0,1.8487221662205184e-06,0.9999999999927507
zfp_p_24_PS,43,0.9998585449334855,0.987706976557157,0.0,1.8022300582713985e-06,0.9999999999927944
zfp_p_24_PS,44,0.9993033828939469,0.9902634765712478,0.0,1.9958262455693517e-06,0.9999999999929674
zfp_p_24_PS,45,0.9999031595116411,0.987706976557158,0.0,1.8216728057040218e-06,0.9999999999930141
zfp_p_24_PS,46,0.9996137450374245,0.9857553705707913,0.0,1.9230480773557626e-06,0.9999999999926542
zfp_p_24_PS,47,0.9996431443163971,0.9930382728859259,0.0,1.7770437928748837e-06,0.999999999992567
zfp_p_24_PS,48,0.9998131675557935,0.9967709355812925,0.0,1.8117217000360255e-06,0.9999999999926009
zfp_p_24_PS,49,0.99993302600419,0.9835938348049789,0.0,1.6045951655769408e-06,0.9999999999922622
zfp_p_24_PS,50,0.9999341503810035,0.9941803690852926,0.0,1.6795077474759332e-06,0.9999999999926307
zfp_p_24_PS,51,0.9997826739086122,0.9956209086649728,0.0,2.1925205523222374e-06,0.999999999992718
zfp_p_24_PS,52,0.9997445570091836,0.9847014623545749,0.0,1.7244742559831902e-06,0.9999999999928174
zfp_p_24_PS,53,0.9998717244687906,0.9910222164963423,0.0,1.7107086496533946e-06,0.9999999999928809
zfp_p_24_PS,54,0.9997279165824972,0.9967709355812904,0.0,2.029134996660382e-06,0.9999999999929498
zfp_p_24_PS,55,0.9998922298280971,0.9936285109948719,0.0,1.6937776693481259e-06,0.9999999999929269
zfp_p_24_PS,56,0.9999391469627412,0.9917366172822207,0.0,1.74352044674525e-06,0.9999999999929273
zfp_p_24_PS,57,0.9999340199138997,0.9910222164963377,0.0,1.6750674790464762e-06,0.9999999999929015
zfp_p_24_PS,58,0.9996661322578786,0.9951750396552371,0.0,1.89298886614936e-06,0.9999999999928999
zfp_p_24_PS,59,0.9995518213267272,0.9894589588557939,0.0,1.926735104297571e-06,0.9999999999925571
