zfp_p_8_TMQ,0,0.921181897148183,0.6377187670577991,95.22207754629629,0.6774882011835648,0.9996915048737887
zfp_p_8_TMQ,1,0.9210501425946679,0.7334070180715089,95.17686631944444,0.33873657073523883,0.9996827550785503
zfp_p_8_TMQ,2,0.9283348289799435,0.3884500589103006,95.16239872685185,0.30902010414957465,0.9996870002153008
zfp_p_8_TMQ,3,0.9280454392322219,0.4222909307660543,95.17324942129629,0.3630362165982278,0.9996544330726673
zfp_p_8_TMQ,4,0.9276864593374793,0.03247160901309365,95.01591435185185,0.3148592564631173,0.999616540489217
zfp_p_8_TMQ,5,0.9216245970082353,0.0025351342882469294,95.03761574074075,0.24134333608600306,0.9996274767816375
zfp_p_8_TMQ,6,0.9190843313211038,0.0003614355399164494,94.68858506944444,0.28351740321952784,0.9996150121322049
zfp_p_8_TMQ,7,0.9226976110209293,0.3641944510065913,94.81336805555556,0.386618651168595,0.9996390719292673
zfp_p_8_TMQ,8,0.9354541524183064,0.05025051517035217,94.91464120370371,0.35680096417042967,0.9996409606954997
zfp_p_8_TMQ,9,0.9321013451076361,0.2643081409467263,94.93272569444444,0.7421631925175288,0.9996450968655097
zfp_p_8_TMQ,10,0.9242178330315004,0.2739550619045258,94.86400462962963,0.37518807825304595,0.9996735450594979
zfp_p_8_TMQ,11,0.9226234757183025,0.20628418944159355,94.6433738425926,1.0414813722380492,0.999669360003675
zfp_p_8_TMQ,12,0.9226202890574939,0.08702198240143755,95.07559317129629,0.348190917996067,0.9996888706088579
zfp_p_8_TMQ,13,0.9246669391252921,0.4266377590792184,94.95081018518519,0.4456742365937075,0.9996896354438272
zfp_p_8_TMQ,14,0.9304656100906528,0.6934254992586706,95.33962673611111,0.30314500264180944,0.9996750690506649
set,time,ssim_fp,ks_p_value,spatial_rel_error,max_spatial_rel_error,pearson_correlation_coefficient
zfp_p_8_TMQ,15,0.9317811509069884,0.6225260942403168,95.02314814814815,0.34462502917958815,0.9996729706583033
zfp_p_8_TMQ,16,0.9306703436539802,0.7334070180715013,95.01591435185185,0.39054151337016024,0.9996484017187693
zfp_p_8_TMQ,17,0.9223892642698933,0.003152242725372517,95.11176215277779,0.26785366140897526,0.9996116716750667
zfp_p_8_TMQ,18,0.9262688712228885,0.32598551532810305,94.85315393518519,0.27406282637072565,0.9996113662692425
zfp_p_8_TMQ,19,0.9213608437175523,0.22256440237562436,94.88389756944444,0.3185920906658473,0.9996259874392068
zfp_p_8_TMQ,20,0.9290797907073112,0.28052614853287317,94.95081018518519,0.44482117902172974,0.99963870378608
zfp_p_8_TMQ,21,0.9329304592511805,0.6073772864581434,95.10995370370371,0.6255210897235721,0.9996586106639656
zfp_p_8_TMQ,22,0.9312505161558017,0.6529329560746362,95.15878182870371,1.0540969330268148,0.9996656418497293
zfp_p_8_TMQ,23,0.9210411353934881,0.3044111703462461,94.94900173611111,0.3324394973636932,0.9996815907648979
zfp_p_8_TMQ,24,0.918802769768138,0.7627299980137567,94.80794270833334,0.512080886620944,0.999687185403736
zfp_p_8_TMQ,25,0.9253088562798393,0.1271393921451005,94.94538483796296,0.8767587490832502,0.999701178499482
zfp_p_8_TMQ,26,0.9341111512605926,0.6984618690522773,95.04665798611111,0.49159313901051915,0.9996958673447361
zfp_p_8_TMQ,27,0.9279480691009145,0.49471687224970484,95.15516493055556,0.2836173895415409,0.9996688102251449
zfp_p_8_TMQ,28,0.9244539094613804,0.31868102277641686,94.96527777777779,0.3444682069681061,0.9996405565733484
zfp_p_8_TMQ,29,0.9229987489306024,0.1461339433506249,94.84230324074075,0.32738022521035876,0.999608909890089
zfp_p_8_TMQ,30,0.9192239270174677,0.00248000578585726,94.84592013888889,0.21348263828758665,0.9996030122297263
zfp_p_8_TMQ,31,0.9227362056042511,0.3485751171914989,94.79528356481481,0.2373590915658748,0.9996335175282738
zfp_p_8_TMQ,32,0.9239372696534323,0.5476220884904957,94.85496238425925,0.3602565935119494,0.9996371495891738
zfp_p_8_TMQ,33,0.9305351592585798,0.43540691075941906,94.98336226851852,0.3639016008855259,0.9996436580330276
zfp_p_8_TMQ,34,0.9233192682910393,0.3602479486075837,94.8585792824074,0.41472938387614156,0.9996613814939571
zfp_p_8_TMQ,35,0.927056022979874,0.00580937858310355,94.87847222222221,0.7235454694535272,0.9996685352709885
zfp_p_8_TMQ,36,0.9271246472923466,0.43100983116138325,94.93815104166666,0.5151121238616339,0.999681408203041
zfp_p_8_TMQ,37,0.9224733303098206,0.380255779619188,95.05208333333334,0.6163240076312508,0.9996860015449369
zfp_p_8_TMQ,38,0.9268672814078863,0.0005108729874543838,95.23835358796296,0.31960092524971834,0.9996822595733578
zfp_p_8_TMQ,39,0.928994900804846,0.017355969627549914,95.10091145833334,0.34657870099415033,0.999656718400123
zfp_p_8_TMQ,40,0.9262347384945794,0.6630760792685004,94.94176793981481,0.2830391060474641,0.9996191958279814
zfp_p_8_TMQ,41,0.9246095154584526,0.0005632290953843838,95.03580729166666,0.26958460044262583,0.9996172390502107
zfp_p_8_TMQ,42,0.9140307886452186,0.1522583771970757,94.93272569444444,0.26270798997759265,0.9995947054032124
zfp_p_8_TMQ,43,0.9240822927109523,0.04189926360846785,94.81336805555556,0.28673570273933213,0.9996157084288912
zfp_p_8_TMQ,44,0.9238900801145589,0.3967520134409921,95.04484953703704,0.5226180578200341,0.9996313134512481
zfp_p_10_TMQ,0,0.9791503849205363,0.9675633003057538,84.92838541666666,0.08360843343435985,0.999965898324972
zfp_p_10_TMQ,1,0.979054424930019,0.9487342876642264,84.98444733796296,0.11831542764698513,0.9999649196955224
zfp_p_10_TMQ,2,0.9793548703496806,0.9245357221319873,84.88136574074075,0.06964354851198926,0.9999661067881318
zfp_p_10_TMQ,3,0.9810721827143278,0.7958572059042159,84.68786168981481,0.13347349299676892,0.9999621409578799
zfp_p_10_TMQ,4,0.9808126523625904,0.7135131768582668,85.17795138888889,0.09725932595794959,0.9999597285226333
zfp_p_10_TMQ,5,0.9790276118418724,0.7284555181470591,85.36422164351852,0.07864614007408338,0.9999588894348521
zfp_p_10_TMQ,6,0.9790618992471579,0.8185913474922437,84.3117042824074,0.056092466790825246,0.9999590244184186
zfp_p_10_TMQ,7,0.9803199128135281,0.7912103551850725,84.62275752314815,0.08726751609405978,0.9999612026504123
zfp_p_10_TMQ,8,0.9840472397795582,0.9786032411436469,84.49978298611111,0.08917611167520337,0.999961028236974
zfp_p_10_TMQ,9,0.982051180743257,0.9088268003481403,84.7511574074074,0.10862628421160567,0.9999620237796745
zfp_p_10_TMQ,10,0.9799301383962058,0.8570362955846752,84.80541087962963,0.1330057888516641,0.9999634732571142
zfp_p_10_TMQ,11,0.9785079610360321,0.9533820675750002,84.90306712962963,0.14201774282205845,0.9999646029257705
zfp_p_10_TMQ,12,0.9787107502350882,0.9184411687877869,85.08210358796296,0.13335349420600484,0.9999661452585069
zfp_p_10_TMQ,13,0.9778701555570147,0.8879653312826414,85.14359085648148,0.15763352343447726,0.9999654056467845
zfp_p_10_TMQ,14,0.9800098109704912,0.9463103849596407,85.29007523148148,0.06800981613145629,0.9999638851902437
zfp_p_12_TMQ,0,0.9929798500006336,0.9799370676349443,53.39807581018518,0.043844393234425245,0.9999970249214102
zfp_p_12_TMQ,1,0.9939977355182819,0.9812127457537407,53.81401909722222,0.02455204384428308,0.9999969478440813
zfp_p_12_TMQ,2,0.994284536889619,0.9742433711279854,53.27690972222222,0.02254511277801146,0.999997000242296
zfp_p_12_TMQ,3,0.9938635916468161,0.9726677330357373,53.772424768518526,0.022754444406064077,0.9999966937726651
zfp_p_12_TMQ,4,0.9942591160396516,0.9303730910904605,53.430627893518526,0.013877031350719722,0.9999964632158072
zfp_p_12_TMQ,5,0.9940267765315601,0.9835938348049784,53.889973958333336,0.019842105605128994,0.9999964003334302
zfp_p_12_TMQ,6,0.9933319311463694,0.8690251786060732,52.551721643518526,0.018450254409633392,0.9999964189673126
zfp_p_12_TMQ,7,0.9937530200773981,0.9710296241390252,52.58969907407407,0.019814638254678375,0.9999966438644887
zfp_p_12_TMQ,8,0.9955566099060296,0.9386393160201015,52.78139467592593,0.025481602031708534,0.9999965783727632
zfp_p_12_TMQ,9,0.9945896876488218,0.9693283558452817,53.56987847222222,0.01900076853061904,0.9999965864963852
zfp_p_12_TMQ,10,0.9944324939899066,0.9556060350426895,53.090639467592595,0.03948043022806331,0.9999968655260917
zfp_p_12_TMQ,11,0.9940411493305372,0.9772102884457546,53.257016782407405,0.034302144309280296,0.9999968627232834
zfp_p_12_TMQ,12,0.9932905187886598,0.9772102884457546,53.580729166666664,0.033668802225005394,0.9999970203927118
zfp_p_12_TMQ,13,0.9938535106640022,0.9867567856551565,52.54991319444444,0.0329072386472882,0.9999969712818674
zfp_p_12_TMQ,14,0.9946500842577531,0.9556060350426945,53.871889467592595,0.017144243170935988,0.9999968519014096
zfp_p_10_TMQ,15,0.981247764022544,0.9757572870242877,84.814453125,0.06655598509395466,0.9999640750713166
zfp_p_10_TMQ,16,0.9816587427683642,0.9556060350426911,84.87232349537037,0.11760625330301056,0.9999619642278076
zfp_p_10_TMQ,17,0.9771852917675864,0.5872832951446753,85.21773726851852,0.06940469029630471,0.9999588894083493
zfp_p_10_TMQ,18,0.9813324423815535,0.9510915100793006,84.82530381944444,0.11541980096940603,0.9999586353606829
zfp_p_10_TMQ,19,0.9794051866831208,0.7034893011033863,84.62999131944444,0.05678720359484952,0.999960231493508
zfp_p_10_TMQ,20,0.9812976424965144,0.9556060350426911,84.59743923611111,0.10591752962559814,0.999961845464085
zfp_p_10_TMQ,21,0.9818753980506073,0.8446139482287739,84.78190104166666,0.1813409861614969,0.9999636337395738
zfp_p_10_TMQ,22,0.9811413287805513,0.9657338909720949,85.04593460648148,0.33657292991771887,0.9999637271955679
zfp_p_10_TMQ,23,0.9759215293786478,0.7185074997830201,85.18699363425925,0.08337820547780704,0.99996505698719
zfp_p_10_TMQ,24,0.9770787161544965,0.9533820675750037,84.68062789351852,0.07354091511207217,0.99996607669217
zfp_p_10_TMQ,25,0.9812512819623418,0.8317885095259775,84.90487557870371,0.10420266696873508,0.9999674517150481
zfp_p_10_TMQ,26,0.9821941494478759,0.8915881747071323,84.88859953703704,0.1022865031232788,0.9999664785528641
zfp_p_10_TMQ,27,0.9803576295608805,0.9412627697054958,84.85604745370371,0.09162127440372875,0.9999640435574507
zfp_p_10_TMQ,28,0.9765664994546457,0.9710296241390252,84.70956307870371,0.08898428842056935,0.9999609561376391
zfp_p_10_TMQ,29,0.9792330230024128,0.905498565698791,84.83615451388889,0.09589498663424893,0.9999582470361821
zfp_p_10_TMQ,30,0.9791160148790711,0.8488010422740916,84.22309027777779,0.07274885659859939,0.9999574139768642
zfp_p_10_TMQ,31,0.9803561871614825,0.8361065241477761,84.42201967592592,0.06207473657324257,0.9999603254808921
zfp_p_10_TMQ,32,0.9791089430050498,0.9772102884457546,84.70052083333334,0.08333502875120452,0.999961905394983
zfp_p_10_TMQ,33,0.9806180717052876,0.7432594250048258,84.72222222222221,0.2743488990418086,0.9999618817019009
zfp_p_10_TMQ,34,0.9781933720851742,0.8729200849708275,84.73668981481481,0.11652626388648085,0.9999632751009284
zfp_p_10_TMQ,35,0.9816930883576134,0.7034893011033785,85.01338252314815,0.21832341281156767,0.9999644164551579
zfp_p_10_TMQ,36,0.9806826920902464,0.8650788703932807,84.57573784722221,0.21384366546833528,0.9999655997787285
zfp_p_10_TMQ,37,0.9782527143601651,0.8915881747071295,85.15986689814815,0.12110935858085801,0.9999658040537551
zfp_p_10_TMQ,38,0.9794432764157474,0.7675420945562528,84.7999855324074,0.10206201563652988,0.9999651162821275
zfp_p_10_TMQ,39,0.9812654430513265,0.8230297369435475,84.91753472222221,0.07800315942672273,0.9999631796629603
zfp_p_10_TMQ,40,0.9799267667781083,0.9359496976270046,85.11646412037037,0.11400186323961886,0.9999591510957164
zfp_p_10_TMQ,41,0.9794523664368362,0.8230297369435409,84.79094328703704,0.06637130341077122,0.9999592640993511
zfp_p_10_TMQ,42,0.9775686093516675,0.6782729592319363,83.91565393518519,0.08663070192527132,0.9999571458208212
zfp_p_10_TMQ,43,0.9814463165180012,0.8767625538477168,84.45457175925925,0.05345030527014874,0.9999592649451954
zfp_p_10_TMQ,44,0.98040333715997,0.9245357221319895,84.62456597222221,0.08889345478386529,0.9999600988955993
zfp_p_14_TMQ,0,0.9981635075338381,0.9857553705707905,4.0219907407407405,0.0044238733511077905,0.9999997900787454
zfp_p_14_TMQ,1,0.998632022503325,0.9799370676349463,3.8393373842592595,0.003907428287403081,0.9999997878558139
zfp_p_14_TMQ,2,0.998691445496491,0.9742433711279854,3.823061342592592,0.005051464962641672,0.9999997895994492
zfp_p_14_TMQ,3,0.9981201965495538,0.9867567856551569,3.90625,0.0068124288172559866,0.9999997763268287
zfp_p_14_TMQ,4,0.9984123670901728,0.9675633003057538,3.6205150462962967,0.009445735954799002,0.9999997620836033
zfp_p_14_TMQ,5,0.9981251839004174,0.9710296241390252,3.8465711805555554,0.004513478222228299,0.9999997471003139
zfp_p_14_TMQ,6,0.9981371490992784,0.9757572870242889,3.481264467592592,0.0041510260052747845,0.9999997462593753
zfp_p_14_TMQ,7,0.9983622260003421,0.9824313070171041,3.439670138888889,0.004285126016087904,0.9999997662870918
zfp_p_14_TMQ,8,0.998747899859831,0.9886072522526788,3.584346064814815,0.006932236507042036,0.9999997687735482
zfp_p_14_TMQ,9,0.9985281681019472,0.9835938348049789,3.956886574074074,0.004566682741132424,0.9999997715692515
zfp_p_14_TMQ,10,0.9983993440811877,0.9638396229864716,3.891782407407408,0.006005691137119549,0.9999997833420846
zfp_p_14_TMQ,11,0.9982756332725045,0.9799370676349463,3.933376736111111,0.012548896802063498,0.9999997819209305
zfp_p_14_TMQ,12,0.9981753272568258,0.9824313070171046,4.000289351851852,0.0062907351617540845,0.9999997921103502
zfp_p_14_TMQ,13,0.9983556502624599,0.9835938348049784,3.7688078703703707,0.0064916523801478235,0.9999997906364543
zfp_p_14_TMQ,14,0.9986227472347253,0.9812127457537417,3.870081018518518,0.006298625680140902,0.999999786899326
zfp_p_8_TMQ,30,0.9192239270174677,0.00248000578585726,94.84592013888889,0.21348263828758665,0.9996030122297263
zfp_p_8_TMQ,31,0.9227362056042511,0.3485751171914989,94.79528356481481,0.2373590915658748,0.9996335175282738
zfp_p_8_TMQ,32,0.9239372696534323,0.5476220884904957,94.85496238425925,0.3602565935119494,0.9996371495891738
zfp_p_8_TMQ,33,0.9305351592585798,0.43540691075941906,94.98336226851852,0.3639016008855259,0.9996436580330276
zfp_p_8_TMQ,34,0.9233192682910393,0.3602479486075837,94.8585792824074,0.41472938387614156,0.9996613814939571
zfp_p_8_TMQ,35,0.927056022979874,0.00580937858310355,94.87847222222221,0.7235454694535272,0.9996685352709885
zfp_p_8_TMQ,36,0.9271246472923466,0.43100983116138325,94.93815104166666,0.5151121238616339,0.999681408203041
zfp_p_8_TMQ,37,0.9224733303098206,0.380255779619188,95.05208333333334,0.6163240076312508,0.9996860015449369
zfp_p_8_TMQ,38,0.9268672814078863,0.0005108729874543838,95.23835358796296,0.31960092524971834,0.9996822595733578
zfp_p_8_TMQ,39,0.928994900804846,0.017355969627549914,95.10091145833334,0.34657870099415033,0.999656718400123
zfp_p_8_TMQ,40,0.9262347384945794,0.6630760792685004,94.94176793981481,0.2830391060474641,0.9996191958279814
zfp_p_8_TMQ,41,0.9246095154584526,0.0005632290953843838,95.03580729166666,0.26958460044262583,0.9996172390502107
zfp_p_8_TMQ,42,0.9140307886452186,0.1522583771970757,94.93272569444444,0.26270798997759265,0.9995947054032124
zfp_p_8_TMQ,43,0.9240822927109523,0.04189926360846785,94.81336805555556,0.28673570273933213,0.9996157084288912
zfp_p_8_TMQ,44,0.9238900801145589,0.3967520134409921,95.04484953703704,0.5226180578200341,0.9996313134512481
zfp_p_8_TMQ,45,0.9292662880358583,0.5184935250023505,95.00687210648148,0.46327773187868265,0.9996514615219919
zfp_p_8_TMQ,46,0.9291639025594469,0.7481580701605518,94.88389756944444,0.44010312993938494,0.9996530893067781
zfp_p_8_TMQ,47,0.9209357132340731,0.04863292155529242,95.19856770833334,0.7382280361322037,0.9996727537704095
zfp_p_8_TMQ,48,0.9337029701311275,0.41796957199345697,95.13527199074075,0.3726374271682451,0.9996978269771762
zfp_p_8_TMQ,49,0.927181235026112,0.0004864437222879208,95.01953125,0.4357140581558244,0.9996751974559643
zfp_p_8_TMQ,50,0.9270791755831842,0.39675201344099864,94.93815104166666,0.29449809415884487,0.9996646733519131
zfp_p_8_TMQ,51,0.9282527195552692,0.023238363881929944,95.08644386574075,0.28207019536212846,0.9996487968350667
zfp_p_8_TMQ,52,0.9330374043845405,0.392587650012984,94.80251736111111,0.30588534788988175,0.9996309206207219
zfp_p_8_TMQ,53,0.9233399405323867,0.001659194328246733,94.94538483796296,0.35367456840242845,0.9996238111688502
zfp_p_8_TMQ,54,0.9210135171143783,0.15645444005184383,94.68135127314815,0.23842000531651072,0.9996157070947878
zfp_p_8_TMQ,55,0.9223656981288001,0.29400553302625554,94.99421296296296,0.32666873421529774,0.9996124396847245
zfp_p_8_TMQ,56,0.9293687482677586,0.043321106372004814,94.85677083333334,0.5705306383277102,0.9996540771118352
zfp_p_8_TMQ,57,0.929240364535418,0.3641944510065973,94.91825810185185,0.4872976029405775,0.9996428483452855
zfp_p_8_TMQ,58,0.9284127577679718,0.6681450182188577,95.11176215277779,0.697321766003096,0.99965210499018
zfp_p_8_TMQ,59,0.9250689641301746,0.6681450182188655,95.01772280092592,0.32364361511022227,0.9996767675894075
zfp_p_16_TMQ,0,0.9994481824528654,0.9894589588557939,0.019892939814814815,0.0014244708199427677,0.9999999867608722
zfp_p_16_TMQ,1,0.9996810515990305,0.9799370676349457,0.010850694444444444,0.0012958459913835632,0.9999999867146776
zfp_p_16_TMQ,2,0.9997450986301439,0.9886072522526784,0.00904224537037037,0.0011954310869472884,0.9999999866413777
zfp_p_16_TMQ,3,0.9997434405894758,0.9556060350426911,0.005425347222222222,0.0019363425359956283,0.9999999859167845
zfp_p_16_TMQ,4,0.99968985362076,0.9910222164963391,0.0018084490740740739,0.001062122532116581,0.9999999849630763
zfp_p_16_TMQ,5,0.999577822380301,0.9886072522526788,0.0072337962962962955,0.0010043983317193407,0.9999999842439274
zfp_p_16_TMQ,6,0.9993161149775084,0.990263476571248,0.0018084490740740739,0.0011262153416937346,0.9999999840388547
zfp_p_16_TMQ,7,0.9996592206701226,0.9886072522526788,0.00904224537037037,0.0010539366454005012,0.9999999851188004
zfp_p_16_TMQ,8,0.9996974445005399,0.9303730910904627,0.01808449074074074,0.0011735278624309966,0.9999999854323559
zfp_p_16_TMQ,9,0.9994678544317175,0.9786032411436469,0.010850694444444444,0.0016252235972621294,0.9999999856603847
zfp_p_16_TMQ,10,0.9996123406826125,0.9786032411436464,0.019892939814814815,0.0015856610706643127,0.9999999864522376
zfp_p_16_TMQ,11,0.9996682364720881,0.9675633003057538,0.021701388888888888,0.003501718414517706,0.99999998648831
zfp_p_16_TMQ,12,0.9996484953612301,0.9902634765712478,0.028935185185185182,0.0024650714088146203,0.9999999869457371
zfp_p_16_TMQ,13,0.9996535006983911,0.9772102884457525,0.01808449074074074,0.00219758768560957,0.999999986882364
zfp_p_16_TMQ,14,0.9995967750546512,0.9824313070171046,0.01808449074074074,0.0014824316339012392,0.9999999864125939
zfp_p_12_TMQ,15,0.9945400094652335,0.9824313070171028,53.188295717592595,0.01595320609217621,0.9999969387628697
zfp_p_12_TMQ,16,0.9950927443670624,0.9772102884457546,54.065393518518526,0.02193193756345901,0.9999966437171128
zfp_p_12_TMQ,17,0.9932266131614569,0.9618800534103945,54.12507233796296,0.01688712926639787,0.9999963713696548
zfp_p_12_TMQ,18,0.9941153482600887,0.969328355845283,52.965856481481474,0.019207207463183492,0.9999964453206273
zfp_p_12_TMQ,19,0.9932456963846866,0.9812127457537446,52.32566550925925,0.021954357510962856,0.9999966071249914
zfp_p_12_TMQ,20,0.9943417750194942,0.9799370676349463,52.38896122685185,0.021438743897435518,0.9999966502656485
zfp_p_12_TMQ,21,0.994900041426341,0.9054985656987897,52.90075231481482,0.03125633838031623,0.9999968009290544
zfp_p_12_TMQ,22,0.9943753377816662,0.9835938348049802,53.61689814814815,0.040472718061392174,0.9999968040959799
zfp_p_12_TMQ,23,0.992897766862412,0.8951537774329185,54.524739583333336,0.020291179343528573,0.9999969157411843
zfp_p_12_TMQ,24,0.9924597050099453,0.9835938348049784,53.76338252314815,0.03531666557156303,0.9999969897311979
zfp_p_12_TMQ,25,0.9945440692747844,0.9638396229864716,53.390842013888886,0.030758912060978742,0.9999970554255807
zfp_p_12_TMQ,26,0.995297345310039,0.9657338909720949,52.81394675925925,0.027553539341173317,0.9999970635761164
zfp_p_12_TMQ,27,0.9942350800629356,0.9742433711279854,53.164785879629626,0.01647388103927049,0.9999968320217983
zfp_p_12_TMQ,28,0.993583624768581,0.9835938348049793,52.82479745370371,0.02305856149501428,0.9999965827621983
zfp_p_12_TMQ,29,0.9944653217551991,0.9577635476196692,53.445095486111114,0.013389127876906153,0.9999963342610627
zfp_p_12_TMQ,30,0.9933117484314317,0.9824313070171009,52.206307870370374,0.022035016437244506,0.9999962732990071
zfp_p_12_TMQ,31,0.9941110930173185,0.9386393160200933,52.108651620370374,0.022735553792104575,0.9999965805176287
zfp_p_12_TMQ,32,0.9934693985114706,0.9386393160201005,52.85734953703704,0.02825370401929556,0.9999966596175414
zfp_p_12_TMQ,33,0.9943435267142382,0.9577635476196692,53.164785879629626,0.04958461219960037,0.9999966582671259
zfp_p_12_TMQ,34,0.9932808286904591,0.9556060350426911,53.55902777777778,0.02566835081523838,0.9999967389750292
zfp_p_12_TMQ,35,0.9945255784070927,0.9786032411436459,54.13049768518518,0.04471670673190036,0.9999968478023534
zfp_p_12_TMQ,36,0.9948194099304946,0.9799370676349463,53.46137152777778,0.027316466054722394,0.9999969276607648
zfp_p_12_TMQ,37,0.992914185391202,0.9847014623545794,53.94422743055556,0.020331354044073612,0.9999969791661675
zfp_p_12_TMQ,38,0.9942375923289335,0.9152987749598599,54.231770833333336,0.02850268476465687,0.9999969113579366
zfp_p_12_TMQ,39,0.994104948008532,0.9487342876642282,53.427010995370374,0.021628794969780873,0.9999967289889569
zfp_p_12_TMQ,40,0.9940464073676287,0.9463103849596421,53.284143518518526,0.020587781666657017,0.9999964342093299
zfp_p_12_TMQ,41,0.9941411387644332,0.9857553705707905,53.22446469907407,0.015306273021685763,0.9999963417124162
zfp_p_12_TMQ,42,0.9932225807464726,0.9824313070171041,52.34555844907407,0.015613571264374435,0.9999962581339517
zfp_p_12_TMQ,43,0.9946030784754109,0.9359496976270046,52.566189236111114,0.013712744045081503,0.999996435439798
zfp_p_12_TMQ,44,0.9944124341404939,0.9757572870242889,52.75969328703704,0.048423116412524995,0.999996514972927
zfp_p_18_TMQ,0,0.999851106245509,0.9847014623545796,0.0,0.00048775882192599805,0.9999999991690065
zfp_p_18_TMQ,1,0.9999480481286063,0.9847014623545798,0.0,0.0004148265965431534,0.9999999991671311
zfp_p_18_TMQ,2,0.9999352558138429,0.9726677330357361,0.0,0.0004837115712811266,0.9999999991771265
zfp_p_18_TMQ,3,0.9999583634719902,0.9847014623545798,0.0,0.00040667368433831066,0.9999999991243406
zfp_p_18_TMQ,4,0.9999310968501399,0.9930382728859278,0.0,0.0003406178398128277,0.9999999990484144
zfp_p_18_TMQ,5,0.9998604951598948,0.9946953694443021,0.0,0.00029256974308799284,0.999999999002828
zfp_p_18_TMQ,6,0.9998936804891715,0.9936285109948725,0.0,0.0002840418890797696,0.9999999990038193
zfp_p_18_TMQ,7,0.9998842287658642,0.9799370676349463,0.0,0.0003720537163157068,0.9999999990614059
zfp_p_18_TMQ,8,0.9999012972832768,0.987706976557158,0.0,0.0005852196792968418,0.9999999991052978
zfp_p_18_TMQ,9,0.9999253942593581,0.9847014623545794,0.0,0.0003397422221198886,0.999999999099978
zfp_p_18_TMQ,10,0.9999694980411624,0.9894589588557939,0.0,0.0003698381382528974,0.9999999991497182
zfp_p_18_TMQ,11,0.9999007840831661,0.9867567856551565,0.0,0.000446114481350865,0.99999999915718
zfp_p_18_TMQ,12,0.9998668642160736,0.9835938348049793,0.0,0.0004988481171696444,0.9999999991931867
zfp_p_18_TMQ,13,0.9997995695272504,0.9847014623545798,0.0,0.000530345061737592,0.999999999180903
zfp_p_18_TMQ,14,0.9998219150510084,0.9867567856551569,0.0,0.00033438401543990577,0.9999999991611568
zfp_p_10_TMQ,30,0.9791160148790711,0.8488010422740916,84.22309027777779,0.07274885659859939,0.9999574139768642
zfp_p_10_TMQ,31,0.9803561871614825,0.8361065241477761,84.42201967592592,0.06207473657324257,0.9999603254808921
zfp_p_10_TMQ,32,0.9791089430050498,0.9772102884457546,84.70052083333334,0.08333502875120452,0.999961905394983
zfp_p_10_TMQ,33,0.9806180717052876,0.7432594250048258,84.72222222222221,0.2743488990418086,0.9999618817019009
zfp_p_10_TMQ,34,0.9781933720851742,0.8729200849708275,84.73668981481481,0.11652626388648085,0.9999632751009284
zfp_p_10_TMQ,35,0.9816930883576134,0.7034893011033785,85.01338252314815,0.21832341281156767,0.9999644164551579
zfp_p_10_TMQ,36,0.9806826920902464,0.8650788703932807,84.57573784722221,0.21384366546833528,0.9999655997787285
zfp_p_10_TMQ,37,0.9782527143601651,0.8915881747071295,85.15986689814815,0.12110935858085801,0.9999658040537551
zfp_p_10_TMQ,38,0.9794432764157474,0.7675420945562528,84.7999855324074,0.10206201563652988,0.9999651162821275
zfp_p_10_TMQ,39,0.9812654430513265,0.8230297369435475,84.91753472222221,0.07800315942672273,0.9999631796629603
zfp_p_10_TMQ,40,0.9799267667781083,0.9359496976270046,85.11646412037037,0.11400186323961886,0.9999591510957164
zfp_p_10_TMQ,41,0.9794523664368362,0.8230297369435409,84.79094328703704,0.06637130341077122,0.9999592640993511
zfp_p_10_TMQ,42,0.9775686093516675,0.6782729592319363,83.91565393518519,0.08663070192527132,0.9999571458208212
zfp_p_10_TMQ,43,0.9814463165180012,0.8767625538477168,84.45457175925925,0.05345030527014874,0.9999592649451954
zfp_p_10_TMQ,44,0.98040333715997,0.9245357221319895,84.62456597222221,0.08889345478386529,0.9999600988955993
zfp_p_10_TMQ,45,0.9804458612725055,0.9772102884457546,84.61733217592592,0.11707441294785081,0.9999621781525281
zfp_p_10_TMQ,46,0.9807741729562615,0.8230297369435409,84.99710648148148,0.09705127415231268,0.9999621599843823
zfp_p_10_TMQ,47,0.9771413805369022,0.7284555181470591,84.72222222222221,0.0963139135391817,0.9999647285399954
zfp_p_10_TMQ,48,0.98139960962932,0.8529422001861849,85.05859375,0.11236852975702488,0.9999665429284048
zfp_p_10_TMQ,49,0.979791252469915,0.6580050842503211,85.10561342592592,0.12617075646251444,0.9999649426139107
zfp_p_10_TMQ,50,0.9806856699209788,0.9245357221319895,84.8488136574074,0.11363315687623414,0.9999634690612924
zfp_p_10_TMQ,51,0.9793680940509295,0.8317885095259842,85.07848668981481,0.07331141926826107,0.9999622989567464
zfp_p_10_TMQ,52,0.9830900598334208,0.800472321108578,84.95732060185185,0.09254598811884333,0.9999602916592131
zfp_p_10_TMQ,53,0.9802871945229227,0.7481580701605518,84.66073495370371,0.0814762166753002,0.9999580980989485
zfp_p_10_TMQ,54,0.9790125699644452,0.9152987749598599,84.38585069444444,0.0936911870408388,0.9999582418940303
zfp_p_10_TMQ,55,0.9800328850502867,0.9303730910904605,84.23936631944444,0.06341725446138097,0.9999580737583079
zfp_p_10_TMQ,56,0.9791140299880583,0.8767625538477183,85.09657118055556,0.09845529375824524,0.9999626971500986
zfp_p_10_TMQ,57,0.9815085752481862,0.7723296272755915,85.04774305555556,0.11854307750231734,0.9999606609206696
zfp_p_10_TMQ,58,0.9813756674226597,0.9120937679735266,85.24667245370371,0.11874309856956483,0.9999622043353643
zfp_p_10_TMQ,59,0.978747276704279,0.9463103849596416,84.64445891203704,0.14814177951982635,0.9999648138552757
zfp_p_20_TMQ,0,0.9999806584510885,0.955606035042692,0.0,8.313453368432204e-05,0.9999999999482063
zfp_p_20_TMQ,1,0.9999903262870657,0.9886072522526788,0.0,0.00011442288039859105,0.9999999999475854
zfp_p_20_TMQ,2,0.9999860220317551,0.9824313070171041,0.0,5.763125063144573e-05,0.9999999999484205
zfp_p_20_TMQ,3,0.9995928880731593,0.9930382728859278,0.0,7.328826105278587e-05,0.9999999999450138
zfp_p_20_TMQ,4,0.9999901667800136,0.9951750396552368,0.0,0.00011511753899119022,0.9999999999403771
zfp_p_20_TMQ,5,0.9999606604973009,0.999993691100367,0.0,7.183176625568486e-05,0.9999999999372567
zfp_p_20_TMQ,6,0.9999733723029949,0.9992520326665913,0.0,4.952247663978709e-05,0.9999999999373594
zfp_p_20_TMQ,7,0.9999787693360548,0.9857553705707909,0.0,5.670802649707174e-05,0.9999999999421051
zfp_p_20_TMQ,8,0.9999850118935195,0.9910222164963389,0.0,9.516354225264945e-05,0.999999999942379
zfp_p_20_TMQ,9,0.9999732396901614,0.9835938348049768,0.0,8.544677159092029e-05,0.9999999999438082
zfp_p_20_TMQ,10,0.9999641361232205,0.9894589588557946,0.0,9.149192652230421e-05,0.9999999999469701
zfp_p_20_TMQ,11,0.9999890596172976,0.9824313070171041,0.0,0.00016267608400842684,0.9999999999464682
zfp_p_20_TMQ,12,0.9999880225622749,0.9946953694443021,0.0,0.00012534839434542777,0.9999999999489316
zfp_p_20_TMQ,13,0.9999313435688311,0.9799370676349463,0.0,0.00012637667457242636,0.9999999999483942
zfp_p_20_TMQ,14,0.9999724787788583,0.998550067049521,0.0,8.84005717297882e-05,0.9999999999474211
zfp_p_14_TMQ,15,0.9986717923013553,0.9510915100793041,3.687427662037037,0.007132493428848327,0.999999785767371
zfp_p_14_TMQ,16,0.9984724952700429,0.9847014623545798,4.0346498842592595,0.005083237724028841,0.9999997680780601
zfp_p_14_TMQ,17,0.9980984027297256,0.9812127457537407,4.040075231481482,0.006249449336412898,0.9999997450900774
zfp_p_14_TMQ,18,0.9984984713955368,0.9799370676349483,3.7977430555555554,0.004630793322255152,0.9999997513641974
zfp_p_14_TMQ,19,0.9981828406645528,0.9710296241390252,3.5463686342592595,0.005511263756807468,0.9999997598520698
zfp_p_14_TMQ,20,0.9985373273212562,0.9598548012979845,3.6566840277777777,0.005705031888399866,0.9999997703811001
zfp_p_14_TMQ,21,0.9985841091495964,0.969328355845283,3.871889467592592,0.006425774689955499,0.9999997817507325
zfp_p_14_TMQ,22,0.998445070539231,0.9487342876642282,4.038266782407407,0.020920634752878635,0.999999777202289
zfp_p_14_TMQ,23,0.9983099840342986,0.9824313070171041,4.1015625,0.0061459308771136725,0.9999997844823882
zfp_p_14_TMQ,24,0.9982297844185684,0.9812127457537417,4.128689236111112,0.007545556687761897,0.9999997884695453
zfp_p_14_TMQ,25,0.998686484214464,0.9812127457537413,3.8519965277777777,0.006336518999641728,0.9999997928062889
zfp_p_14_TMQ,26,0.9983682290200544,0.9886072522526791,3.9152922453703707,0.005083366081261006,0.9999997963517578
zfp_p_14_TMQ,27,0.9984762047254556,0.9835938348049802,3.649450231481482,0.005275945601787486,0.9999997821611369
zfp_p_14_TMQ,28,0.9979339376829289,0.9657338909720936,3.6946614583333335,0.006376827622253641,0.9999997611395519
zfp_p_14_TMQ,29,0.9986271040512056,0.9556060350426911,3.6530671296296293,0.007800037331416616,0.9999997439606003
zfp_p_14_TMQ,30,0.9982163993645528,0.9598548012979877,3.5481770833333335,0.00592545843413625,0.9999997363932649
zfp_p_14_TMQ,31,0.9984067163537895,0.9835938348049793,3.5210503472222223,0.003988634533975688,0.9999997627965894
zfp_p_14_TMQ,32,0.9980920032595847,0.9742433711279854,3.8646556712962967,0.00391834223320066,0.9999997665337984
zfp_p_14_TMQ,33,0.998330290211871,0.9757572870242889,3.870081018518518,0.00915869634788621,0.9999997648396415
zfp_p_14_TMQ,34,0.9986655366996158,0.9657338909720936,3.9623119212962967,0.009196080775308245,0.9999997795514461
zfp_p_14_TMQ,35,0.9982044901088373,0.9799370676349463,4.215494791666666,0.0071728365667684075,0.9999997801438093
zfp_p_14_TMQ,36,0.9984318531261682,0.9867567856551569,4.0219907407407405,0.006089431510923351,0.9999997835735822
zfp_p_14_TMQ,37,0.9979241676113597,0.9618800534103967,4.1811342592592595,0.011474568561260189,0.9999997885855374
zfp_p_14_TMQ,38,0.998398067602306,0.9835938348049789,4.148582175925926,0.005299873414519608,0.9999997872500702
zfp_p_14_TMQ,39,0.998516104557844,0.9867567856551565,3.7977430555555554,0.003979251467563981,0.9999997769556592
zfp_p_14_TMQ,40,0.9984781735746948,0.9657338909720936,3.7760416666666665,0.009074203011037427,0.9999997493661644
zfp_p_14_TMQ,41,0.9983797239711185,0.9598548012979845,3.5590277777777777,0.004757122904886091,0.9999997443172849
zfp_p_14_TMQ,42,0.9982342206647371,0.9710296241390252,3.6078559027777777,0.0041343452394103945,0.9999997407354984
zfp_p_14_TMQ,43,0.9985834436863494,0.9331941823349554,3.4848813657407405,0.004349824175827858,0.9999997497716945
zfp_p_14_TMQ,44,0.9986109553420106,0.969328355845283,3.774233217592592,0.006970722861632315,0.9999997631397356
zfp_p_22_TMQ,0,0.9999967793728456,0.9924081416659399,0.0,2.5592042412438617e-05,0.9999999999967822
zfp_p_22_TMQ,1,0.9999953226068732,0.9799370676349457,0.0,2.2070829595289004e-05,0.9999999999967161
zfp_p_22_TMQ,2,0.9999952519751079,0.9924081416659399,0.0,1.5062001443160157e-05,0.9999999999967689
zfp_p_22_TMQ,3,0.9999950796699181,0.9951750396552375,0.0,2.607343461182392e-05,0.9999999999965635
zfp_p_22_TMQ,4,0.9999960688717902,0.9996473510375461,0.0,2.526157328047306e-05,0.9999999999963024
zfp_p_22_TMQ,5,0.9999856994664009,1.0,0.0,2.1587977216087054e-05,0.9999999999960651
zfp_p_22_TMQ,6,0.9999897329014349,0.9999999999999926,0.0,2.0790436073281803e-05,0.9999999999961062
zfp_p_22_TMQ,7,0.9999984639503254,0.9995868581218246,0.0,1.5487181560961635e-05,0.9999999999963558
zfp_p_22_TMQ,8,0.9999943592683767,0.9993515014356008,0.0,1.6139693711652537e-05,0.9999999999964183
zfp_p_22_TMQ,9,0.9999954725774164,0.9964173420087601,0.0,2.0844336493836026e-05,0.9999999999964682
zfp_p_22_TMQ,10,0.9999894965483632,0.9946953694443016,0.0,2.1160898920989254e-05,0.9999999999967112
zfp_p_22_TMQ,11,0.9999946973627853,0.9910222164963389,0.0,1.9120399783515855e-05,0.9999999999967406
zfp_p_22_TMQ,12,0.9999969793370002,0.9936285109948717,0.0,2.7156910805863617e-05,0.9999999999967787
zfp_p_22_TMQ,13,0.99998437420727,0.9910222164963391,0.0,3.042662649146955e-05,0.9999999999968076
zfp_p_22_TMQ,14,0.9999901960920701,0.9999999996001006,0.0,2.226606162355215e-05,0.9999999999967657
zfp_p_12_TMQ,30,0.9933117484314317,0.9824313070171009,52.206307870370374,0.022035016437244506,0.9999962732990071
zfp_p_12_TMQ,31,0.9941110930173185,0.9386393160200933,52.108651620370374,0.022735553792104575,0.9999965805176287
zfp_p_12_TMQ,32,0.9934693985114706,0.9386393160201005,52.85734953703704,0.02825370401929556,0.9999966596175414
zfp_p_12_TMQ,33,0.9943435267142382,0.9577635476196692,53.164785879629626,0.04958461219960037,0.9999966582671259
zfp_p_12_TMQ,34,0.9932808286904591,0.9556060350426911,53.55902777777778,0.02566835081523838,0.9999967389750292
zfp_p_12_TMQ,35,0.9945255784070927,0.9786032411436459,54.13049768518518,0.04471670673190036,0.9999968478023534
zfp_p_12_TMQ,36,0.9948194099304946,0.9799370676349463,53.46137152777778,0.027316466054722394,0.9999969276607648
zfp_p_12_TMQ,37,0.992914185391202,0.9847014623545794,53.94422743055556,0.020331354044073612,0.9999969791661675
zfp_p_12_TMQ,38,0.9942375923289335,0.9152987749598599,54.231770833333336,0.02850268476465687,0.9999969113579366
zfp_p_12_TMQ,39,0.994104948008532,0.9487342876642282,53.427010995370374,0.021628794969780873,0.9999967289889569
zfp_p_12_TMQ,40,0.9940464073676287,0.9463103849596421,53.284143518518526,0.020587781666657017,0.9999964342093299
zfp_p_12_TMQ,41,0.9941411387644332,0.9857553705707905,53.22446469907407,0.015306273021685763,0.9999963417124162
zfp_p_12_TMQ,42,0.9932225807464726,0.9824313070171041,52.34555844907407,0.015613571264374435,0.9999962581339517
zfp_p_12_TMQ,43,0.9946030784754109,0.9359496976270046,52.566189236111114,0.013712744045081503,0.999996435439798
zfp_p_12_TMQ,44,0.9944124341404939,0.9757572870242889,52.75969328703704,0.048423116412524995,0.999996514972927
zfp_p_12_TMQ,45,0.9934856832030756,0.9533820675750028,52.83745659722222,0.024262444802080278,0.9999967221558691
zfp_p_12_TMQ,46,0.9942609752671521,0.9510915100793041,53.68200231481482,0.04928846222932303,0.9999967024866199
zfp_p_12_TMQ,47,0.9936949851031172,0.9726677330357361,53.72178819444444,0.03640021958618489,0.9999968792192991
zfp_p_12_TMQ,48,0.994538601598661,0.9556060350426916,53.336588541666664,0.02495676634329166,0.9999970701944447
zfp_p_12_TMQ,49,0.9933690059548126,0.9463103849596407,54.20102719907407,0.044763338802248406,0.9999969539817645
zfp_p_12_TMQ,50,0.9939511512886783,0.9245357221319873,52.92607060185185,0.01554665421946456,0.9999967562225935
zfp_p_12_TMQ,51,0.9944446638209253,0.9675633003057538,53.72902199074075,0.018175261737328415,0.9999966724725694
zfp_p_12_TMQ,52,0.9951867059512454,0.9824313070171046,53.21903935185185,0.024928023763505988,0.9999965302364716
zfp_p_12_TMQ,53,0.9940806426494964,0.9618800534103945,53.88093171296296,0.025085612972692902,0.999996399108317
zfp_p_12_TMQ,54,0.9939742877094817,0.9726677330357373,52.05078125,0.01818451397615437,0.9999964515946048
zfp_p_12_TMQ,55,0.9944021857846725,0.9824313070171046,52.35098379629629,0.023332137866477563,0.999996415127011
zfp_p_12_TMQ,56,0.9935240881864589,0.9847014623545814,52.73980034722222,0.02663219795150952,0.9999967703372812
zfp_p_12_TMQ,57,0.9942655996789623,0.9799370676349463,53.51924189814815,0.025189576132459642,0.999996667175272
zfp_p_12_TMQ,58,0.9948264579957303,0.9245357221319885,53.57530381944444,0.026830863773101434,0.9999967576630591
zfp_p_12_TMQ,59,0.993225712627499,0.9835938348049789,53.334780092592595,0.0219321988125665,0.9999969136448619
zfp_p_24_TMQ,0,0.9999986525559321,0.9835938348049793,0.0,3.969255005642754e-06,0.9999999999997954
zfp_p_24_TMQ,1,0.9999998628652002,0.9924081416659397,0.0,6.0727328409561545e-06,0.9999999999997965
zfp_p_24_TMQ,2,0.9999996039897067,0.9960345028366842,0.0,5.4968065064309315e-06,0.9999999999997984
zfp_p_24_TMQ,3,0.9999994556984203,0.9996473510375461,0.0,4.921880013294648e-06,0.9999999999997844
zfp_p_24_TMQ,4,0.9999991645385078,0.9999999999975161,0.0,9.32124554211432e-06,0.9999999999997681
zfp_p_24_TMQ,5,0.9999981856365466,1.0,0.0,3.65491766829373e-06,0.9999999999997553
zfp_p_24_TMQ,6,1.0,1.0,0.0,4.451977390923166e-06,0.9999999999997562
zfp_p_24_TMQ,7,0.9999986437888401,0.9999999998912957,0.0,5.527497551826212e-06,0.9999999999997697
zfp_p_24_TMQ,8,0.9999998521612447,0.9999999996001006,0.0,5.1420402930277365e-06,0.9999999999997762
zfp_p_24_TMQ,9,0.9999982198038806,0.9999964374664239,0.0,7.2352240011612996e-06,0.9999999999997795
zfp_p_24_TMQ,10,1.0,0.9946953694443019,0.0,1.1816041644705932e-05,0.9999999999997933
zfp_p_24_TMQ,11,0.9999999272781107,0.9970967786521828,0.0,8.247064537658979e-06,0.9999999999997901
zfp_p_24_TMQ,12,1.0,0.9991403978666137,0.0,1.2603132269500661e-05,0.9999999999997998
zfp_p_24_TMQ,13,0.9999861601854737,0.9675633003057538,0.0,4.6073766403700646e-06,0.9999999999997994
zfp_p_24_TMQ,14,0.9999998817518378,1.0,0.0,7.494430497683406e-06,0.9999999999997929
zfp_p_16_TMQ,15,0.9995861493891035,0.9857553705707905,0.0072337962962962955,0.0013959386415417852,0.999999986749873
zfp_p_16_TMQ,16,0.9995550445569635,0.9812127457537413,0.010850694444444444,0.0012500055666613498,0.9999999854174768
zfp_p_16_TMQ,17,0.9996058128631867,0.9867567856551565,0.0072337962962962955,0.001292687886559315,0.9999999838216952
zfp_p_16_TMQ,18,0.999533677131373,0.9786032411436438,0.005425347222222222,0.001429592233309346,0.9999999841200305
zfp_p_16_TMQ,19,0.9994723781981621,0.9510915100793077,0.0072337962962962955,0.0013083802974411122,0.9999999848292782
zfp_p_16_TMQ,20,0.9996385350669379,0.990263476571248,0.014467592592592591,0.0013958832987127567,0.9999999855197291
zfp_p_16_TMQ,21,0.9994883609938499,0.955606035042692,0.03074363425925926,0.0018580885833139466,0.9999999861203419
zfp_p_16_TMQ,22,0.9995876607226445,0.9786032411436469,0.02350983796296296,0.002568650749436049,0.9999999861364146
zfp_p_16_TMQ,23,0.9996434399484461,0.9638396229864716,0.01808449074074074,0.0018979915038089593,0.9999999866164248
zfp_p_16_TMQ,24,0.9994407553956688,0.9857553705707905,0.014467592592592591,0.0012043360290141334,0.9999999867041016
zfp_p_16_TMQ,25,0.9996256030723009,0.9824313070171028,0.03797743055555556,0.0022919735013570324,0.999999987133281
zfp_p_16_TMQ,26,0.9995927819266418,0.9824313070171041,0.016276041666666664,0.0017908861865256036,0.9999999871979895
zfp_p_16_TMQ,27,0.9995438122010365,0.9910222164963389,0.010850694444444444,0.0010768393661557368,0.999999986558492
zfp_p_16_TMQ,28,0.9993786734049258,0.9857553705707909,0.010850694444444444,0.0012115614426731205,0.9999999851406596
zfp_p_16_TMQ,29,0.9996857656377184,0.9799370676349443,0.005425347222222222,0.0016584522740970557,0.9999999840129808
zfp_p_16_TMQ,30,0.9994113634425038,0.9742433711279831,0.0072337962962962955,0.0010796686255074772,0.9999999834154663
zfp_p_16_TMQ,31,0.9995045081652598,0.9812127457537407,0.0018084490740740739,0.0011180928705365558,0.9999999850295911
zfp_p_16_TMQ,32,0.9995185588839922,0.9835938348049784,0.021701388888888888,0.0014348358183585385,0.9999999853627151
zfp_p_16_TMQ,33,0.999554254521764,0.9533820675750071,0.01808449074074074,0.00203046382231899,0.9999999855811246
zfp_p_16_TMQ,34,0.9995687845929283,0.9657338909720949,0.016276041666666664,0.0018181247725425067,0.9999999859938662
zfp_p_16_TMQ,35,0.9995359991703555,0.969328355845283,0.025318287037037035,0.0026160565685102877,0.9999999862124791
zfp_p_16_TMQ,36,0.9995655072912907,0.9894589588557953,0.010850694444444444,0.0014374856598710622,0.9999999863753656
zfp_p_16_TMQ,37,0.9992528983601219,0.978603241143648,0.01808449074074074,0.0013519480030530066,0.9999999868275714
zfp_p_16_TMQ,38,0.9995793824385465,0.9772102884457546,0.016276041666666664,0.0015515266474534725,0.9999999863087388
zfp_p_16_TMQ,39,0.9994944624748772,0.9894589588557953,0.012659143518518517,0.0012268768025950401,0.9999999858347948
zfp_p_16_TMQ,40,0.9996933728461255,0.9924081416659399,0.010850694444444444,0.0013552135496700958,0.9999999844605144
zfp_p_16_TMQ,41,0.9996130713577511,0.987706976557157,0.0036168981481481477,0.00115710654396746,0.9999999839852957
zfp_p_16_TMQ,42,0.9995517417139191,0.9799370676349483,0.005425347222222222,0.0010963116366864928,0.9999999835134917
zfp_p_16_TMQ,43,0.999651358760354,0.9857553705707909,0.010850694444444444,0.0010726584877446832,0.9999999842041745
zfp_p_16_TMQ,44,0.9995639075642813,0.9847014623545798,0.014467592592592591,0.0011411519997478886,0.9999999850073197
zfp_p_14_TMQ,30,0.9982163993645528,0.9598548012979877,3.5481770833333335,0.00592545843413625,0.9999997363932649
zfp_p_14_TMQ,31,0.9984067163537895,0.9835938348049793,3.5210503472222223,0.003988634533975688,0.9999997627965894
zfp_p_14_TMQ,32,0.9980920032595847,0.9742433711279854,3.8646556712962967,0.00391834223320066,0.9999997665337984
zfp_p_14_TMQ,33,0.998330290211871,0.9757572870242889,3.870081018518518,0.00915869634788621,0.9999997648396415
zfp_p_14_TMQ,34,0.9986655366996158,0.9657338909720936,3.9623119212962967,0.009196080775308245,0.9999997795514461
zfp_p_14_TMQ,35,0.9982044901088373,0.9799370676349463,4.215494791666666,0.0071728365667684075,0.9999997801438093
zfp_p_14_TMQ,36,0.9984318531261682,0.9867567856551569,4.0219907407407405,0.006089431510923351,0.9999997835735822
zfp_p_14_TMQ,37,0.9979241676113597,0.9618800534103967,4.1811342592592595,0.011474568561260189,0.9999997885855374
zfp_p_14_TMQ,38,0.998398067602306,0.9835938348049789,4.148582175925926,0.005299873414519608,0.9999997872500702
zfp_p_14_TMQ,39,0.998516104557844,0.9867567856551565,3.7977430555555554,0.003979251467563981,0.9999997769556592
zfp_p_14_TMQ,40,0.9984781735746948,0.9657338909720936,3.7760416666666665,0.009074203011037427,0.9999997493661644
zfp_p_14_TMQ,41,0.9983797239711185,0.9598548012979845,3.5590277777777777,0.004757122904886091,0.9999997443172849
zfp_p_14_TMQ,42,0.9982342206647371,0.9710296241390252,3.6078559027777777,0.0041343452394103945,0.9999997407354984
zfp_p_14_TMQ,43,0.9985834436863494,0.9331941823349554,3.4848813657407405,0.004349824175827858,0.9999997497716945
zfp_p_14_TMQ,44,0.9986109553420106,0.969328355845283,3.774233217592592,0.006970722861632315,0.9999997631397356
zfp_p_14_TMQ,45,0.9985014487455448,0.9675633003057538,3.842954282407408,0.005943844639960016,0.9999997735882634
zfp_p_14_TMQ,46,0.9984693355902529,0.9772102884457546,3.9243344907407405,0.014848473016858649,0.9999997739241625
zfp_p_14_TMQ,47,0.9982957368780406,0.9877069765571566,3.9876302083333335,0.006418001220333989,0.9999997834254808
zfp_p_14_TMQ,48,0.9983749683701237,0.9824313070171043,3.982204861111111,0.006521590763117599,0.9999997954936122
zfp_p_14_TMQ,49,0.9980621678923013,0.9835938348049793,4.065393518518518,0.006628714669093585,0.9999997876659413
zfp_p_14_TMQ,50,0.9984882442520762,0.9598548012979845,3.806785300925926,0.0058787714691024805,0.9999997747991055
zfp_p_14_TMQ,51,0.9982678912152569,0.9710296241390252,3.830295138888889,0.006188942259197426,0.9999997695364314
zfp_p_14_TMQ,52,0.9985356508944638,0.9902634765712478,3.738064236111111,0.00590450835903921,0.999999762416721
zfp_p_14_TMQ,53,0.9984430353280253,0.9693283558452833,3.9514612268518516,0.0059718796842896,0.9999997451083289
zfp_p_14_TMQ,54,0.9975713127877618,0.9757572870242877,3.5608362268518516,0.00591703137071402,0.9999997498271448
zfp_p_14_TMQ,55,0.9982838648177826,0.951091510079305,3.625940393518518,0.008062735107890297,0.9999997486038231
zfp_p_14_TMQ,56,0.9983065823312275,0.9675633003057565,3.5716869212962967,0.005433449722891377,0.9999997774851023
zfp_p_14_TMQ,57,0.998508874289494,0.9510915100793077,3.794126157407408,0.00914398953043789,0.9999997684584018
zfp_p_14_TMQ,58,0.9983970014795452,0.9799370676349463,3.956886574074074,0.01123541328069369,0.9999997741335923
zfp_p_14_TMQ,59,0.9978043009146456,0.9533820675750037,3.842954282407408,0.008125719453546143,0.9999997839628914
zfp_p_18_TMQ,15,0.9997619467534467,0.9867567856551565,0.0,0.00022336475008132383,0.9999999991761884
zfp_p_18_TMQ,16,0.999929259262085,0.9941803690852931,0.0,0.0003302453414980339,0.9999999990964389
zfp_p_18_TMQ,17,0.9998906887382508,0.9930382728859276,0.0,0.0002392832844572031,0.999999998990017
zfp_p_18_TMQ,18,0.9998638791999479,0.9799370676349443,0.0,0.0003227939844717004,0.999999999017112
zfp_p_18_TMQ,19,0.9999095844244011,0.9894589588557939,0.0,0.00029412693738335477,0.9999999990651212
zfp_p_18_TMQ,20,0.9998763841524974,0.978603241143648,0.0,0.00033264849967843324,0.9999999990926114
zfp_p_18_TMQ,21,0.9998902534975718,0.9910222164963389,0.0,0.0004713165541470211,0.9999999991511904
zfp_p_18_TMQ,22,0.9998385386718547,0.9877069765571566,0.0,0.000855770273619663,0.9999999991344967
zfp_p_18_TMQ,23,0.9998981797453006,0.9857553705707905,0.0,0.0005496025652333426,0.9999999991584089
zfp_p_18_TMQ,24,0.999850391640713,0.9902634765712478,0.0,0.0003310046004413592,0.9999999991651973
zfp_p_18_TMQ,25,0.9999581811952221,0.9824313070171046,0.0,0.0006905255855470337,0.9999999991847551
zfp_p_18_TMQ,26,0.9999318115313803,0.987706976557157,0.0,0.0003338405639576411,0.9999999992083888
zfp_p_18_TMQ,27,0.9999358472790161,0.99102221649634,0.0,0.0003080044847843077,0.9999999991447939
zfp_p_18_TMQ,28,0.9996923565335918,0.9867567856551569,0.0,0.000349072319838802,0.9999999990697677
zfp_p_18_TMQ,29,0.9999259399443492,0.9983605947715416,0.0,0.0002776386900767277,0.9999999989876284
zfp_p_18_TMQ,30,0.9999004459754677,0.990263476571248,0.0,0.0002364047110269536,0.9999999989693205
zfp_p_18_TMQ,31,0.9998739589720005,0.9917366172822194,0.0,0.00028212369791929685,0.9999999990664032
zfp_p_18_TMQ,32,0.9997887129886021,0.9877069765571566,0.0,0.00028767611109692945,0.9999999990837979
zfp_p_18_TMQ,33,0.9999303671386839,0.9847014623545781,0.0,0.0005565497789102543,0.9999999991023615
zfp_p_18_TMQ,34,0.999751261197243,0.9835938348049802,0.0,0.0005549399406054697,0.9999999991206902
zfp_p_18_TMQ,35,0.9998757887649025,0.9742433711279854,0.0,0.0004522995250351313,0.999999999153254
zfp_p_18_TMQ,36,0.999821693991981,0.9757572870242889,0.0,0.0003022505496523773,0.9999999991515276
zfp_p_18_TMQ,37,0.9999545992328233,0.9786032411436469,0.0,0.00040005019435265386,0.9999999991632722
zfp_p_18_TMQ,38,0.9999383559663084,0.9936285109948717,0.0,0.0002976452113704933,0.9999999991411616
zfp_p_18_TMQ,39,0.9999451062136311,0.9867567856551569,0.0,0.000302914645349281,0.9999999991226763
zfp_p_18_TMQ,40,0.9998833175038567,0.9772102884457544,0.0,0.00037490028995947885,0.999999999029131
zfp_p_18_TMQ,41,0.9999009605630689,0.9960345028366842,0.0,0.00022555830749831845,0.9999999989979179
zfp_p_18_TMQ,42,0.999843227900195,0.9946953694443019,0.0,0.00033744947958475247,0.999999998963764
zfp_p_18_TMQ,43,0.999910691530626,0.9847014623545814,0.0,0.0002484608578651432,0.9999999990105741
zfp_p_18_TMQ,44,0.9999117063578283,0.9857553705707905,0.0,0.0004564913615333571,0.9999999990580907
zfp_p_16_TMQ,30,0.9994113634425038,0.9742433711279831,0.0072337962962962955,0.0010796686255074772,0.9999999834154663
zfp_p_16_TMQ,31,0.9995045081652598,0.9812127457537407,0.0018084490740740739,0.0011180928705365558,0.9999999850295911
zfp_p_16_TMQ,32,0.9995185588839922,0.9835938348049784,0.021701388888888888,0.0014348358183585385,0.9999999853627151
zfp_p_16_TMQ,33,0.999554254521764,0.9533820675750071,0.01808449074074074,0.00203046382231899,0.9999999855811246
zfp_p_16_TMQ,34,0.9995687845929283,0.9657338909720949,0.016276041666666664,0.0018181247725425067,0.9999999859938662
zfp_p_16_TMQ,35,0.9995359991703555,0.969328355845283,0.025318287037037035,0.0026160565685102877,0.9999999862124791
zfp_p_16_TMQ,36,0.9995655072912907,0.9894589588557953,0.010850694444444444,0.0014374856598710622,0.9999999863753656
zfp_p_16_TMQ,37,0.9992528983601219,0.978603241143648,0.01808449074074074,0.0013519480030530066,0.9999999868275714
zfp_p_16_TMQ,38,0.9995793824385465,0.9772102884457546,0.016276041666666664,0.0015515266474534725,0.9999999863087388
zfp_p_16_TMQ,39,0.9994944624748772,0.9894589588557953,0.012659143518518517,0.0012268768025950401,0.9999999858347948
zfp_p_16_TMQ,40,0.9996933728461255,0.9924081416659399,0.010850694444444444,0.0013552135496700958,0.9999999844605144
zfp_p_16_TMQ,41,0.9996130713577511,0.987706976557157,0.0036168981481481477,0.00115710654396746,0.9999999839852957
zfp_p_16_TMQ,42,0.9995517417139191,0.9799370676349483,0.005425347222222222,0.0010963116366864928,0.9999999835134917
zfp_p_16_TMQ,43,0.999651358760354,0.9857553705707909,0.010850694444444444,0.0010726584877446832,0.9999999842041745
zfp_p_16_TMQ,44,0.9995639075642813,0.9847014623545798,0.014467592592592591,0.0011411519997478886,0.9999999850073197
zfp_p_16_TMQ,45,0.9995864712063507,0.9847014623545798,0.014467592592592591,0.0015628013971916532,0.9999999859177721
zfp_p_16_TMQ,46,0.9994802380239507,0.9847014623545794,0.025318287037037035,0.0013722654679753318,0.9999999858797385
zfp_p_16_TMQ,47,0.9993368500284935,0.9742433711279854,0.012659143518518517,0.0013713346634475416,0.9999999863370684
zfp_p_16_TMQ,48,0.9995443191445981,0.9857553705707913,0.019892939814814815,0.0014415222953828805,0.9999999871818213
zfp_p_16_TMQ,49,0.9995086560431327,0.9710296241390252,0.02350983796296296,0.0013395353507314927,0.999999986768369
zfp_p_16_TMQ,50,0.9996090235400671,0.9824313070171041,0.010850694444444444,0.0012620221900138636,0.9999999857690814
zfp_p_16_TMQ,51,0.9995429495993576,0.99102221649634,0.005425347222222222,0.0017133583388947418,0.9999999855622732
zfp_p_16_TMQ,52,0.9997724134852568,0.987706976557157,0.005425347222222222,0.001358037907194817,0.9999999849021185
zfp_p_16_TMQ,53,0.9995673936972452,0.9726677330357361,0.0036168981481481477,0.0011594646441356125,0.9999999838754147
zfp_p_16_TMQ,54,0.9994766276890792,0.978603241143648,0.0018084490740740739,0.000884464752752784,0.9999999841696111
zfp_p_16_TMQ,55,0.9995616388595063,0.9867567856551565,0.0036168981481481477,0.0007919433681444733,0.9999999842915666
zfp_p_16_TMQ,56,0.9994901889873491,0.9867567856551565,0.010850694444444444,0.0012899348191945485,0.9999999860732122
zfp_p_16_TMQ,57,0.9993692788695742,0.9675633003057538,0.012659143518518517,0.0022429256670144634,0.9999999856157998
zfp_p_16_TMQ,58,0.9996468691577524,0.9894589588557943,0.016276041666666664,0.0025251185918015837,0.9999999858337084
zfp_p_16_TMQ,59,0.9995606671540775,0.9824313070171046,0.01808449074074074,0.0024025283265499925,0.9999999865566708
zfp_p_20_TMQ,15,0.999993815703813,0.9936285109948717,0.0,7.36540729438252e-05,0.9999999999486435
zfp_p_20_TMQ,16,0.999983241768243,0.999971235917437,0.0,7.79913919043241e-05,0.9999999999429265
zfp_p_20_TMQ,17,0.9998930648534181,0.9941803690852933,0.0,8.662053531490824e-05,0.9999999999377421
zfp_p_20_TMQ,18,0.999982816740776,0.9999985927076651,0.0,7.904535310404115e-05,0.999999999938621
zfp_p_20_TMQ,19,0.9999841295478714,0.9964173420087601,0.0,9.974446331613203e-05,0.9999999999414124
zfp_p_20_TMQ,20,0.9999850062396696,0.990263476571248,0.0,8.828853471641422e-05,0.9999999999431537
zfp_p_20_TMQ,21,0.999993990518352,0.9835938348049784,0.0,6.584870968941586e-05,0.9999999999465039
zfp_p_20_TMQ,22,0.999980731632419,0.9894589588557953,0.0,0.00017101131432921578,0.9999999999462126
zfp_p_20_TMQ,23,0.9999915292172741,0.9910222164963391,0.0,0.00011062116336022846,0.9999999999475563
zfp_p_20_TMQ,24,0.9999250580624272,0.9799370676349463,0.0,7.767348608491265e-05,0.9999999999480906
zfp_p_20_TMQ,25,0.9999895406550984,0.9902634765712476,0.0,0.00022568711915298644,0.9999999999496832
zfp_p_20_TMQ,26,0.999991918967717,0.987706976557157,0.0,0.00010700266755772981,0.9999999999498891
zfp_p_20_TMQ,27,0.9999906940692644,0.9867567856551569,0.0,7.550611687827593e-05,0.9999999999465091
zfp_p_20_TMQ,28,0.9998111783638842,0.9987215503290459,0.0,0.00010799871471498649,0.9999999999426546
zfp_p_20_TMQ,29,0.9999823597698194,0.9999999706977231,0.0,0.00012979847070279443,0.9999999999360817
zfp_p_20_TMQ,30,0.9999784797079723,0.987706976557158,0.0,7.386627868145774e-05,0.9999999999350738
zfp_p_20_TMQ,31,0.999951747207673,0.9924081416659399,0.0,7.727531285029716e-05,0.9999999999412637
zfp_p_20_TMQ,32,0.9999751365582,0.9924081416659397,0.0,0.00010663620742540007,0.9999999999430599
zfp_p_20_TMQ,33,0.999979839576267,0.9886072522526778,0.0,8.60821664608729e-05,0.9999999999427622
zfp_p_20_TMQ,34,0.9999819308387002,0.9886072522526791,0.0,0.00012733048748970208,0.9999999999454234
zfp_p_20_TMQ,35,0.9999931587203109,0.9835938348049793,0.0,0.00013426973400564485,0.999999999946108
zfp_p_20_TMQ,36,0.9999810728031733,0.987706976557157,0.0,0.000111324021592123,0.9999999999465358
zfp_p_20_TMQ,37,0.9999840829357562,0.9847014623545798,0.0,0.00010285834416525018,0.9999999999481148
zfp_p_20_TMQ,38,0.9999869301619235,0.990263476571248,0.0,6.612188467408255e-05,0.9999999999471307
zfp_p_20_TMQ,39,0.9999917980207031,0.9970967786521834,0.0,8.574476117721356e-05,0.999999999945435
zfp_p_20_TMQ,40,0.9999753347395361,0.9960345028366842,0.0,8.275216582392621e-05,0.9999999999394931
zfp_p_20_TMQ,41,0.999968166828262,0.9999860552878879,0.0,0.00010589330010837165,0.999999999937004
zfp_p_20_TMQ,42,0.9999176208917003,0.9867567856551569,0.0,6.907407193345657e-05,0.9999999999351616
zfp_p_20_TMQ,43,0.9999725324335973,0.998550067049521,0.0,8.4648486591257e-05,0.999999999938763
zfp_p_20_TMQ,44,0.9999845670108303,0.9857553705707905,0.0,0.00012345191029454556,0.9999999999412189
zfp_p_18_TMQ,30,0.9999004459754677,0.990263476571248,0.0,0.0002364047110269536,0.9999999989693205
zfp_p_18_TMQ,31,0.9998739589720005,0.9917366172822194,0.0,0.00028212369791929685,0.9999999990664032
zfp_p_18_TMQ,32,0.9997887129886021,0.9877069765571566,0.0,0.00028767611109692945,0.9999999990837979
zfp_p_18_TMQ,33,0.9999303671386839,0.9847014623545781,0.0,0.0005565497789102543,0.9999999991023615
zfp_p_18_TMQ,34,0.999751261197243,0.9835938348049802,0.0,0.0005549399406054697,0.9999999991206902
zfp_p_18_TMQ,35,0.9998757887649025,0.9742433711279854,0.0,0.0004522995250351313,0.999999999153254
zfp_p_18_TMQ,36,0.999821693991981,0.9757572870242889,0.0,0.0003022505496523773,0.9999999991515276
zfp_p_18_TMQ,37,0.9999545992328233,0.9786032411436469,0.0,0.00040005019435265386,0.9999999991632722
zfp_p_18_TMQ,38,0.9999383559663084,0.9936285109948717,0.0,0.0002976452113704933,0.9999999991411616
zfp_p_18_TMQ,39,0.9999451062136311,0.9867567856551569,0.0,0.000302914645349281,0.9999999991226763
zfp_p_18_TMQ,40,0.9998833175038567,0.9772102884457544,0.0,0.00037490028995947885,0.999999999029131
zfp_p_18_TMQ,41,0.9999009605630689,0.9960345028366842,0.0,0.00022555830749831845,0.9999999989979179
zfp_p_18_TMQ,42,0.999843227900195,0.9946953694443019,0.0,0.00033744947958475247,0.999999998963764
zfp_p_18_TMQ,43,0.999910691530626,0.9847014623545814,0.0,0.0002484608578651432,0.9999999990105741
zfp_p_18_TMQ,44,0.9999117063578283,0.9857553705707905,0.0,0.0004564913615333571,0.9999999990580907
zfp_p_18_TMQ,45,0.9999117751288848,0.9956209086649728,0.0,0.0003561688119913232,0.9999999991112551
zfp_p_18_TMQ,46,0.9998202258952633,0.9598548012979854,0.0,0.000503307133188919,0.9999999991137735
zfp_p_18_TMQ,47,0.9997142398172432,0.9835938348049789,0.0,0.000517375805119635,0.9999999991484846
zfp_p_18_TMQ,48,0.9999458231203381,0.9902634765712478,0.0,0.0005502728669465078,0.9999999991994089
zfp_p_18_TMQ,49,0.9999068159411537,0.9910222164963391,0.0,0.0007069072849335756,0.9999999991691984
zfp_p_18_TMQ,50,0.9993485003776622,0.9799370676349443,0.0,0.00033154204159644785,0.999999999107439
zfp_p_18_TMQ,51,0.9998301474968082,0.9824313070171046,0.0,0.0003556317739084116,0.999999999097623
zfp_p_18_TMQ,52,0.9999228842754448,0.9936285109948717,0.0,0.0003520869914177602,0.9999999990595886
zfp_p_18_TMQ,53,0.9999029746894532,0.9917366172822193,0.0,0.00038628016675664947,0.9999999990010836
zfp_p_18_TMQ,54,0.9999122660492877,0.9979224623601161,0.0,0.00023496049557275635,0.999999999001327
zfp_p_18_TMQ,55,0.9999121903287809,0.9917366172822194,0.0,0.0003642965793133488,0.9999999990092566
zfp_p_18_TMQ,56,0.9999342644130564,0.9799370676349483,0.0,0.000273227831646997,0.9999999991234791
zfp_p_18_TMQ,57,0.9998079256009507,0.9867567856551569,0.0,0.0005442559527323903,0.999999999095008
zfp_p_18_TMQ,58,0.9998905053973735,0.961880053410396,0.0,0.0003913209291135454,0.9999999991159384
zfp_p_18_TMQ,59,0.9998801066267728,0.9835938348049789,0.0,0.00030491095468428267,0.9999999991650268
zfp_p_22_TMQ,15,0.9999991274601864,0.9999158496601825,0.0,1.4661233757745324e-05,0.9999999999967566
zfp_p_22_TMQ,16,0.9999962546594207,1.0,0.0,2.2553790952982973e-05,0.999999999996501
zfp_p_22_TMQ,17,0.9999885955226795,0.9999999288886017,0.0,2.5308432196783373e-05,0.9999999999960776
zfp_p_22_TMQ,18,0.999996762564689,1.0,0.0,2.9559926116928893e-05,0.9999999999960877
zfp_p_22_TMQ,19,0.9999962063329987,0.9999892079302484,0.0,1.766235116553189e-05,0.9999999999963096
zfp_p_22_TMQ,20,0.9999992357324178,0.9960345028366838,0.0,1.6702661877877024e-05,0.9999999999964563
zfp_p_22_TMQ,21,0.9999965653207347,0.9924081416659397,0.0,3.3620816403746866e-05,0.9999999999966316
zfp_p_22_TMQ,22,0.9999986701761926,0.9941803690852935,0.0,3.248602028476142e-05,0.9999999999966521
zfp_p_22_TMQ,23,0.9999986665150288,0.9847014623545794,0.0,2.591383670364199e-05,0.9999999999966936
zfp_p_22_TMQ,24,0.9999981385308648,0.9799370676349463,0.0,2.465162382539312e-05,0.9999999999967925
zfp_p_22_TMQ,25,0.9999992848422252,0.9960345028366842,0.0,2.8834521190238888e-05,0.9999999999968878
zfp_p_22_TMQ,26,0.9999984448090566,0.9917366172822193,0.0,3.952197966788973e-05,0.9999999999968677
zfp_p_22_TMQ,27,0.9999973643215,0.9867567856551569,0.0,2.5459271864824667e-05,0.9999999999966779
zfp_p_22_TMQ,28,0.9999965501817344,0.9999999999999992,0.0,1.4418998236664412e-05,0.999999999996367
zfp_p_22_TMQ,29,0.9999942234369072,1.0,0.0,1.769916895404415e-05,0.9999999999960313
zfp_p_22_TMQ,30,0.9999983557872739,0.9941803690852943,0.0,1.4565257485174934e-05,0.999999999995926
zfp_p_22_TMQ,31,0.9999998739774703,0.998721550329046,0.0,1.7501035477932445e-05,0.9999999999963837
zfp_p_22_TMQ,32,0.9999941923239314,0.9998208542554494,0.0,2.716737389533216e-05,0.9999999999964435
zfp_p_22_TMQ,33,0.9999855864051062,0.9930382728859278,0.0,3.482118494424599e-05,0.9999999999964818
zfp_p_22_TMQ,34,0.9999872001868209,0.9886072522526788,0.0,2.765477319166991e-05,0.9999999999965853
zfp_p_22_TMQ,35,0.9999988568904071,0.9799370676349463,0.0,6.10478945886412e-05,0.9999999999966301
zfp_p_22_TMQ,36,0.9999954917613737,0.9772102884457546,0.0,5.6487006210013565e-05,0.9999999999966666
zfp_p_22_TMQ,37,0.9999985596410823,0.9824313070171046,0.0,3.7009668671980814e-05,0.9999999999967301
zfp_p_22_TMQ,38,0.999998013889609,0.9973963482253656,0.0,2.083606918045115e-05,0.9999999999966693
zfp_p_22_TMQ,39,0.9999994736414237,0.9997002623550938,0.0,2.0029910533466084e-05,0.9999999999966069
zfp_p_22_TMQ,40,0.9999956585393212,0.999993691100367,0.0,1.5540724750488743e-05,0.9999999999962299
zfp_p_22_TMQ,41,0.9999968511049415,1.0,0.0,2.0054335865638403e-05,0.9999999999960966
zfp_p_22_TMQ,42,0.9999953241124548,0.9995179709435429,0.0,2.2406260174777378e-05,0.999999999995936
zfp_p_22_TMQ,43,0.9999914368866628,0.9998505317804564,0.0,1.3656100306755263e-05,0.9999999999961378
zfp_p_22_TMQ,44,0.9999967478717253,0.9946953694443021,0.0,2.5113466897637372e-05,0.9999999999963561
zfp_p_20_TMQ,30,0.9999784797079723,0.987706976557158,0.0,7.386627868145774e-05,0.9999999999350738
zfp_p_20_TMQ,31,0.999951747207673,0.9924081416659399,0.0,7.727531285029716e-05,0.9999999999412637
zfp_p_20_TMQ,32,0.9999751365582,0.9924081416659397,0.0,0.00010663620742540007,0.9999999999430599
zfp_p_20_TMQ,33,0.999979839576267,0.9886072522526778,0.0,8.60821664608729e-05,0.9999999999427622
zfp_p_20_TMQ,34,0.9999819308387002,0.9886072522526791,0.0,0.00012733048748970208,0.9999999999454234
zfp_p_20_TMQ,35,0.9999931587203109,0.9835938348049793,0.0,0.00013426973400564485,0.999999999946108
zfp_p_20_TMQ,36,0.9999810728031733,0.987706976557157,0.0,0.000111324021592123,0.9999999999465358
zfp_p_20_TMQ,37,0.9999840829357562,0.9847014623545798,0.0,0.00010285834416525018,0.9999999999481148
zfp_p_20_TMQ,38,0.9999869301619235,0.990263476571248,0.0,6.612188467408255e-05,0.9999999999471307
zfp_p_20_TMQ,39,0.9999917980207031,0.9970967786521834,0.0,8.574476117721356e-05,0.999999999945435
zfp_p_20_TMQ,40,0.9999753347395361,0.9960345028366842,0.0,8.275216582392621e-05,0.9999999999394931
zfp_p_20_TMQ,41,0.999968166828262,0.9999860552878879,0.0,0.00010589330010837165,0.999999999937004
zfp_p_20_TMQ,42,0.9999176208917003,0.9867567856551569,0.0,6.907407193345657e-05,0.9999999999351616
zfp_p_20_TMQ,43,0.9999725324335973,0.998550067049521,0.0,8.4648486591257e-05,0.999999999938763
zfp_p_20_TMQ,44,0.9999845670108303,0.9857553705707905,0.0,0.00012345191029454556,0.9999999999412189
zfp_p_20_TMQ,45,0.9999621228586135,0.998550067049521,0.0,0.0001629900405547395,0.9999999999449314
zfp_p_20_TMQ,46,0.9999672071792467,0.9857553705707909,0.0,7.761047240800477e-05,0.9999999999442039
zfp_p_20_TMQ,47,0.9999544764205675,0.9742433711279854,0.0,7.150973632138664e-05,0.9999999999468205
zfp_p_20_TMQ,48,0.9999439996621288,0.979937067634946,0.0,7.893655357884888e-05,0.9999999999496743
zfp_p_20_TMQ,49,0.9999607157818987,0.9857553705707909,0.0,0.00012846006149319855,0.9999999999480362
zfp_p_20_TMQ,50,0.9999862381068998,0.9886072522526788,0.0,8.036856735170187e-05,0.9999999999444812
zfp_p_20_TMQ,51,0.9999590354289624,0.9857553705707921,0.0,0.00010509424947352911,0.999999999944191
zfp_p_20_TMQ,52,0.9999863550763599,0.9987215503290459,0.0,7.287253499021897e-05,0.9999999999407769
zfp_p_20_TMQ,53,0.9999560475413911,0.997922462360116,0.0,7.753877890648682e-05,0.9999999999376133
zfp_p_20_TMQ,54,0.9999596060940356,0.9999996496158239,0.0,6.160002622699422e-05,0.9999999999381173
zfp_p_20_TMQ,55,0.9999846078695895,0.9941803690852931,0.0,6.0691522332419266e-05,0.9999999999386938
zfp_p_20_TMQ,56,0.9999706161311728,0.9857553705707905,0.0,8.617984045827938e-05,0.9999999999454886
zfp_p_20_TMQ,57,0.9999654628575708,0.99102221649634,0.0,8.840281373527147e-05,0.9999999999435102
zfp_p_20_TMQ,58,0.9999937944759145,0.9757572870242889,0.0,9.766026474431485e-05,0.9999999999459617
zfp_p_20_TMQ,59,0.9999162466290625,0.9867567856551565,0.0,0.00012861880981812266,0.9999999999468436
zfp_p_24_TMQ,15,1.0,0.9999999999456265,0.0,4.324684325073546e-06,0.9999999999997962
zfp_p_24_TMQ,16,0.9999997705527687,1.0,0.0,5.1872760656975e-06,0.9999999999997757
zfp_p_24_TMQ,17,1.0,1.0,0.0,4.336364715079157e-06,0.9999999999997545
zfp_p_24_TMQ,18,0.9999925897092659,1.0,0.0,4.1566670483242775e-06,0.9999999999997596
zfp_p_24_TMQ,19,0.9999999274981713,0.9999999999999976,0.0,6.55356719003057e-06,0.999999999999765
zfp_p_24_TMQ,20,0.9999995354758752,0.9999999887127299,0.0,4.631299363138446e-06,0.9999999999997764
zfp_p_24_TMQ,21,0.9999987995792513,0.9983605947715415,0.0,6.745284564283526e-06,0.999999999999789
zfp_p_24_TMQ,22,0.9999988812523837,0.9981518377972473,0.0,8.910005018429297e-06,0.9999999999997868
zfp_p_24_TMQ,23,0.9999999600332151,0.9956209086649725,0.0,5.331411266736155e-06,0.9999999999997929
zfp_p_24_TMQ,24,0.9999993537652023,0.9886072522526788,0.0,6.926203631895456e-06,0.9999999999997954
zfp_p_24_TMQ,25,0.9999997986312261,0.9999860552878879,0.0,1.1785639836248356e-05,0.9999999999998009
zfp_p_24_TMQ,26,0.9999989601867998,0.9902634765712478,0.0,7.01422211058534e-06,0.9999999999998032
zfp_p_24_TMQ,27,0.999998945966741,0.9973963482253656,0.0,3.899015498586607e-06,0.9999999999997908
zfp_p_24_TMQ,28,0.9999994797785372,1.0,0.0,4.789219967580782e-06,0.9999999999997713
zfp_p_24_TMQ,29,0.999999779748315,1.0,0.0,3.7963771534384465e-06,0.9999999999997483
zfp_p_24_TMQ,30,0.9999728511014256,0.9987215503290455,0.0,3.6600411914760843e-06,0.9999999999997442
zfp_p_24_TMQ,31,0.9999974075260497,0.9999997599245579,0.0,3.847954677773364e-06,0.9999999999997703
zfp_p_24_TMQ,32,0.9999999428338161,0.9999973599005177,0.0,6.682410174054197e-06,0.9999999999997776
zfp_p_24_TMQ,33,0.9999990319225398,0.9998505317804564,0.0,1.2321522442433176e-05,0.9999999999997797
zfp_p_24_TMQ,34,0.9999966402491065,0.9970967786521834,0.0,6.737975176262839e-06,0.9999999999997901
zfp_p_24_TMQ,35,0.9999996472379304,0.9941803690852933,0.0,1.1958363102463571e-05,0.9999999999997864
zfp_p_24_TMQ,36,0.9999998425418664,0.9886072522526784,0.0,4.605363473288096e-06,0.9999999999997897
zfp_p_24_TMQ,37,0.9999996614382328,0.9956209086649725,0.0,5.904112108338166e-06,0.9999999999997944
zfp_p_24_TMQ,38,0.9999994004373601,0.9999973599005177,0.0,4.4490104473887834e-06,0.999999999999792
zfp_p_24_TMQ,39,0.9999993505955848,0.9999999997887068,0.0,4.705896363292894e-06,0.999999999999785
zfp_p_24_TMQ,40,0.9999997966299436,1.0,0.0,8.30430876149134e-06,0.9999999999997639
zfp_p_24_TMQ,41,0.9999990723359913,1.0,0.0,6.217849430273465e-06,0.9999999999997538
zfp_p_24_TMQ,42,0.9999965097601988,0.9999999997887068,0.0,4.846538713521193e-06,0.9999999999997481
zfp_p_24_TMQ,43,0.9999995938200459,1.0,0.0,3.7869702975296332e-06,0.9999999999997593
zfp_p_24_TMQ,44,0.9999996158734006,0.9999638936820525,0.0,1.2808823283266027e-05,0.9999999999997681
zfp_p_22_TMQ,30,0.9999983557872739,0.9941803690852943,0.0,1.4565257485174934e-05,0.999999999995926
zfp_p_22_TMQ,31,0.9999998739774703,0.998721550329046,0.0,1.7501035477932445e-05,0.9999999999963837
zfp_p_22_TMQ,32,0.9999941923239314,0.9998208542554494,0.0,2.716737389533216e-05,0.9999999999964435
zfp_p_22_TMQ,33,0.9999855864051062,0.9930382728859278,0.0,3.482118494424599e-05,0.9999999999964818
zfp_p_22_TMQ,34,0.9999872001868209,0.9886072522526788,0.0,2.765477319166991e-05,0.9999999999965853
zfp_p_22_TMQ,35,0.9999988568904071,0.9799370676349463,0.0,6.10478945886412e-05,0.9999999999966301
zfp_p_22_TMQ,36,0.9999954917613737,0.9772102884457546,0.0,5.6487006210013565e-05,0.9999999999966666
zfp_p_22_TMQ,37,0.9999985596410823,0.9824313070171046,0.0,3.7009668671980814e-05,0.9999999999967301
zfp_p_22_TMQ,38,0.999998013889609,0.9973963482253656,0.0,2.083606918045115e-05,0.9999999999966693
zfp_p_22_TMQ,39,0.9999994736414237,0.9997002623550938,0.0,2.0029910533466084e-05,0.9999999999966069
zfp_p_22_TMQ,40,0.9999956585393212,0.999993691100367,0.0,1.5540724750488743e-05,0.9999999999962299
zfp_p_22_TMQ,41,0.9999968511049415,1.0,0.0,2.0054335865638403e-05,0.9999999999960966
zfp_p_22_TMQ,42,0.9999953241124548,0.9995179709435429,0.0,2.2406260174777378e-05,0.999999999995936
zfp_p_22_TMQ,43,0.9999914368866628,0.9998505317804564,0.0,1.3656100306755263e-05,0.9999999999961378
zfp_p_22_TMQ,44,0.9999967478717253,0.9946953694443021,0.0,2.5113466897637372e-05,0.9999999999963561
zfp_p_22_TMQ,45,0.9999967441945811,0.9999999976581658,0.0,2.9081011951846785e-05,0.9999999999965009
zfp_p_22_TMQ,46,0.9999952370159995,0.998550067049521,0.0,3.409951820840143e-05,0.9999999999964903
zfp_p_22_TMQ,47,0.999885768522115,0.9786032411436469,0.0,3.0483945669676192e-05,0.9999999999966601
zfp_p_22_TMQ,48,0.9999984102375217,0.9902634765712478,0.0,2.8808776244340534e-05,0.9999999999968663
zfp_p_22_TMQ,49,0.999995423619618,0.9924081416659397,0.0,2.4539509050930074e-05,0.9999999999967298
zfp_p_22_TMQ,50,0.9999886703658792,0.9894589588557939,0.0,1.848819215903054e-05,0.9999999999965572
zfp_p_22_TMQ,51,0.999996202093633,0.9936285109948717,0.0,1.9133950992733158e-05,0.9999999999964992
zfp_p_22_TMQ,52,0.99999789438785,0.9999158496601825,0.0,1.804396361865434e-05,0.9999999999963743
zfp_p_22_TMQ,53,0.9999910500713871,0.9999312768298323,0.0,1.7752967612774155e-05,0.9999999999960912
zfp_p_22_TMQ,54,0.9999747888734449,1.0,0.0,1.851371587888297e-05,0.9999999999961302
zfp_p_22_TMQ,55,0.9999928981585797,0.9951750396552371,0.0,1.5270825310365643e-05,0.9999999999961755
zfp_p_22_TMQ,56,0.9999820379500408,0.9993515014356009,0.0,2.727390314720943e-05,0.9999999999965528
zfp_p_22_TMQ,57,0.9999977128810978,0.9917366172822197,0.0,3.066372030676312e-05,0.9999999999964685
zfp_p_22_TMQ,58,0.9999923722515728,0.9951750396552371,0.0,3.8086205053670835e-05,0.9999999999965948
zfp_p_22_TMQ,59,0.9999980369256498,0.9910222164963391,0.0,2.6578664342574796e-05,0.9999999999967383
zfp_p_24_TMQ,30,0.9999728511014256,0.9987215503290455,0.0,3.6600411914760843e-06,0.9999999999997442
zfp_p_24_TMQ,31,0.9999974075260497,0.9999997599245579,0.0,3.847954677773364e-06,0.9999999999997703
zfp_p_24_TMQ,32,0.9999999428338161,0.9999973599005177,0.0,6.682410174054197e-06,0.9999999999997776
zfp_p_24_TMQ,33,0.9999990319225398,0.9998505317804564,0.0,1.2321522442433176e-05,0.9999999999997797
zfp_p_24_TMQ,34,0.9999966402491065,0.9970967786521834,0.0,6.737975176262839e-06,0.9999999999997901
zfp_p_24_TMQ,35,0.9999996472379304,0.9941803690852933,0.0,1.1958363102463571e-05,0.9999999999997864
zfp_p_24_TMQ,36,0.9999998425418664,0.9886072522526784,0.0,4.605363473288096e-06,0.9999999999997897
zfp_p_24_TMQ,37,0.9999996614382328,0.9956209086649725,0.0,5.904112108338166e-06,0.9999999999997944
zfp_p_24_TMQ,38,0.9999994004373601,0.9999973599005177,0.0,4.4490104473887834e-06,0.999999999999792
zfp_p_24_TMQ,39,0.9999993505955848,0.9999999997887068,0.0,4.705896363292894e-06,0.999999999999785
zfp_p_24_TMQ,40,0.9999997966299436,1.0,0.0,8.30430876149134e-06,0.9999999999997639
zfp_p_24_TMQ,41,0.9999990723359913,1.0,0.0,6.217849430273465e-06,0.9999999999997538
zfp_p_24_TMQ,42,0.9999965097601988,0.9999999997887068,0.0,4.846538713521193e-06,0.9999999999997481
zfp_p_24_TMQ,43,0.9999995938200459,1.0,0.0,3.7869702975296332e-06,0.9999999999997593
zfp_p_24_TMQ,44,0.9999996158734006,0.9999638936820525,0.0,1.2808823283266027e-05,0.9999999999997681
zfp_p_24_TMQ,45,1.0,1.0,0.0,7.740686606740688e-06,0.9999999999997826
zfp_p_24_TMQ,46,0.9999979428420634,0.9999312768298323,0.0,6.385324340699067e-06,0.9999999999997816
zfp_p_24_TMQ,47,0.9999989180759966,0.9867567856551565,0.0,6.068899876778431e-06,0.9999999999997888
zfp_p_24_TMQ,48,0.9999993744114763,0.9924081416659399,0.0,6.352736476046572e-06,0.9999999999998017
zfp_p_24_TMQ,49,0.9999910750401964,0.9930382728859273,0.0,5.241718085425029e-06,0.9999999999997982
zfp_p_24_TMQ,50,0.9999994787890176,0.9924081416659397,0.0,5.533852265205566e-06,0.9999999999997818
zfp_p_24_TMQ,51,0.9999999040624684,0.9992520326665913,0.0,8.396115677017289e-06,0.9999999999997784
zfp_p_24_TMQ,52,0.999998537217251,0.9999999999999992,0.0,4.949718689943544e-06,0.9999999999997682
zfp_p_24_TMQ,53,0.9999983836535741,1.0,0.0,4.8195834824152905e-06,0.9999999999997574
zfp_p_24_TMQ,54,1.0,1.0,0.0,4.223835202273025e-06,0.9999999999997573
zfp_p_24_TMQ,55,0.999999441850781,0.9997463525814778,0.0,5.5397105629070356e-06,0.9999999999997597
zfp_p_24_TMQ,56,0.9999984693394409,0.9999999999995723,0.0,4.730157419638925e-06,0.999999999999784
zfp_p_24_TMQ,57,1.0,0.9824313070171046,0.0,5.979256893038875e-06,0.9999999999997812
zfp_p_24_TMQ,58,0.9999999151346359,0.9994398244777082,0.0,7.511917946742428e-06,0.9999999999997854
zfp_p_24_TMQ,59,0.9999999511792813,0.9951750396552371,0.0,6.053979704638438e-06,0.999999999999793
zfp_p_8_TMQ,45,0.9292662880358583,0.5184935250023505,95.00687210648148,0.46327773187868265,0.9996514615219919
zfp_p_8_TMQ,46,0.9291639025594469,0.7481580701605518,94.88389756944444,0.44010312993938494,0.9996530893067781
zfp_p_8_TMQ,47,0.9209357132340731,0.04863292155529242,95.19856770833334,0.7382280361322037,0.9996727537704095
zfp_p_8_TMQ,48,0.9337029701311275,0.41796957199345697,95.13527199074075,0.3726374271682451,0.9996978269771762
zfp_p_8_TMQ,49,0.927181235026112,0.0004864437222879208,95.01953125,0.4357140581558244,0.9996751974559643
zfp_p_8_TMQ,50,0.9270791755831842,0.39675201344099864,94.93815104166666,0.29449809415884487,0.9996646733519131
zfp_p_8_TMQ,51,0.9282527195552692,0.023238363881929944,95.08644386574075,0.28207019536212846,0.9996487968350667
zfp_p_8_TMQ,52,0.9330374043845405,0.392587650012984,94.80251736111111,0.30588534788988175,0.9996309206207219
zfp_p_8_TMQ,53,0.9233399405323867,0.001659194328246733,94.94538483796296,0.35367456840242845,0.9996238111688502
zfp_p_8_TMQ,54,0.9210135171143783,0.15645444005184383,94.68135127314815,0.23842000531651072,0.9996157070947878
zfp_p_8_TMQ,55,0.9223656981288001,0.29400553302625554,94.99421296296296,0.32666873421529774,0.9996124396847245
zfp_p_8_TMQ,56,0.9293687482677586,0.043321106372004814,94.85677083333334,0.5705306383277102,0.9996540771118352
zfp_p_8_TMQ,57,0.929240364535418,0.3641944510065973,94.91825810185185,0.4872976029405775,0.9996428483452855
zfp_p_8_TMQ,58,0.9284127577679718,0.6681450182188577,95.11176215277779,0.697321766003096,0.99965210499018
zfp_p_8_TMQ,59,0.9250689641301746,0.6681450182188655,95.01772280092592,0.32364361511022227,0.9996767675894075
zfp_p_10_TMQ,45,0.9804458612725055,0.9772102884457546,84.61733217592592,0.11707441294785081,0.9999621781525281
zfp_p_10_TMQ,46,0.9807741729562615,0.8230297369435409,84.99710648148148,0.09705127415231268,0.9999621599843823
zfp_p_10_TMQ,47,0.9771413805369022,0.7284555181470591,84.72222222222221,0.0963139135391817,0.9999647285399954
zfp_p_10_TMQ,48,0.98139960962932,0.8529422001861849,85.05859375,0.11236852975702488,0.9999665429284048
zfp_p_10_TMQ,49,0.979791252469915,0.6580050842503211,85.10561342592592,0.12617075646251444,0.9999649426139107
zfp_p_10_TMQ,50,0.9806856699209788,0.9245357221319895,84.8488136574074,0.11363315687623414,0.9999634690612924
zfp_p_10_TMQ,51,0.9793680940509295,0.8317885095259842,85.07848668981481,0.07331141926826107,0.9999622989567464
zfp_p_10_TMQ,52,0.9830900598334208,0.800472321108578,84.95732060185185,0.09254598811884333,0.9999602916592131
zfp_p_10_TMQ,53,0.9802871945229227,0.7481580701605518,84.66073495370371,0.0814762166753002,0.9999580980989485
zfp_p_10_TMQ,54,0.9790125699644452,0.9152987749598599,84.38585069444444,0.0936911870408388,0.9999582418940303
zfp_p_10_TMQ,55,0.9800328850502867,0.9303730910904605,84.23936631944444,0.06341725446138097,0.9999580737583079
zfp_p_10_TMQ,56,0.9791140299880583,0.8767625538477183,85.09657118055556,0.09845529375824524,0.9999626971500986
zfp_p_10_TMQ,57,0.9815085752481862,0.7723296272755915,85.04774305555556,0.11854307750231734,0.9999606609206696
zfp_p_10_TMQ,58,0.9813756674226597,0.9120937679735266,85.24667245370371,0.11874309856956483,0.9999622043353643
zfp_p_10_TMQ,59,0.978747276704279,0.9463103849596416,84.64445891203704,0.14814177951982635,0.9999648138552757
zfp_p_12_TMQ,45,0.9934856832030756,0.9533820675750028,52.83745659722222,0.024262444802080278,0.9999967221558691
zfp_p_12_TMQ,46,0.9942609752671521,0.9510915100793041,53.68200231481482,0.04928846222932303,0.9999967024866199
zfp_p_12_TMQ,47,0.9936949851031172,0.9726677330357361,53.72178819444444,0.03640021958618489,0.9999968792192991
zfp_p_12_TMQ,48,0.994538601598661,0.9556060350426916,53.336588541666664,0.02495676634329166,0.9999970701944447
zfp_p_12_TMQ,49,0.9933690059548126,0.9463103849596407,54.20102719907407,0.044763338802248406,0.9999969539817645
zfp_p_12_TMQ,50,0.9939511512886783,0.9245357221319873,52.92607060185185,0.01554665421946456,0.9999967562225935
zfp_p_12_TMQ,51,0.9944446638209253,0.9675633003057538,53.72902199074075,0.018175261737328415,0.9999966724725694
zfp_p_12_TMQ,52,0.9951867059512454,0.9824313070171046,53.21903935185185,0.024928023763505988,0.9999965302364716
zfp_p_12_TMQ,53,0.9940806426494964,0.9618800534103945,53.88093171296296,0.025085612972692902,0.999996399108317
zfp_p_12_TMQ,54,0.9939742877094817,0.9726677330357373,52.05078125,0.01818451397615437,0.9999964515946048
zfp_p_12_TMQ,55,0.9944021857846725,0.9824313070171046,52.35098379629629,0.023332137866477563,0.999996415127011
zfp_p_12_TMQ,56,0.9935240881864589,0.9847014623545814,52.73980034722222,0.02663219795150952,0.9999967703372812
zfp_p_12_TMQ,57,0.9942655996789623,0.9799370676349463,53.51924189814815,0.025189576132459642,0.999996667175272
zfp_p_12_TMQ,58,0.9948264579957303,0.9245357221319885,53.57530381944444,0.026830863773101434,0.9999967576630591
zfp_p_12_TMQ,59,0.993225712627499,0.9835938348049789,53.334780092592595,0.0219321988125665,0.9999969136448619
zfp_p_14_TMQ,45,0.9985014487455448,0.9675633003057538,3.842954282407408,0.005943844639960016,0.9999997735882634
zfp_p_14_TMQ,46,0.9984693355902529,0.9772102884457546,3.9243344907407405,0.014848473016858649,0.9999997739241625
zfp_p_14_TMQ,47,0.9982957368780406,0.9877069765571566,3.9876302083333335,0.006418001220333989,0.9999997834254808
zfp_p_14_TMQ,48,0.9983749683701237,0.9824313070171043,3.982204861111111,0.006521590763117599,0.9999997954936122
zfp_p_14_TMQ,49,0.9980621678923013,0.9835938348049793,4.065393518518518,0.006628714669093585,0.9999997876659413
zfp_p_14_TMQ,50,0.9984882442520762,0.9598548012979845,3.806785300925926,0.0058787714691024805,0.9999997747991055
zfp_p_14_TMQ,51,0.9982678912152569,0.9710296241390252,3.830295138888889,0.006188942259197426,0.9999997695364314
zfp_p_14_TMQ,52,0.9985356508944638,0.9902634765712478,3.738064236111111,0.00590450835903921,0.999999762416721
zfp_p_14_TMQ,53,0.9984430353280253,0.9693283558452833,3.9514612268518516,0.0059718796842896,0.9999997451083289
zfp_p_14_TMQ,54,0.9975713127877618,0.9757572870242877,3.5608362268518516,0.00591703137071402,0.9999997498271448
zfp_p_14_TMQ,55,0.9982838648177826,0.951091510079305,3.625940393518518,0.008062735107890297,0.9999997486038231
zfp_p_14_TMQ,56,0.9983065823312275,0.9675633003057565,3.5716869212962967,0.005433449722891377,0.9999997774851023
zfp_p_14_TMQ,57,0.998508874289494,0.9510915100793077,3.794126157407408,0.00914398953043789,0.9999997684584018
zfp_p_14_TMQ,58,0.9983970014795452,0.9799370676349463,3.956886574074074,0.01123541328069369,0.9999997741335923
zfp_p_14_TMQ,59,0.9978043009146456,0.9533820675750037,3.842954282407408,0.008125719453546143,0.9999997839628914
zfp_p_16_TMQ,45,0.9995864712063507,0.9847014623545798,0.014467592592592591,0.0015628013971916532,0.9999999859177721
zfp_p_16_TMQ,46,0.9994802380239507,0.9847014623545794,0.025318287037037035,0.0013722654679753318,0.9999999858797385
zfp_p_16_TMQ,47,0.9993368500284935,0.9742433711279854,0.012659143518518517,0.0013713346634475416,0.9999999863370684
zfp_p_16_TMQ,48,0.9995443191445981,0.9857553705707913,0.019892939814814815,0.0014415222953828805,0.9999999871818213
zfp_p_16_TMQ,49,0.9995086560431327,0.9710296241390252,0.02350983796296296,0.0013395353507314927,0.999999986768369
zfp_p_16_TMQ,50,0.9996090235400671,0.9824313070171041,0.010850694444444444,0.0012620221900138636,0.9999999857690814
zfp_p_16_TMQ,51,0.9995429495993576,0.99102221649634,0.005425347222222222,0.0017133583388947418,0.9999999855622732
zfp_p_16_TMQ,52,0.9997724134852568,0.987706976557157,0.005425347222222222,0.001358037907194817,0.9999999849021185
zfp_p_16_TMQ,53,0.9995673936972452,0.9726677330357361,0.0036168981481481477,0.0011594646441356125,0.9999999838754147
zfp_p_16_TMQ,54,0.9994766276890792,0.978603241143648,0.0018084490740740739,0.000884464752752784,0.9999999841696111
zfp_p_16_TMQ,55,0.9995616388595063,0.9867567856551565,0.0036168981481481477,0.0007919433681444733,0.9999999842915666
zfp_p_16_TMQ,56,0.9994901889873491,0.9867567856551565,0.010850694444444444,0.0012899348191945485,0.9999999860732122
zfp_p_16_TMQ,57,0.9993692788695742,0.9675633003057538,0.012659143518518517,0.0022429256670144634,0.9999999856157998
zfp_p_16_TMQ,58,0.9996468691577524,0.9894589588557943,0.016276041666666664,0.0025251185918015837,0.9999999858337084
zfp_p_16_TMQ,59,0.9995606671540775,0.9824313070171046,0.01808449074074074,0.0024025283265499925,0.9999999865566708
zfp_p_18_TMQ,45,0.9999117751288848,0.9956209086649728,0.0,0.0003561688119913232,0.9999999991112551
zfp_p_18_TMQ,46,0.9998202258952633,0.9598548012979854,0.0,0.000503307133188919,0.9999999991137735
zfp_p_18_TMQ,47,0.9997142398172432,0.9835938348049789,0.0,0.000517375805119635,0.9999999991484846
zfp_p_18_TMQ,48,0.9999458231203381,0.9902634765712478,0.0,0.0005502728669465078,0.9999999991994089
zfp_p_18_TMQ,49,0.9999068159411537,0.9910222164963391,0.0,0.0007069072849335756,0.9999999991691984
zfp_p_18_TMQ,50,0.9993485003776622,0.9799370676349443,0.0,0.00033154204159644785,0.999999999107439
zfp_p_18_TMQ,51,0.9998301474968082,0.9824313070171046,0.0,0.0003556317739084116,0.999999999097623
zfp_p_18_TMQ,52,0.9999228842754448,0.9936285109948717,0.0,0.0003520869914177602,0.9999999990595886
zfp_p_18_TMQ,53,0.9999029746894532,0.9917366172822193,0.0,0.00038628016675664947,0.9999999990010836
zfp_p_18_TMQ,54,0.9999122660492877,0.9979224623601161,0.0,0.00023496049557275635,0.999999999001327
zfp_p_18_TMQ,55,0.9999121903287809,0.9917366172822194,0.0,0.0003642965793133488,0.9999999990092566
zfp_p_18_TMQ,56,0.9999342644130564,0.9799370676349483,0.0,0.000273227831646997,0.9999999991234791
zfp_p_18_TMQ,57,0.9998079256009507,0.9867567856551569,0.0,0.0005442559527323903,0.999999999095008
zfp_p_18_TMQ,58,0.9998905053973735,0.961880053410396,0.0,0.0003913209291135454,0.9999999991159384
zfp_p_18_TMQ,59,0.9998801066267728,0.9835938348049789,0.0,0.00030491095468428267,0.9999999991650268
zfp_p_20_TMQ,45,0.9999621228586135,0.998550067049521,0.0,0.0001629900405547395,0.9999999999449314
zfp_p_20_TMQ,46,0.9999672071792467,0.9857553705707909,0.0,7.761047240800477e-05,0.9999999999442039
zfp_p_20_TMQ,47,0.9999544764205675,0.9742433711279854,0.0,7.150973632138664e-05,0.9999999999468205
zfp_p_20_TMQ,48,0.9999439996621288,0.979937067634946,0.0,7.893655357884888e-05,0.9999999999496743
zfp_p_20_TMQ,49,0.9999607157818987,0.9857553705707909,0.0,0.00012846006149319855,0.9999999999480362
zfp_p_20_TMQ,50,0.9999862381068998,0.9886072522526788,0.0,8.036856735170187e-05,0.9999999999444812
zfp_p_20_TMQ,51,0.9999590354289624,0.9857553705707921,0.0,0.00010509424947352911,0.999999999944191
zfp_p_20_TMQ,52,0.9999863550763599,0.9987215503290459,0.0,7.287253499021897e-05,0.9999999999407769
zfp_p_20_TMQ,53,0.9999560475413911,0.997922462360116,0.0,7.753877890648682e-05,0.9999999999376133
zfp_p_20_TMQ,54,0.9999596060940356,0.9999996496158239,0.0,6.160002622699422e-05,0.9999999999381173
zfp_p_20_TMQ,55,0.9999846078695895,0.9941803690852931,0.0,6.0691522332419266e-05,0.9999999999386938
zfp_p_20_TMQ,56,0.9999706161311728,0.9857553705707905,0.0,8.617984045827938e-05,0.9999999999454886
zfp_p_20_TMQ,57,0.9999654628575708,0.99102221649634,0.0,8.840281373527147e-05,0.9999999999435102
zfp_p_20_TMQ,58,0.9999937944759145,0.9757572870242889,0.0,9.766026474431485e-05,0.9999999999459617
zfp_p_20_TMQ,59,0.9999162466290625,0.9867567856551565,0.0,0.00012861880981812266,0.9999999999468436
zfp_p_22_TMQ,45,0.9999967441945811,0.9999999976581658,0.0,2.9081011951846785e-05,0.9999999999965009
zfp_p_22_TMQ,46,0.9999952370159995,0.998550067049521,0.0,3.409951820840143e-05,0.9999999999964903
zfp_p_22_TMQ,47,0.999885768522115,0.9786032411436469,0.0,3.0483945669676192e-05,0.9999999999966601
zfp_p_22_TMQ,48,0.9999984102375217,0.9902634765712478,0.0,2.8808776244340534e-05,0.9999999999968663
zfp_p_22_TMQ,49,0.999995423619618,0.9924081416659397,0.0,2.4539509050930074e-05,0.9999999999967298
zfp_p_22_TMQ,50,0.9999886703658792,0.9894589588557939,0.0,1.848819215903054e-05,0.9999999999965572
zfp_p_22_TMQ,51,0.999996202093633,0.9936285109948717,0.0,1.9133950992733158e-05,0.9999999999964992
zfp_p_22_TMQ,52,0.99999789438785,0.9999158496601825,0.0,1.804396361865434e-05,0.9999999999963743
zfp_p_22_TMQ,53,0.9999910500713871,0.9999312768298323,0.0,1.7752967612774155e-05,0.9999999999960912
zfp_p_22_TMQ,54,0.9999747888734449,1.0,0.0,1.851371587888297e-05,0.9999999999961302
zfp_p_22_TMQ,55,0.9999928981585797,0.9951750396552371,0.0,1.5270825310365643e-05,0.9999999999961755
zfp_p_22_TMQ,56,0.9999820379500408,0.9993515014356009,0.0,2.727390314720943e-05,0.9999999999965528
zfp_p_22_TMQ,57,0.9999977128810978,0.9917366172822197,0.0,3.066372030676312e-05,0.9999999999964685
zfp_p_22_TMQ,58,0.9999923722515728,0.9951750396552371,0.0,3.8086205053670835e-05,0.9999999999965948
zfp_p_22_TMQ,59,0.9999980369256498,0.9910222164963391,0.0,2.6578664342574796e-05,0.9999999999967383
zfp_p_24_TMQ,45,1.0,1.0,0.0,7.740686606740688e-06,0.9999999999997826
zfp_p_24_TMQ,46,0.9999979428420634,0.9999312768298323,0.0,6.385324340699067e-06,0.9999999999997816
zfp_p_24_TMQ,47,0.9999989180759966,0.9867567856551565,0.0,6.068899876778431e-06,0.9999999999997888
zfp_p_24_TMQ,48,0.9999993744114763,0.9924081416659399,0.0,6.352736476046572e-06,0.9999999999998017
zfp_p_24_TMQ,49,0.9999910750401964,0.9930382728859273,0.0,5.241718085425029e-06,0.9999999999997982
zfp_p_24_TMQ,50,0.9999994787890176,0.9924081416659397,0.0,5.533852265205566e-06,0.9999999999997818
zfp_p_24_TMQ,51,0.9999999040624684,0.9992520326665913,0.0,8.396115677017289e-06,0.9999999999997784
zfp_p_24_TMQ,52,0.999998537217251,0.9999999999999992,0.0,4.949718689943544e-06,0.9999999999997682
zfp_p_24_TMQ,53,0.9999983836535741,1.0,0.0,4.8195834824152905e-06,0.9999999999997574
zfp_p_24_TMQ,54,1.0,1.0,0.0,4.223835202273025e-06,0.9999999999997573
zfp_p_24_TMQ,55,0.999999441850781,0.9997463525814778,0.0,5.5397105629070356e-06,0.9999999999997597
zfp_p_24_TMQ,56,0.9999984693394409,0.9999999999995723,0.0,4.730157419638925e-06,0.999999999999784
zfp_p_24_TMQ,57,1.0,0.9824313070171046,0.0,5.979256893038875e-06,0.9999999999997812
zfp_p_24_TMQ,58,0.9999999151346359,0.9994398244777082,0.0,7.511917946742428e-06,0.9999999999997854
zfp_p_24_TMQ,59,0.9999999511792813,0.9951750396552371,0.0,6.053979704638438e-06,0.999999999999793
